t,rx_packets,tx_packets,rx_silent_s,state,tec,rec,restarted,bus_errors,arbit_lost,error_warn,error_pass,bus_off
1788435114.2854116,4148536,1970369,0.0,ERROR-ACTIVE,0,0,0,0,0,5,5,0
1788435114.2916105,4148556,1970383,0.0,ERROR-ACTIVE,0,0,0,0,0,5,5,0
1788435114.3016515,4148568,1970397,0.0,ERROR-ACTIVE,0,0,0,0,0,5,5,0
1788435114.311634,4148581,1970408,0.0,ERROR-ACTIVE,0,0,0,0,0,5,5,0
1788435114.321724,4148596,1970417,0.0,ERROR-ACTIVE,0,0,0,0,0,5,5,0
1788435114.3316288,4148615,1970429,0.0,ERROR-ACTIVE,0,0,0,0,0,5,5,0
1788435114.3417177,4148649,1970436,0.0,ERROR-ACTIVE,0,0,0,0,0,5,5,0
1788435114.3517895,4148677,1970451,0.0,ERROR-ACTIVE,0,0,0,0,0,5,5,0
1788435114.3616712,4148708,1970460,0.0,ERROR-ACTIVE,0,0,0,0,0,5,5,0
1788435114.3716362,4148732,1970474,0.0,ERROR-ACTIVE,0,0,0,0,0,5,5,0
1788435114.3816197,4148761,1970486,0.0,ERROR-ACTIVE,0,0,0,0,0,5,5,0
1788435114.3916554,4148793,1970502,0.0,ERROR-ACTIVE,0,0,0,0,0,5,5,0
1788435114.401665,4148816,1970510,0.0,ERROR-ACTIVE,0,0,0,0,0,5,5,0
1788435114.4116173,4148832,1970515,0.0,ERROR-ACTIVE,0,0,0,0,0,5,5,0
1788435114.4216359,4148848,1970530,0.0,ERROR-ACTIVE,0,0,0,0,0,5,5,0
1788435114.4316063,4148869,1970538,0.0,ERROR-ACTIVE,0,0,0,0,0,5,5,0
1788435114.4416983,4148900,1970551,0.0,ERROR-ACTIVE,0,0,0,0,0,5,5,0
1788435114.4516542,4148932,1970561,0.0,ERROR-ACTIVE,0,0,0,0,0,5,5,0
1788435114.461583,4148959,1970579,0.0,ERROR-ACTIVE,0,0,0,0,0,5,5,0
1788435114.4716027,4148971,1970586,0.0,ERROR-ACTIVE,0,0,0,0,0,5,5,0
1788435114.48159,4148984,1970600,0.0,ERROR-ACTIVE,0,0,0,0,0,5,5,0
1788435114.491879,4149002,1970611,0.0,ERROR-ACTIVE,0,0,0,0,0,5,5,0
1788435114.5016108,4149015,1970627,0.0,ERROR-ACTIVE,0,0,0,0,0,5,5,0
1788435114.5115957,4149030,1970641,0.0,ERROR-ACTIVE,0,0,0,0,0,5,5,0
1788435114.5215952,4149050,1970650,0.0,ERROR-ACTIVE,0,0,0,0,0,5,5,0
1788435114.531619,4149062,1970656,0.0,ERROR-ACTIVE,0,0,0,0,0,5,5,0
1788435114.5415895,4149078,1970671,0.0,ERROR-ACTIVE,0,0,0,0,0,5,5,0
1788435114.5515974,4149090,1970691,0.0,ERROR-ACTIVE,0,0,0,0,0,5,5,0
1788435114.5616148,4149105,1970701,0.0,ERROR-ACTIVE,0,0,0,0,0,5,5,0
1788435114.5716286,4149120,1970713,0.0,ERROR-ACTIVE,0,0,0,0,0,5,5,0
1788435114.5816004,4149135,1970733,0.0,ERROR-ACTIVE,0,0,0,0,0,5,5,0
1788435114.591596,4149158,1970743,0.0,ERROR-ACTIVE,0,0,0,0,0,5,5,0
1788435114.6016023,4149191,1970756,0.0,ERROR-ACTIVE,0,0,0,0,0,5,5,0
1788435114.611595,4149220,1970775,0.0,ERROR-ACTIVE,0,0,0,0,0,5,5,0
1788435114.6215973,4149252,1970789,0.0,ERROR-ACTIVE,0,0,0,0,0,5,5,0
1788435114.631601,4149280,1970795,0.0,ERROR-ACTIVE,0,0,0,0,0,5,5,0
1788435114.641591,4149315,1970808,0.0,ERROR-ACTIVE,0,0,0,0,0,5,5,0
1788435114.6515944,4149346,1970824,0.0,ERROR-ACTIVE,0,0,0,0,0,5,5,0
1788435114.6616023,4149376,1970831,0.0,ERROR-ACTIVE,0,0,0,0,0,5,5,0
1788435114.671592,4149393,1970848,0.0,ERROR-ACTIVE,0,0,0,0,0,5,5,0
1788435114.6815774,4149417,1970866,0.0,ERROR-ACTIVE,0,0,0,0,0,5,5,0
1788435114.6916072,4149433,1970873,0.0,ERROR-ACTIVE,0,0,0,0,0,5,5,0
1788435114.7015913,4149448,1970887,0.0,ERROR-ACTIVE,0,0,0,0,0,5,5,0
1788435114.711588,4149468,1970892,0.0,ERROR-ACTIVE,0,0,0,0,0,5,5,0
1788435114.721597,4149502,1970908,0.0,ERROR-ACTIVE,0,0,0,0,0,5,5,0
1788435114.7315993,4149528,1970913,0.0,ERROR-ACTIVE,0,0,0,0,0,5,5,0
1788435114.7415957,4149539,1970929,0.0,ERROR-ACTIVE,0,0,0,0,0,5,5,0
1788435114.7515745,4149567,1970938,0.0,ERROR-ACTIVE,0,0,0,0,0,5,5,0
1788435114.7615983,4149596,1970948,0.0,ERROR-ACTIVE,0,0,0,0,0,5,5,0
1788435114.771622,4149603,1970964,0.0,ERROR-ACTIVE,0,0,0,0,0,5,5,0
1788435114.7875254,4149619,1970978,0.0,ERROR-ACTIVE,0,0,0,0,0,5,5,0
1788435114.791581,4149630,1970992,0.0,ERROR-ACTIVE,0,0,0,0,0,5,5,0
1788435114.8016167,4149641,1971004,0.0,ERROR-ACTIVE,0,0,0,0,0,5,5,0
1788435114.8116038,4149658,1971020,0.0,ERROR-ACTIVE,0,0,0,0,0,5,5,0
1788435114.8216305,4149673,1971034,0.0,ERROR-ACTIVE,0,0,0,0,0,5,5,0
1788435114.8315911,4149687,1971046,0.0,ERROR-ACTIVE,0,0,0,0,0,5,5,0
1788435114.8415945,4149702,1971058,0.0,ERROR-ACTIVE,0,0,0,0,0,5,5,0
1788435114.8516016,4149713,1971076,0.0,ERROR-ACTIVE,0,0,0,0,0,5,5,0
1788435114.861593,4149731,1971090,0.0,ERROR-ACTIVE,0,0,0,0,0,5,5,0
1788435114.8716187,4149743,1971100,0.0,ERROR-ACTIVE,0,0,0,0,0,5,5,0
1788435114.8815992,4149758,1971118,0.0,ERROR-ACTIVE,0,0,0,0,0,5,5,0
1788435114.8915944,4149773,1971125,0.0,ERROR-ACTIVE,0,0,0,0,0,5,5,0
1788435114.901604,4149793,1971137,0.0,ERROR-ACTIVE,0,0,0,0,0,5,5,0
1788435114.9115932,4149820,1971149,0.0,ERROR-ACTIVE,0,0,0,0,0,5,5,0
1788435114.9215946,4149846,1971160,0.0,ERROR-ACTIVE,0,0,0,0,0,5,5,0
1788435114.9316144,4149873,1971172,0.0,ERROR-ACTIVE,0,0,0,0,0,5,5,0
1788435114.9415965,4149895,1971188,0.0,ERROR-ACTIVE,0,0,0,0,0,5,5,0
1788435114.9516215,4149917,1971192,0.0,ERROR-ACTIVE,0,0,0,0,0,5,5,0
1788435114.9616008,4149939,1971206,0.0,ERROR-ACTIVE,0,0,0,0,0,5,5,0
1788435114.971603,4149965,1971221,0.0,ERROR-ACTIVE,0,0,0,0,0,5,5,0
1788435114.9816003,4149991,1971237,0.0,ERROR-ACTIVE,0,0,0,0,0,5,5,0
1788435114.991592,4150024,1971242,0.0,ERROR-ACTIVE,0,0,0,0,0,5,5,0
1788435115.0016012,4150049,1971258,0.0,ERROR-ACTIVE,0,0,0,0,0,5,5,0
1788435115.011604,4150065,1971267,0.0,ERROR-ACTIVE,0,0,0,0,0,5,5,0
1788435115.0216007,4150088,1971279,0.0,ERROR-ACTIVE,0,0,0,0,0,5,5,0
1788435115.0315802,4150112,1971293,0.0,ERROR-ACTIVE,0,0,0,0,0,5,5,0
1788435115.041622,4150138,1971301,0.0,ERROR-ACTIVE,0,0,0,0,0,5,5,0
1788435115.051604,4150167,1971316,0.0,ERROR-ACTIVE,0,0,0,0,0,5,5,0
1788435115.061586,4150195,1971335,0.0,ERROR-ACTIVE,0,0,0,0,0,5,5,0
1788435115.0717347,4150222,1971346,0.0,ERROR-ACTIVE,0,0,0,0,0,5,5,0
1788435115.081604,4150252,1971357,0.0,ERROR-ACTIVE,0,0,0,0,0,5,5,0
1788435115.0915885,4150267,1971377,0.0,ERROR-ACTIVE,0,0,0,0,0,5,5,0
1788435115.1019561,4150292,1971387,0.0,ERROR-ACTIVE,0,0,0,0,0,5,5,0
1788435115.1116004,4150318,1971396,0.0,ERROR-ACTIVE,0,0,0,0,0,5,5,0
1788435115.121543,4150335,1971412,0.0,ERROR-ACTIVE,0,0,0,0,0,5,5,0
1788435115.1315947,4150350,1971421,0.0,ERROR-ACTIVE,0,0,0,0,0,5,5,0
1788435115.1415894,4150366,1971429,0.0,ERROR-ACTIVE,0,0,0,0,0,5,5,0
1788435115.1515436,4150382,1971447,0.0,ERROR-ACTIVE,0,0,0,0,0,5,5,0
1788435115.1615286,4150396,1971462,0.0,ERROR-ACTIVE,0,0,0,0,0,5,5,0
1788435115.1716073,4150409,1971475,0.0,ERROR-ACTIVE,0,0,0,0,0,5,5,0
1788435115.181601,4150428,1971485,0.0,ERROR-ACTIVE,0,0,0,0,0,5,5,0
1788435115.1915834,4150440,1971491,0.0,ERROR-ACTIVE,0,0,0,0,0,5,5,0
1788435115.2015884,4150456,1971503,0.0,ERROR-ACTIVE,0,0,0,0,0,5,5,0
1788435115.2115955,4150478,1971506,0.0,ERROR-ACTIVE,0,0,0,0,0,5,5,0
1788435115.221534,4150492,1971521,0.0,ERROR-ACTIVE,0,0,0,0,0,5,5,0
1788435115.2315748,4150510,1971538,0.0,ERROR-ACTIVE,0,0,0,0,0,5,5,0
1788435115.2415981,4150540,1971541,0.0,ERROR-ACTIVE,0,0,0,0,0,5,5,0
1788435115.2515948,4150570,1971559,0.0,ERROR-ACTIVE,0,0,0,0,0,5,5,0
1788435115.2616034,4150598,1971569,0.0,ERROR-ACTIVE,0,0,0,0,0,5,5,0
1788435115.2716014,4150628,1971587,0.0,ERROR-ACTIVE,0,0,0,0,0,5,5,0
1788435115.2855902,4150656,1971601,0.0,ERROR-ACTIVE,0,0,0,0,0,5,5,0
1788435115.291574,4150686,1971615,0.0,ERROR-ACTIVE,0,0,0,0,0,5,5,0
1788435115.3016245,4150698,1971622,0.0,ERROR-ACTIVE,0,0,0,0,0,5,5,0
1788435115.3116045,4150734,1971633,0.0,ERROR-ACTIVE,0,0,0,0,0,5,5,0
1788435115.3216329,4150761,1971650,0.0,ERROR-ACTIVE,0,0,0,0,0,5,5,0
1788435115.3315628,4150788,1971661,0.0,ERROR-ACTIVE,0,0,0,0,0,5,5,0
1788435115.3415933,4150810,1971677,0.0,ERROR-ACTIVE,0,0,0,0,0,5,5,0
1788435115.3515453,4150823,1971692,0.0,ERROR-ACTIVE,0,0,0,0,0,5,5,0
1788435115.3615656,4150834,1971706,0.0,ERROR-ACTIVE,0,0,0,0,0,5,5,0
1788435115.3716347,4150854,1971720,0.0,ERROR-ACTIVE,0,0,0,0,0,5,5,0
1788435115.3816924,4150868,1971726,0.0,ERROR-ACTIVE,0,0,0,0,0,5,5,0
1788435115.3916345,4150884,1971733,0.0,ERROR-ACTIVE,0,0,0,0,0,5,5,0
1788435115.4016366,4150902,1971748,0.0,ERROR-ACTIVE,0,0,0,0,0,5,5,0
1788435115.411663,4150919,1971757,0.0,ERROR-ACTIVE,0,0,0,0,0,5,5,0
1788435115.4215448,4150934,1971759,0.0,ERROR-ACTIVE,0,0,0,0,0,5,5,0
1788435115.4316618,4150947,1971776,0.0,ERROR-ACTIVE,0,0,0,0,0,5,5,0
1788435115.4415896,4150963,1971786,0.0,ERROR-ACTIVE,0,0,0,0,0,5,5,0
1788435115.4516153,4150977,1971802,0.0,ERROR-ACTIVE,0,0,0,0,0,5,5,0
1788435115.4616802,4150986,1971818,0.0,ERROR-ACTIVE,0,0,0,0,0,5,5,0
1788435115.4715805,4151003,1971823,0.0,ERROR-ACTIVE,0,0,0,0,0,5,5,0
1788435115.4816165,4151014,1971837,0.0,ERROR-ACTIVE,0,0,0,0,0,5,5,0
1788435115.4915586,4151030,1971846,0.0,ERROR-ACTIVE,0,0,0,0,0,5,5,0
1788435115.5016131,4151045,1971859,0.0,ERROR-ACTIVE,0,0,0,0,0,5,5,0
1788435115.5115478,4151059,1971871,0.0,ERROR-ACTIVE,0,0,0,0,0,5,5,0
1788435115.521554,4151074,1971886,0.0,ERROR-ACTIVE,0,0,0,0,0,5,5,0
1788435115.5316353,4151096,1971896,0.0,ERROR-ACTIVE,0,0,0,0,0,5,5,0
1788435115.541541,4151111,1971904,0.0,ERROR-ACTIVE,0,0,0,0,0,5,5,0
1788435115.5516047,4151120,1971920,0.0,ERROR-ACTIVE,0,0,0,0,0,5,5,0
1788435115.5615401,4151136,1971934,0.0,ERROR-ACTIVE,0,0,0,0,0,5,5,0
1788435115.571623,4151150,1971938,0.0,ERROR-ACTIVE,0,0,0,0,0,5,5,0
1788435115.5816412,4151165,1971953,0.0,ERROR-ACTIVE,0,0,0,0,0,5,5,0
1788435115.5915916,4151187,1971962,0.0,ERROR-ACTIVE,0,0,0,0,0,5,5,0
1788435115.6016185,4151200,1971979,0.0,ERROR-ACTIVE,0,0,0,0,0,5,5,0
1788435115.6116393,4151213,1971992,0.0,ERROR-ACTIVE,0,0,0,0,0,5,5,0
1788435115.6215382,4151232,1972007,0.0,ERROR-ACTIVE,0,0,0,0,0,5,5,0
1788435115.6316764,4151244,1972015,0.0,ERROR-ACTIVE,0,0,0,0,0,5,5,0
1788435115.6416655,4151256,1972026,0.0,ERROR-ACTIVE,0,0,0,0,0,5,5,0
1788435115.6516063,4151274,1972042,0.0,ERROR-ACTIVE,0,0,0,0,0,5,5,0
1788435115.6616588,4151306,1972052,0.0,ERROR-ACTIVE,0,0,0,0,0,5,5,0
1788435115.671667,4151336,1972060,0.0,ERROR-ACTIVE,0,0,0,0,0,5,5,0
1788435115.6816325,4151356,1972074,0.0,ERROR-ACTIVE,0,0,0,0,0,5,5,0
1788435115.6916087,4151385,1972091,0.0,ERROR-ACTIVE,0,0,0,0,0,5,5,0
1788435115.701609,4151413,1972102,0.0,ERROR-ACTIVE,0,0,0,0,0,5,5,0
1788435115.7115521,4151442,1972119,0.0,ERROR-ACTIVE,0,0,0,0,0,5,5,0
1788435115.7216585,4151470,1972129,0.0,ERROR-ACTIVE,0,0,0,0,0,5,5,0
1788435115.7316277,4151497,1972146,0.0,ERROR-ACTIVE,0,0,0,0,0,5,5,0
1788435115.7416332,4151525,1972154,0.0,ERROR-ACTIVE,0,0,0,0,0,5,5,0
1788435115.7517095,4151549,1972166,0.0,ERROR-ACTIVE,0,0,0,0,0,5,5,0
1788435115.761669,4151579,1972182,0.0,ERROR-ACTIVE,0,0,0,0,0,5,5,0
1788435115.7716136,4151611,1972196,0.0,ERROR-ACTIVE,0,0,0,0,0,5,5,0
1788435115.7884188,4151646,1972205,0.0,ERROR-ACTIVE,0,0,0,0,0,5,5,0
1788435115.7915812,4151681,1972217,0.0,ERROR-ACTIVE,0,0,0,0,0,5,5,0
1788435115.801626,4151710,1972231,0.0,ERROR-ACTIVE,0,0,0,0,0,5,5,0
1788435115.8116896,4151735,1972238,0.0,ERROR-ACTIVE,0,0,0,0,0,5,5,0
1788435115.8216023,4151763,1972252,0.0,ERROR-ACTIVE,0,0,0,0,0,5,5,0
1788435115.831628,4151789,1972266,0.0,ERROR-ACTIVE,0,0,0,0,0,5,5,0
1788435115.8415768,4151820,1972273,0.0,ERROR-ACTIVE,0,0,0,0,0,5,5,0
1788435115.8516421,4151848,1972286,0.0,ERROR-ACTIVE,0,0,0,0,0,5,5,0
1788435115.8617387,4151885,1972298,0.0,ERROR-ACTIVE,0,0,0,0,0,5,5,0
1788435115.8715637,4151914,1972315,0.0,ERROR-ACTIVE,0,0,0,0,0,5,5,0
1788435115.882434,4151949,1972318,0.0,ERROR-ACTIVE,0,0,0,0,0,5,5,0
1788435115.8914983,4151976,1972332,0.0,ERROR-ACTIVE,0,0,0,0,0,5,5,0
1788435115.901681,4152001,1972350,0.0,ERROR-ACTIVE,0,0,0,0,0,5,5,0
1788435115.9115062,4152024,1972364,0.0,ERROR-ACTIVE,0,0,0,0,0,5,5,0
1788435115.92172,4152056,1972374,0.0,ERROR-ACTIVE,0,0,0,0,0,5,5,0
1788435115.9317713,4152087,1972387,0.0,ERROR-ACTIVE,0,0,0,0,0,5,5,0
1788435115.9416957,4152102,1972399,0.0,ERROR-ACTIVE,0,0,0,0,0,5,5,0
1788435115.95165,4152116,1972413,0.0,ERROR-ACTIVE,0,0,0,0,0,5,5,0
1788435115.9618256,4152130,1972421,0.0,ERROR-ACTIVE,0,0,0,0,0,5,5,0
1788435115.9717174,4152143,1972429,0.0,ERROR-ACTIVE,0,0,0,0,0,5,5,0
1788435115.9817302,4152158,1972440,0.0,ERROR-ACTIVE,0,0,0,0,0,5,5,0
1788435115.9916067,4152177,1972455,0.0,ERROR-ACTIVE,0,0,0,0,0,5,5,0
1788435116.0015745,4152192,1972457,0.0,ERROR-ACTIVE,0,0,0,0,0,5,5,0
1788435116.0115972,4152207,1972471,0.0,ERROR-ACTIVE,0,0,0,0,0,5,5,0
1788435116.0216513,4152223,1972490,0.0,ERROR-ACTIVE,0,0,0,0,0,5,5,0
1788435116.0316339,4152233,1972498,0.0,ERROR-ACTIVE,0,0,0,0,0,5,5,0
1788435116.0416265,4152249,1972507,0.0,ERROR-ACTIVE,0,0,0,0,0,5,5,0
1788435116.0516188,4152268,1972525,0.0,ERROR-ACTIVE,0,0,0,0,0,5,5,0
1788435116.0615985,4152283,1972539,0.0,ERROR-ACTIVE,0,0,0,0,0,5,5,0
1788435116.071699,4152297,1972550,0.0,ERROR-ACTIVE,0,0,0,0,0,5,5,0
1788435116.0815446,4152308,1972563,0.0,ERROR-ACTIVE,0,0,0,0,0,5,5,0
1788435116.0916111,4152326,1972581,0.0,ERROR-ACTIVE,0,0,0,0,0,5,5,0
1788435116.1016407,4152340,1972589,0.0,ERROR-ACTIVE,0,0,0,0,0,5,5,0
1788435116.1116147,4152356,1972609,0.0,ERROR-ACTIVE,0,0,0,0,0,5,5,0
1788435116.1216931,4152371,1972623,0.0,ERROR-ACTIVE,0,0,0,0,0,5,5,0
1788435116.1317797,4152389,1972624,0.0,ERROR-ACTIVE,0,0,0,0,0,5,5,0
1788435116.1416802,4152402,1972637,0.0,ERROR-ACTIVE,0,0,0,0,0,5,5,0
1788435116.1516392,4152415,1972651,0.0,ERROR-ACTIVE,0,0,0,0,0,5,5,0
1788435116.1616144,4152426,1972664,0.0,ERROR-ACTIVE,0,0,0,0,0,5,5,0
1788435116.1716876,4152439,1972673,0.0,ERROR-ACTIVE,0,0,0,0,0,5,5,0
1788435116.1816137,4152460,1972693,0.0,ERROR-ACTIVE,0,0,0,0,0,5,5,0
1788435116.1916647,4152474,1972696,0.0,ERROR-ACTIVE,0,0,0,0,0,5,5,0
1788435116.2015808,4152489,1972707,0.0,ERROR-ACTIVE,0,0,0,0,0,5,5,0
1788435116.2116582,4152505,1972721,0.0,ERROR-ACTIVE,0,0,0,0,0,5,5,0
1788435116.2216566,4152523,1972735,0.0,ERROR-ACTIVE,0,0,0,0,0,5,5,0
1788435116.2316992,4152538,1972745,0.0,ERROR-ACTIVE,0,0,0,0,0,5,5,0
1788435116.241665,4152553,1972762,0.0,ERROR-ACTIVE,0,0,0,0,0,5,5,0
1788435116.251667,4152569,1972772,0.0,ERROR-ACTIVE,0,0,0,0,0,5,5,0
1788435116.261627,4152584,1972790,0.0,ERROR-ACTIVE,0,0,0,0,0,5,5,0
1788435116.271617,4152599,1972805,0.0,ERROR-ACTIVE,0,0,0,0,0,5,5,0
1788435116.28162,4152614,1972819,0.0,ERROR-ACTIVE,0,0,0,0,0,5,5,0
1788435116.2990837,4152627,1972833,0.0,ERROR-ACTIVE,0,0,0,0,0,5,5,0
1788435116.301727,4152640,1972847,0.0,ERROR-ACTIVE,0,0,0,0,0,5,5,0
1788435116.3116267,4152654,1972861,0.0,ERROR-ACTIVE,0,0,0,0,0,5,5,0
1788435116.3216183,4152666,1972875,0.0,ERROR-ACTIVE,0,0,0,0,0,5,5,0
1788435116.3316228,4152682,1972883,0.0,ERROR-ACTIVE,0,0,0,0,0,5,5,0
1788435116.3416421,4152704,1972897,0.0,ERROR-ACTIVE,0,0,0,0,0,5,5,0
1788435116.3515997,4152720,1972905,0.0,ERROR-ACTIVE,0,0,0,0,0,5,5,0
1788435116.361738,4152733,1972924,0.0,ERROR-ACTIVE,0,0,0,0,0,5,5,0
1788435116.3716822,4152750,1972924,0.0,ERROR-ACTIVE,0,0,0,0,0,5,5,0
1788435116.3816361,4152762,1972935,0.0,ERROR-ACTIVE,0,0,0,0,0,5,5,0
1788435116.391674,4152773,1972949,0.0,ERROR-ACTIVE,0,0,0,0,0,5,5,0
1788435116.4016643,4152796,1972958,0.0,ERROR-ACTIVE,0,0,0,0,0,5,5,0
1788435116.4115934,4152810,1972969,0.0,ERROR-ACTIVE,0,0,0,0,0,5,5,0
1788435116.42168,4152826,1972981,0.0,ERROR-ACTIVE,0,0,0,0,0,5,5,0
1788435116.4316196,4152841,1972991,0.0,ERROR-ACTIVE,0,0,0,0,0,5,5,0
1788435116.44166,4152856,1973008,0.0,ERROR-ACTIVE,0,0,0,0,0,5,5,0
1788435116.4516306,4152871,1973011,0.0,ERROR-ACTIVE,0,0,0,0,0,5,5,0
1788435116.4616168,4152887,1973029,0.0,ERROR-ACTIVE,0,0,0,0,0,5,5,0
1788435116.4717026,4152903,1973036,0.0,ERROR-ACTIVE,0,0,0,0,0,5,5,0
1788435116.4815872,4152917,1973048,0.0,ERROR-ACTIVE,0,0,0,0,0,5,5,0
1788435116.4916506,4152931,1973064,0.0,ERROR-ACTIVE,0,0,0,0,0,5,5,0
1788435116.501638,4152953,1973067,0.0,ERROR-ACTIVE,0,0,0,0,0,5,5,0
1788435116.511625,4152963,1973077,0.0,ERROR-ACTIVE,0,0,0,0,0,5,5,0
1788435116.5216072,4152975,1973089,0.0,ERROR-ACTIVE,0,0,0,0,0,5,5,0
1788435116.531649,4153001,1973093,0.0,ERROR-ACTIVE,0,0,0,0,0,5,5,0
1788435116.5415823,4153029,1973106,0.0,ERROR-ACTIVE,0,0,0,0,0,5,5,0
1788435116.5515366,4153054,1973120,0.0,ERROR-ACTIVE,0,0,0,0,0,5,5,0
1788435116.5616345,4153082,1973130,0.0,ERROR-ACTIVE,0,0,0,0,0,5,5,0
1788435116.5716124,4153114,1973147,0.0,ERROR-ACTIVE,0,0,0,0,0,5,5,0
1788435116.581639,4153141,1973152,0.0,ERROR-ACTIVE,0,0,0,0,0,5,5,0
1788435116.5915937,4153172,1973169,0.0,ERROR-ACTIVE,0,0,0,0,0,5,5,0
1788435116.601627,4153204,1973183,0.0,ERROR-ACTIVE,0,0,0,0,0,5,5,0
1788435116.6115832,4153234,1973197,0.0,ERROR-ACTIVE,0,0,0,0,0,5,5,0
1788435116.6216414,4153259,1973206,0.0,ERROR-ACTIVE,0,0,0,0,0,5,5,0
1788435116.6316407,4153288,1973213,0.0,ERROR-ACTIVE,0,0,0,0,0,5,5,0
1788435116.6415796,4153316,1973232,0.0,ERROR-ACTIVE,0,0,0,0,0,5,5,0
1788435116.6516638,4153344,1973239,0.0,ERROR-ACTIVE,0,0,0,0,0,5,5,0
1788435116.6616273,4153374,1973253,0.0,ERROR-ACTIVE,0,0,0,0,0,5,5,0
1788435116.6716418,4153406,1973267,0.0,ERROR-ACTIVE,0,0,0,0,0,5,5,0
1788435116.6817012,4153439,1973277,0.0,ERROR-ACTIVE,0,0,0,0,0,5,5,0
1788435116.6920052,4153471,1973295,0.0,ERROR-ACTIVE,0,0,0,0,0,5,5,0
1788435116.7016668,4153494,1973300,0.0,ERROR-ACTIVE,0,0,0,0,0,5,5,0
1788435116.711603,4153523,1973316,0.0,ERROR-ACTIVE,0,0,0,0,0,5,5,0
1788435116.7216463,4153553,1973324,0.0,ERROR-ACTIVE,0,0,0,0,0,5,5,0
1788435116.7316678,4153585,1973328,0.0,ERROR-ACTIVE,0,0,0,0,0,5,5,0
1788435116.741636,4153614,1973344,0.0,ERROR-ACTIVE,0,0,0,0,0,5,5,0
1788435116.7516782,4153647,1973356,0.0,ERROR-ACTIVE,0,0,0,0,0,5,5,0
1788435116.7616322,4153680,1973368,0.0,ERROR-ACTIVE,0,0,0,0,0,5,5,0
1788435116.771646,4153709,1973386,0.0,ERROR-ACTIVE,0,0,0,0,0,5,5,0
1788435116.7816308,4153725,1973392,0.0,ERROR-ACTIVE,0,0,0,0,0,5,5,0
1788435116.7971792,4153742,1973407,0.0,ERROR-ACTIVE,0,0,0,0,0,5,5,0
1788435116.801743,4153772,1973419,0.0,ERROR-ACTIVE,0,0,0,0,0,5,5,0
1788435116.811808,4153809,1973429,0.0,ERROR-ACTIVE,0,0,0,0,0,5,5,0
1788435116.8216288,4153837,1973433,0.0,ERROR-ACTIVE,0,0,0,0,0,5,5,0
1788435116.8315926,4153854,1973449,0.0,ERROR-ACTIVE,0,0,0,0,0,5,5,0
1788435116.8416204,4153869,1973462,0.0,ERROR-ACTIVE,0,0,0,0,0,5,5,0
1788435116.8516905,4153883,1973473,0.0,ERROR-ACTIVE,0,0,0,0,0,5,5,0
1788435116.861641,4153901,1973485,0.0,ERROR-ACTIVE,0,0,0,0,0,5,5,0
1788435116.8715892,4153913,1973501,0.0,ERROR-ACTIVE,0,0,0,0,0,5,5,0
1788435116.8815525,4153929,1973513,0.0,ERROR-ACTIVE,0,0,0,0,0,5,5,0
1788435116.8916125,4153940,1973533,0.0,ERROR-ACTIVE,0,0,0,0,0,5,5,0
1788435116.9016109,4153956,1973541,0.0,ERROR-ACTIVE,0,0,0,0,0,5,5,0
1788435116.9115996,4153970,1973561,0.0,ERROR-ACTIVE,0,0,0,0,0,5,5,0
1788435116.9216213,4153982,1973575,0.0,ERROR-ACTIVE,0,0,0,0,0,5,5,0
1788435116.9316244,4153994,1973586,0.0,ERROR-ACTIVE,0,0,0,0,0,5,5,0
1788435116.941616,4154011,1973603,0.0,ERROR-ACTIVE,0,0,0,0,0,5,5,0
1788435116.9516299,4154025,1973617,0.0,ERROR-ACTIVE,0,0,0,0,0,5,5,0
1788435116.9616318,4154039,1973631,0.0,ERROR-ACTIVE,0,0,0,0,0,5,5,0
1788435116.9716322,4154055,1973642,0.0,ERROR-ACTIVE,0,0,0,0,0,5,5,0
1788435116.9820793,4154068,1973662,0.0,ERROR-ACTIVE,0,0,0,0,0,5,5,0
1788435116.9916303,4154083,1973673,0.0,ERROR-ACTIVE,0,0,0,0,0,5,5,0
1788435117.001596,4154097,1973687,0.0,ERROR-ACTIVE,0,0,0,0,0,5,5,0
1788435117.0115964,4154106,1973701,0.0,ERROR-ACTIVE,0,0,0,0,0,5,5,0
1788435117.0216074,4154121,1973715,0.0,ERROR-ACTIVE,0,0,0,0,0,5,5,0
1788435117.031583,4154133,1973728,0.0,ERROR-ACTIVE,0,0,0,0,0,5,5,0
1788435117.0416098,4154146,1973738,0.0,ERROR-ACTIVE,0,0,0,0,0,5,5,0
1788435117.0515993,4154160,1973752,0.0,ERROR-ACTIVE,0,0,0,0,0,5,5,0
1788435117.061622,4154174,1973771,0.0,ERROR-ACTIVE,0,0,0,0,0,5,5,0
1788435117.0715308,4154190,1973785,0.0,ERROR-ACTIVE,0,0,0,0,0,5,5,0
1788435117.0815642,4154208,1973799,0.0,ERROR-ACTIVE,0,0,0,0,0,5,5,0
1788435117.091625,4154224,1973813,0.0,ERROR-ACTIVE,0,0,0,0,0,5,5,0
1788435117.1016004,4154237,1973827,0.0,ERROR-ACTIVE,0,0,0,0,0,5,5,0
1788435117.1115494,4154255,1973841,0.0,ERROR-ACTIVE,0,0,0,0,0,5,5,0
1788435117.121679,4154285,1973852,0.0,ERROR-ACTIVE,0,0,0,0,0,5,5,0
1788435117.1316001,4154315,1973862,0.0,ERROR-ACTIVE,0,0,0,0,0,5,5,0
1788435117.1416132,4154346,1973875,0.0,ERROR-ACTIVE,0,0,0,0,0,5,5,0
1788435117.1515503,4154379,1973890,0.0,ERROR-ACTIVE,0,0,0,0,0,5,5,0
1788435117.1615713,4154411,1973904,0.0,ERROR-ACTIVE,0,0,0,0,0,5,5,0
1788435117.1715622,4154444,1973918,0.0,ERROR-ACTIVE,0,0,0,0,0,5,5,0
1788435117.181597,4154472,1973932,0.0,ERROR-ACTIVE,0,0,0,0,0,5,5,0
1788435117.1916375,4154500,1973946,0.0,ERROR-ACTIVE,0,0,0,0,0,5,5,0
1788435117.2016459,4154534,1973947,0.0,ERROR-ACTIVE,0,0,0,0,0,5,5,0
1788435117.2115529,4154563,1973967,0.0,ERROR-ACTIVE,0,0,0,0,0,5,5,0
1788435117.2215912,4154590,1973981,0.0,ERROR-ACTIVE,0,0,0,0,0,5,5,0
1788435117.2316618,4154618,1973993,0.0,ERROR-ACTIVE,0,0,0,0,0,5,5,0
1788435117.2415624,4154648,1974009,0.0,ERROR-ACTIVE,0,0,0,0,0,5,5,0
1788435117.2515755,4154681,1974023,0.0,ERROR-ACTIVE,0,0,0,0,0,5,5,0
1788435117.2615848,4154711,1974037,0.0,ERROR-ACTIVE,0,0,0,0,0,5,5,0
1788435117.271656,4154743,1974051,0.0,ERROR-ACTIVE,0,0,0,0,0,5,5,0
1788435117.2817018,4154775,1974059,0.0,ERROR-ACTIVE,0,0,0,0,0,5,5,0
1788435117.2916255,4154806,1974079,0.0,ERROR-ACTIVE,0,0,0,0,0,5,5,0
1788435117.3097942,4154832,1974087,0.0,ERROR-ACTIVE,0,0,0,0,0,5,5,0
1788435117.3115835,4154847,1974108,0.0,ERROR-ACTIVE,0,0,0,0,0,5,5,0
1788435117.3218176,4154859,1974121,0.0,ERROR-ACTIVE,0,0,0,0,0,5,5,0
1788435117.3317246,4154873,1974135,0.0,ERROR-ACTIVE,0,0,0,0,0,5,5,0
1788435117.3417351,4154884,1974149,0.0,ERROR-ACTIVE,0,0,0,0,0,5,5,0
1788435117.3516533,4154899,1974163,0.0,ERROR-ACTIVE,0,0,0,0,0,5,5,0
1788435117.3617105,4154920,1974169,0.0,ERROR-ACTIVE,0,0,0,0,0,5,5,0
1788435117.3716953,4154934,1974191,0.0,ERROR-ACTIVE,0,0,0,0,0,5,5,0
1788435117.3816483,4154944,1974205,0.0,ERROR-ACTIVE,0,0,0,0,0,5,5,0
1788435117.3916683,4154963,1974214,0.0,ERROR-ACTIVE,0,0,0,0,0,5,5,0
1788435117.4016185,4154971,1974233,0.0,ERROR-ACTIVE,0,0,0,0,0,5,5,0
1788435117.4117038,4154986,1974244,0.0,ERROR-ACTIVE,0,0,0,0,0,5,5,0
1788435117.4216313,4155005,1974254,0.0,ERROR-ACTIVE,0,0,0,0,0,5,5,0
1788435117.431615,4155019,1974268,0.0,ERROR-ACTIVE,0,0,0,0,0,5,5,0
1788435117.4416285,4155050,1974271,0.0,ERROR-ACTIVE,0,0,0,0,0,5,5,0
1788435117.4515972,4155079,1974287,0.0,ERROR-ACTIVE,0,0,0,0,0,5,5,0
1788435117.4616282,4155113,1974291,0.0,ERROR-ACTIVE,0,0,0,0,0,5,5,0
1788435117.471589,4155140,1974310,0.0,ERROR-ACTIVE,0,0,0,0,0,5,5,0
1788435117.4816766,4155176,1974317,0.0,ERROR-ACTIVE,0,0,0,0,0,5,5,0
1788435117.4916198,4155209,1974322,0.0,ERROR-ACTIVE,0,0,0,0,0,5,5,0
1788435117.501595,4155235,1974336,0.0,ERROR-ACTIVE,0,0,0,0,0,5,5,0
1788435117.511538,4155265,1974342,0.0,ERROR-ACTIVE,0,0,0,0,0,5,5,0
1788435117.5215206,4155290,1974349,0.0,ERROR-ACTIVE,0,0,0,0,0,5,5,0
1788435117.5315955,4155306,1974363,0.0,ERROR-ACTIVE,0,0,0,0,0,5,5,0
1788435117.5416396,4155327,1974375,0.0,ERROR-ACTIVE,0,0,0,0,0,5,5,0
1788435117.5515969,4155337,1974385,0.0,ERROR-ACTIVE,0,0,0,0,0,5,5,0
1788435117.5615659,4155352,1974394,0.0,ERROR-ACTIVE,0,0,0,0,0,5,5,0
1788435117.571602,4155386,1974404,0.0,ERROR-ACTIVE,0,0,0,0,0,5,5,0
1788435117.581605,4155421,1974422,0.0,ERROR-ACTIVE,0,0,0,0,0,5,5,0
1788435117.5916395,4155451,1974436,0.0,ERROR-ACTIVE,0,0,0,0,0,5,5,0
1788435117.6016755,4155478,1974440,0.0,ERROR-ACTIVE,0,0,0,0,0,5,5,0
1788435117.6115973,4155500,1974451,0.0,ERROR-ACTIVE,0,0,0,0,0,5,5,0
1788435117.6216726,4155521,1974464,0.0,ERROR-ACTIVE,0,0,0,0,0,5,5,0
1788435117.6316764,4155542,1974468,0.0,ERROR-ACTIVE,0,0,0,0,0,5,5,0
1788435117.6416237,4155558,1974478,0.0,ERROR-ACTIVE,0,0,0,0,0,5,5,0
1788435117.6516383,4155569,1974483,0.0,ERROR-ACTIVE,0,0,0,0,0,5,5,0
1788435117.6615615,4155588,1974491,0.0,ERROR-ACTIVE,0,0,0,0,0,5,5,0
1788435117.671597,4155603,1974506,0.0,ERROR-ACTIVE,0,0,0,0,0,5,5,0
1788435117.6816757,4155617,1974515,0.0,ERROR-ACTIVE,0,0,0,0,0,5,5,0
1788435117.6916664,4155632,1974529,0.0,ERROR-ACTIVE,0,0,0,0,0,5,5,0
1788435117.7017171,4155650,1974539,0.0,ERROR-ACTIVE,0,0,0,0,0,5,5,0
1788435117.7116551,4155664,1974555,0.0,ERROR-ACTIVE,0,0,0,0,0,5,5,0
1788435117.7216666,4155680,1974564,0.0,ERROR-ACTIVE,0,0,0,0,0,5,5,0
1788435117.731726,4155699,1974570,0.0,ERROR-ACTIVE,0,0,0,0,0,5,5,0
1788435117.741661,4155713,1974591,0.0,ERROR-ACTIVE,0,0,0,0,0,5,5,0
1788435117.7517083,4155729,1974600,0.0,ERROR-ACTIVE,0,0,0,0,0,5,5,0
1788435117.7616982,4155749,1974611,0.0,ERROR-ACTIVE,0,0,0,0,0,5,5,0
1788435117.7716382,4155762,1974624,0.0,ERROR-ACTIVE,0,0,0,0,0,5,5,0
1788435117.7816842,4155773,1974633,0.0,ERROR-ACTIVE,0,0,0,0,0,5,5,0
1788435117.791666,4155790,1974646,0.0,ERROR-ACTIVE,0,0,0,0,0,5,5,0
1788435117.8016722,4155805,1974650,0.0,ERROR-ACTIVE,0,0,0,0,0,5,5,0
1788435117.8171382,4155818,1974667,0.0,ERROR-ACTIVE,0,0,0,0,0,5,5,0
1788435117.8216264,4155836,1974670,0.0,ERROR-ACTIVE,0,0,0,0,0,5,5,0
1788435117.8316436,4155849,1974678,0.0,ERROR-ACTIVE,0,0,0,0,0,5,5,0
1788435117.8416836,4155865,1974685,0.0,ERROR-ACTIVE,0,0,0,0,0,5,5,0
1788435117.8516352,4155881,1974701,0.0,ERROR-ACTIVE,0,0,0,0,0,5,5,0
1788435117.8616228,4155897,1974716,0.0,ERROR-ACTIVE,0,0,0,0,0,5,5,0
1788435117.871624,4155913,1974728,0.0,ERROR-ACTIVE,0,0,0,0,0,5,5,0
1788435117.8815804,4155927,1974746,0.0,ERROR-ACTIVE,0,0,0,0,0,5,5,0
1788435117.8916576,4155944,1974757,0.0,ERROR-ACTIVE,0,0,0,0,0,5,5,0
1788435117.901627,4155956,1974767,0.0,ERROR-ACTIVE,0,0,0,0,0,5,5,0
1788435117.9115896,4155970,1974786,0.0,ERROR-ACTIVE,0,0,0,0,0,5,5,0
1788435117.9216893,4155986,1974794,0.0,ERROR-ACTIVE,0,0,0,0,0,5,5,0
1788435117.93167,4156000,1974804,0.0,ERROR-ACTIVE,0,0,0,0,0,5,5,0
1788435117.94166,4156012,1974813,0.0,ERROR-ACTIVE,0,0,0,0,0,5,5,0
1788435117.9516084,4156034,1974824,0.0,ERROR-ACTIVE,0,0,0,0,0,5,5,0
1788435117.9616363,4156048,1974828,0.0,ERROR-ACTIVE,0,0,0,0,0,5,5,0
1788435117.9717047,4156057,1974842,0.0,ERROR-ACTIVE,0,0,0,0,0,5,5,0
1788435117.9816272,4156076,1974850,0.0,ERROR-ACTIVE,0,0,0,0,0,5,5,0
1788435117.9916704,4156096,1974860,0.0,ERROR-ACTIVE,0,0,0,0,0,5,5,0
1788435118.0016418,4156129,1974871,0.0,ERROR-ACTIVE,0,0,0,0,0,5,5,0
1788435118.0116634,4156162,1974877,0.0,ERROR-ACTIVE,0,0,0,0,0,5,5,0
1788435118.0216234,4156194,1974898,0.0,ERROR-ACTIVE,0,0,0,0,0,5,5,0
1788435118.0316963,4156226,1974902,0.0,ERROR-ACTIVE,0,0,0,0,0,5,5,0
1788435118.0416048,4156254,1974919,0.0,ERROR-ACTIVE,0,0,0,0,0,5,5,0
1788435118.0517023,4156276,1974929,0.0,ERROR-ACTIVE,0,0,0,0,0,5,5,0
1788435118.0616822,4156298,1974938,0.0,ERROR-ACTIVE,0,0,0,0,0,5,5,0
1788435118.0716772,4156328,1974954,0.0,ERROR-ACTIVE,0,0,0,0,0,5,5,0
1788435118.0815995,4156361,1974961,0.0,ERROR-ACTIVE,0,0,0,0,0,5,5,0
1788435118.0916705,4156391,1974972,0.0,ERROR-ACTIVE,0,0,0,0,0,5,5,0
1788435118.101591,4156417,1974989,0.0,ERROR-ACTIVE,0,0,0,0,0,5,5,0
1788435118.1116593,4156437,1974997,0.0,ERROR-ACTIVE,0,0,0,0,0,5,5,0
1788435118.1215808,4156458,1975012,0.0,ERROR-ACTIVE,0,0,0,0,0,5,5,0
1788435118.1315901,4156488,1975031,0.0,ERROR-ACTIVE,0,0,0,0,0,5,5,0
1788435118.1415884,4156519,1975043,0.0,ERROR-ACTIVE,0,0,0,0,0,5,5,0
1788435118.1515934,4156553,1975059,0.0,ERROR-ACTIVE,0,0,0,0,0,5,5,0
1788435118.161582,4156586,1975073,0.0,ERROR-ACTIVE,0,0,0,0,0,5,5,0
1788435118.1715908,4156623,1975081,0.0,ERROR-ACTIVE,0,0,0,0,0,5,5,0
1788435118.181591,4156659,1975101,0.0,ERROR-ACTIVE,0,0,0,0,0,5,5,0
1788435118.1915915,4156690,1975106,0.0,ERROR-ACTIVE,0,0,0,0,0,5,5,0
1788435118.2015953,4156715,1975122,0.0,ERROR-ACTIVE,0,0,0,0,0,5,5,0
1788435118.2115963,4156731,1975134,0.0,ERROR-ACTIVE,0,0,0,0,0,5,5,0
1788435118.2215917,4156747,1975146,0.0,ERROR-ACTIVE,0,0,0,0,0,5,5,0
1788435118.2315857,4156756,1975154,0.0,ERROR-ACTIVE,0,0,0,0,0,5,5,0
1788435118.2416158,4156777,1975171,0.0,ERROR-ACTIVE,0,0,0,0,0,5,5,0
1788435118.2515793,4156792,1975185,0.0,ERROR-ACTIVE,0,0,0,0,0,5,5,0
1788435118.2615764,4156801,1975198,0.0,ERROR-ACTIVE,0,0,0,0,0,5,5,0
1788435118.271583,4156819,1975209,0.0,ERROR-ACTIVE,0,0,0,0,0,5,5,0
1788435118.2815797,4156831,1975226,0.0,ERROR-ACTIVE,0,0,0,0,0,5,5,0
1788435118.291597,4156842,1975241,0.0,ERROR-ACTIVE,0,0,0,0,0,5,5,0
1788435118.3015804,4156864,1975247,0.0,ERROR-ACTIVE,0,0,0,0,0,5,5,0
1788435118.3115935,4156878,1975258,0.0,ERROR-ACTIVE,0,0,0,0,0,5,5,0
1788435118.3254983,4156891,1975275,0.0,ERROR-ACTIVE,0,0,0,0,0,5,5,0
1788435118.3315217,4156909,1975290,0.0,ERROR-ACTIVE,0,0,0,0,0,5,5,0
1788435118.3416827,4156920,1975304,0.0,ERROR-ACTIVE,0,0,0,0,0,5,5,0
1788435118.3516998,4156934,1975318,0.0,ERROR-ACTIVE,0,0,0,0,0,5,5,0
1788435118.361657,4156955,1975332,0.0,ERROR-ACTIVE,0,0,0,0,0,5,5,0
1788435118.3716688,4156971,1975345,0.0,ERROR-ACTIVE,0,0,0,0,0,5,5,0
1788435118.3817506,4156982,1975360,0.0,ERROR-ACTIVE,0,0,0,0,0,5,5,0
1788435118.391721,4157001,1975372,0.0,ERROR-ACTIVE,0,0,0,0,0,5,5,0
1788435118.4016964,4157011,1975388,0.0,ERROR-ACTIVE,0,0,0,0,0,5,5,0
1788435118.4116426,4157022,1975402,0.0,ERROR-ACTIVE,0,0,0,0,0,5,5,0
1788435118.421677,4157042,1975416,0.0,ERROR-ACTIVE,0,0,0,0,0,5,5,0
1788435118.4316258,4157057,1975425,0.0,ERROR-ACTIVE,0,0,0,0,0,5,5,0
1788435118.4415236,4157071,1975438,0.0,ERROR-ACTIVE,0,0,0,0,0,5,5,0
1788435118.4520338,4157084,1975448,0.0,ERROR-ACTIVE,0,0,0,0,0,5,5,0
1788435118.461685,4157100,1975465,0.0,ERROR-ACTIVE,0,0,0,0,0,5,5,0
1788435118.4716256,4157113,1975468,0.0,ERROR-ACTIVE,0,0,0,0,0,5,5,0
1788435118.4816346,4157129,1975486,0.0,ERROR-ACTIVE,0,0,0,0,0,5,5,0
1788435118.4915998,4157146,1975492,0.0,ERROR-ACTIVE,0,0,0,0,0,5,5,0
1788435118.5016081,4157158,1975507,0.0,ERROR-ACTIVE,0,0,0,0,0,5,5,0
1788435118.5116818,4157171,1975519,0.0,ERROR-ACTIVE,0,0,0,0,0,5,5,0
1788435118.5215862,4157188,1975525,0.0,ERROR-ACTIVE,0,0,0,0,0,5,5,0
1788435118.5316103,4157200,1975542,0.0,ERROR-ACTIVE,0,0,0,0,0,5,5,0
1788435118.5415814,4157211,1975549,0.0,ERROR-ACTIVE,0,0,0,0,0,5,5,0
1788435118.551614,4157234,1975559,0.0,ERROR-ACTIVE,0,0,0,0,0,5,5,0
1788435118.561625,4157248,1975577,0.0,ERROR-ACTIVE,0,0,0,0,0,5,5,0
1788435118.571581,4157266,1975580,0.0,ERROR-ACTIVE,0,0,0,0,0,5,5,0
1788435118.581618,4157278,1975591,0.0,ERROR-ACTIVE,0,0,0,0,0,5,5,0
1788435118.5915613,4157294,1975602,0.0,ERROR-ACTIVE,0,0,0,0,0,5,5,0
1788435118.601649,4157321,1975608,0.0,ERROR-ACTIVE,0,0,0,0,0,5,5,0
1788435118.6116576,4157350,1975615,0.0,ERROR-ACTIVE,0,0,0,0,0,5,5,0
1788435118.6215782,4157382,1975618,0.0,ERROR-ACTIVE,0,0,0,0,0,5,5,0
1788435118.6316144,4157410,1975633,0.0,ERROR-ACTIVE,0,0,0,0,0,5,5,0
1788435118.6415942,4157435,1975642,0.0,ERROR-ACTIVE,0,0,0,0,0,5,5,0
1788435118.6516106,4157461,1975654,0.0,ERROR-ACTIVE,0,0,0,0,0,5,5,0
1788435118.661647,4157492,1975665,0.0,ERROR-ACTIVE,0,0,0,0,0,5,5,0
1788435118.6715727,4157520,1975676,0.0,ERROR-ACTIVE,0,0,0,0,0,5,5,0
1788435118.681601,4157549,1975692,0.0,ERROR-ACTIVE,0,0,0,0,0,5,5,0
1788435118.6915915,4157584,1975707,0.0,ERROR-ACTIVE,0,0,0,0,0,5,5,0
1788435118.7015781,4157611,1975720,0.0,ERROR-ACTIVE,0,0,0,0,0,5,5,0
1788435118.711649,4157636,1975738,0.0,ERROR-ACTIVE,0,0,0,0,0,5,5,0
1788435118.7216027,4157658,1975750,0.0,ERROR-ACTIVE,0,0,0,0,0,5,5,0
1788435118.7316363,4157687,1975760,0.0,ERROR-ACTIVE,0,0,0,0,0,5,5,0
1788435118.7416966,4157717,1975777,0.0,ERROR-ACTIVE,0,0,0,0,0,5,5,0
1788435118.7515974,4157745,1975788,0.0,ERROR-ACTIVE,0,0,0,0,0,5,5,0
1788435118.7616067,4157774,1975801,0.0,ERROR-ACTIVE,0,0,0,0,0,5,5,0
1788435118.7716727,4157806,1975811,0.0,ERROR-ACTIVE,0,0,0,0,0,5,5,0
1788435118.7816143,4157834,1975815,0.0,ERROR-ACTIVE,0,0,0,0,0,5,5,0
1788435118.7915413,4157868,1975828,0.0,ERROR-ACTIVE,0,0,0,0,0,5,5,0
1788435118.8016484,4157895,1975842,0.0,ERROR-ACTIVE,0,0,0,0,0,5,5,0
1788435118.81154,4157909,1975857,0.0,ERROR-ACTIVE,0,0,0,0,0,5,5,0
1788435118.8290508,4157934,1975865,0.0,ERROR-ACTIVE,0,0,0,0,0,5,5,0
1788435118.8316407,4157964,1975869,0.0,ERROR-ACTIVE,0,0,0,0,0,5,5,0
1788435118.8417208,4157991,1975885,0.0,ERROR-ACTIVE,0,0,0,0,0,5,5,0
1788435118.8516808,4158015,1975892,0.0,ERROR-ACTIVE,0,0,0,0,0,5,5,0
1788435118.8616161,4158047,1975900,0.0,ERROR-ACTIVE,0,0,0,0,0,5,5,0
1788435118.8715868,4158078,1975920,0.0,ERROR-ACTIVE,0,0,0,0,0,5,5,0
1788435118.8817055,4158107,1975929,0.0,ERROR-ACTIVE,0,0,0,0,0,5,5,0
1788435118.8916826,4158124,1975948,0.0,ERROR-ACTIVE,0,0,0,0,0,5,5,0
1788435118.9016404,4158138,1975961,0.0,ERROR-ACTIVE,0,0,0,0,0,5,5,0
1788435118.9116285,4158151,1975976,0.0,ERROR-ACTIVE,0,0,0,0,0,5,5,0
1788435118.9216533,4158168,1975985,0.0,ERROR-ACTIVE,0,0,0,0,0,5,5,0
1788435118.9316301,4158201,1975999,0.0,ERROR-ACTIVE,0,0,0,0,0,5,5,0
1788435118.9417017,4158234,1976010,0.0,ERROR-ACTIVE,0,0,0,0,0,5,5,0
1788435118.9516423,4158256,1976020,0.0,ERROR-ACTIVE,0,0,0,0,0,5,5,0
1788435118.9616573,4158273,1976032,0.0,ERROR-ACTIVE,0,0,0,0,0,5,5,0
1788435118.9716508,4158299,1976041,0.0,ERROR-ACTIVE,0,0,0,0,0,5,5,0
1788435118.9816487,4158327,1976056,0.0,ERROR-ACTIVE,0,0,0,0,0,5,5,0
1788435118.991632,4158343,1976074,0.0,ERROR-ACTIVE,0,0,0,0,0,5,5,0
1788435119.0016198,4158357,1976088,0.0,ERROR-ACTIVE,0,0,0,0,0,5,5,0
1788435119.0117197,4158372,1976099,0.0,ERROR-ACTIVE,0,0,0,0,0,5,5,0
1788435119.0217128,4158392,1976108,0.0,ERROR-ACTIVE,0,0,0,0,0,5,5,0
1788435119.031896,4158406,1976121,0.0,ERROR-ACTIVE,0,0,0,0,0,5,5,0
1788435119.041672,4158416,1976134,0.0,ERROR-ACTIVE,0,0,0,0,0,5,5,0
1788435119.051655,4158435,1976147,0.0,ERROR-ACTIVE,0,0,0,0,0,5,5,0
1788435119.061686,4158445,1976152,0.0,ERROR-ACTIVE,0,0,0,0,0,5,5,0
1788435119.071665,4158459,1976172,0.0,ERROR-ACTIVE,0,0,0,0,0,5,5,0
1788435119.0816557,4158471,1976180,0.0,ERROR-ACTIVE,0,0,0,0,0,5,5,0
1788435119.0916672,4158484,1976184,0.0,ERROR-ACTIVE,0,0,0,0,0,5,5,0
1788435119.1018593,4158494,1976200,0.0,ERROR-ACTIVE,0,0,0,0,0,5,5,0
1788435119.1116574,4158504,1976211,0.0,ERROR-ACTIVE,0,0,0,0,0,5,5,0
1788435119.1216383,4158519,1976218,0.0,ERROR-ACTIVE,0,0,0,0,0,5,5,0
1788435119.1316316,4158534,1976235,0.0,ERROR-ACTIVE,0,0,0,0,0,5,5,0
1788435119.1417546,4158547,1976239,0.0,ERROR-ACTIVE,0,0,0,0,0,5,5,0
1788435119.1518335,4158565,1976250,0.0,ERROR-ACTIVE,0,0,0,0,0,5,5,0
1788435119.1616256,4158577,1976270,0.0,ERROR-ACTIVE,0,0,0,0,0,5,5,0
1788435119.171649,4158588,1976284,0.0,ERROR-ACTIVE,0,0,0,0,0,5,5,0
1788435119.181645,4158608,1976298,0.0,ERROR-ACTIVE,0,0,0,0,0,5,5,0
1788435119.191697,4158620,1976302,0.0,ERROR-ACTIVE,0,0,0,0,0,5,5,0
1788435119.201665,4158633,1976319,0.0,ERROR-ACTIVE,0,0,0,0,0,5,5,0
1788435119.2116168,4158651,1976333,0.0,ERROR-ACTIVE,0,0,0,0,0,5,5,0
1788435119.2216954,4158661,1976337,0.0,ERROR-ACTIVE,0,0,0,0,0,5,5,0
1788435119.2316377,4158667,1976349,0.0,ERROR-ACTIVE,0,0,0,0,0,5,5,0
1788435119.241636,4158686,1976367,0.0,ERROR-ACTIVE,0,0,0,0,0,5,5,0
1788435119.251639,4158699,1976380,0.0,ERROR-ACTIVE,0,0,0,0,0,5,5,0
1788435119.2616427,4158713,1976390,0.0,ERROR-ACTIVE,0,0,0,0,0,5,5,0
1788435119.2716446,4158728,1976403,0.0,ERROR-ACTIVE,0,0,0,0,0,5,5,0
1788435119.2816098,4158743,1976417,0.0,ERROR-ACTIVE,0,0,0,0,0,5,5,0
1788435119.2916558,4158759,1976418,0.0,ERROR-ACTIVE,0,0,0,0,0,5,5,0
1788435119.3015935,4158775,1976429,0.0,ERROR-ACTIVE,0,0,0,0,0,5,5,0
1788435119.31162,4158788,1976445,0.0,ERROR-ACTIVE,0,0,0,0,0,5,5,0
1788435119.3274155,4158804,1976451,0.0,ERROR-ACTIVE,0,0,0,0,0,5,5,0
1788435119.3315337,4158820,1976466,0.0,ERROR-ACTIVE,0,0,0,0,0,5,5,0
1788435119.341766,4158845,1976468,0.0,ERROR-ACTIVE,0,0,0,0,0,5,5,0
1788435119.351637,4158873,1976478,0.0,ERROR-ACTIVE,0,0,0,0,0,5,5,0
1788435119.3615642,4158902,1976494,0.0,ERROR-ACTIVE,0,0,0,0,0,5,5,0
1788435119.3716488,4158935,1976500,0.0,ERROR-ACTIVE,0,0,0,0,0,5,5,0
1788435119.3815842,4158970,1976502,0.0,ERROR-ACTIVE,0,0,0,0,0,5,5,0
1788435119.3915334,4159007,1976510,0.0,ERROR-ACTIVE,0,0,0,0,0,5,5,0
1788435119.401643,4159043,1976524,0.0,ERROR-ACTIVE,0,0,0,0,0,5,5,0
1788435119.4116237,4159070,1976531,0.0,ERROR-ACTIVE,0,0,0,0,0,5,5,0
1788435119.421576,4159099,1976537,0.0,ERROR-ACTIVE,0,0,0,0,0,5,5,0
1788435119.4316113,4159132,1976549,0.0,ERROR-ACTIVE,0,0,0,0,0,5,5,0
1788435119.4415534,4159166,1976558,0.0,ERROR-ACTIVE,0,0,0,0,0,5,5,0
1788435119.4515927,4159197,1976578,0.0,ERROR-ACTIVE,0,0,0,0,0,5,5,0
1788435119.461688,4159230,1976584,0.0,ERROR-ACTIVE,0,0,0,0,0,5,5,0
1788435119.4715972,4159264,1976591,0.0,ERROR-ACTIVE,0,0,0,0,0,5,5,0
1788435119.4816177,4159297,1976606,0.0,ERROR-ACTIVE,0,0,0,0,0,5,5,0
1788435119.491629,4159330,1976614,0.0,ERROR-ACTIVE,0,0,0,0,0,5,5,0
1788435119.5016081,4159363,1976634,0.0,ERROR-ACTIVE,0,0,0,0,0,5,5,0
1788435119.5116093,4159393,1976648,0.0,ERROR-ACTIVE,0,0,0,0,0,5,5,0
1788435119.5216095,4159407,1976654,0.0,ERROR-ACTIVE,0,0,0,0,0,5,5,0
1788435119.5316188,4159425,1976666,0.0,ERROR-ACTIVE,0,0,0,0,0,5,5,0
1788435119.541621,4159442,1976679,0.0,ERROR-ACTIVE,0,0,0,0,0,5,5,0
1788435119.5515828,4159474,1976697,0.0,ERROR-ACTIVE,0,0,0,0,0,5,5,0
1788435119.561644,4159501,1976708,0.0,ERROR-ACTIVE,0,0,0,0,0,5,5,0
1788435119.5715783,4159527,1976724,0.0,ERROR-ACTIVE,0,0,0,0,0,5,5,0
1788435119.581619,4159544,1976738,0.0,ERROR-ACTIVE,0,0,0,0,0,5,5,0
1788435119.5915787,4159567,1976746,0.0,ERROR-ACTIVE,0,0,0,0,0,5,5,0
1788435119.601623,4159582,1976756,0.0,ERROR-ACTIVE,0,0,0,0,0,5,5,0
1788435119.611648,4159596,1976767,0.0,ERROR-ACTIVE,0,0,0,0,0,5,5,0
1788435119.6216335,4159611,1976779,0.0,ERROR-ACTIVE,0,0,0,0,0,5,5,0
1788435119.631639,4159631,1976790,0.0,ERROR-ACTIVE,0,0,0,0,0,5,5,0
1788435119.6415834,4159642,1976809,0.0,ERROR-ACTIVE,0,0,0,0,0,5,5,0
1788435119.6516223,4159657,1976819,0.0,ERROR-ACTIVE,0,0,0,0,0,5,5,0
1788435119.6616156,4159673,1976837,0.0,ERROR-ACTIVE,0,0,0,0,0,5,5,0
1788435119.6715508,4159689,1976848,0.0,ERROR-ACTIVE,0,0,0,0,0,5,5,0
1788435119.6817088,4159705,1976862,0.0,ERROR-ACTIVE,0,0,0,0,0,5,5,0
1788435119.6915982,4159725,1976875,0.0,ERROR-ACTIVE,0,0,0,0,0,5,5,0
1788435119.70161,4159740,1976889,0.0,ERROR-ACTIVE,0,0,0,0,0,5,5,0
1788435119.7115965,4159751,1976903,0.0,ERROR-ACTIVE,0,0,0,0,0,5,5,0
1788435119.7215598,4159768,1976921,0.0,ERROR-ACTIVE,0,0,0,0,0,5,5,0
1788435119.731556,4159781,1976935,0.0,ERROR-ACTIVE,0,0,0,0,0,5,5,0
1788435119.741635,4159793,1976949,0.0,ERROR-ACTIVE,0,0,0,0,0,5,5,0
1788435119.7516549,4159815,1976954,0.0,ERROR-ACTIVE,0,0,0,0,0,5,5,0
1788435119.761562,4159827,1976970,0.0,ERROR-ACTIVE,0,0,0,0,0,5,5,0
1788435119.7716255,4159861,1976984,0.0,ERROR-ACTIVE,0,0,0,0,0,5,5,0
1788435119.7816708,4159889,1976992,0.0,ERROR-ACTIVE,0,0,0,0,0,5,5,0
1788435119.791559,4159918,1977012,0.0,ERROR-ACTIVE,0,0,0,0,0,5,5,0
1788435119.8015952,4159950,1977020,0.0,ERROR-ACTIVE,0,0,0,0,0,5,5,0
1788435119.8116686,4159979,1977038,0.0,ERROR-ACTIVE,0,0,0,0,0,5,5,0
1788435119.8215795,4160005,1977054,0.0,ERROR-ACTIVE,0,0,0,0,0,5,5,0
1788435119.8414464,4160035,1977068,0.0,ERROR-ACTIVE,0,0,0,0,0,5,5,0
1788435119.8417668,4160062,1977073,0.0,ERROR-ACTIVE,0,0,0,0,0,5,5,0
1788435119.851906,4160087,1977087,0.0,ERROR-ACTIVE,0,0,0,0,0,5,5,0
1788435119.861897,4160115,1977103,0.0,ERROR-ACTIVE,0,0,0,0,0,5,5,0
1788435119.8718407,4160143,1977117,0.0,ERROR-ACTIVE,0,0,0,0,0,5,5,0
1788435119.8819344,4160172,1977124,0.0,ERROR-ACTIVE,0,0,0,0,0,5,5,0
1788435119.8919168,4160202,1977136,0.0,ERROR-ACTIVE,0,0,0,0,0,5,5,0
1788435119.9018867,4160223,1977149,0.0,ERROR-ACTIVE,0,0,0,0,0,5,5,0
1788435119.9119155,4160243,1977166,0.0,ERROR-ACTIVE,0,0,0,0,0,5,5,0
1788435119.9218872,4160259,1977174,0.0,ERROR-ACTIVE,0,0,0,0,0,5,5,0
1788435119.93193,4160275,1977188,0.0,ERROR-ACTIVE,0,0,0,0,0,5,5,0
1788435119.9418874,4160291,1977206,0.0,ERROR-ACTIVE,0,0,0,0,0,5,5,0
1788435119.9519606,4160309,1977213,0.0,ERROR-ACTIVE,0,0,0,0,0,5,5,0
1788435119.9618852,4160324,1977220,0.0,ERROR-ACTIVE,0,0,0,0,0,5,5,0
1788435119.9718719,4160336,1977236,0.0,ERROR-ACTIVE,0,0,0,0,0,5,5,0
1788435119.981878,4160353,1977242,0.0,ERROR-ACTIVE,0,0,0,0,0,5,5,0
1788435119.9918804,4160365,1977253,0.0,ERROR-ACTIVE,0,0,0,0,0,5,5,0
1788435120.0019083,4160387,1977271,0.0,ERROR-ACTIVE,0,0,0,0,0,5,5,0
1788435120.0118785,4160418,1977280,0.0,ERROR-ACTIVE,0,0,0,0,0,5,5,0
1788435120.0218756,4160446,1977289,0.0,ERROR-ACTIVE,0,0,0,0,0,5,5,0
1788435120.0318577,4160473,1977301,0.0,ERROR-ACTIVE,0,0,0,0,0,5,5,0
1788435120.0418382,4160497,1977320,0.0,ERROR-ACTIVE,0,0,0,0,0,5,5,0
1788435120.051857,4160524,1977328,0.0,ERROR-ACTIVE,0,0,0,0,0,5,5,0
1788435120.061853,4160550,1977339,0.0,ERROR-ACTIVE,0,0,0,0,0,5,5,0
1788435120.0718691,4160576,1977355,0.0,ERROR-ACTIVE,0,0,0,0,0,5,5,0
1788435120.0818603,4160608,1977362,0.0,ERROR-ACTIVE,0,0,0,0,0,5,5,0
1788435120.0918732,4160637,1977367,0.0,ERROR-ACTIVE,0,0,0,0,0,5,5,0
1788435120.1019125,4160653,1977383,0.0,ERROR-ACTIVE,0,0,0,0,0,5,5,0
1788435120.111853,4160674,1977394,0.0,ERROR-ACTIVE,0,0,0,0,0,5,5,0
1788435120.1218824,4160701,1977406,0.0,ERROR-ACTIVE,0,0,0,0,0,5,5,0
1788435120.1318505,4160727,1977425,0.0,ERROR-ACTIVE,0,0,0,0,0,5,5,0
1788435120.14187,4160757,1977430,0.0,ERROR-ACTIVE,0,0,0,0,0,5,5,0
1788435120.1518636,4160779,1977442,0.0,ERROR-ACTIVE,0,0,0,0,0,5,5,0
1788435120.1618626,4160800,1977458,0.0,ERROR-ACTIVE,0,0,0,0,0,5,5,0
1788435120.1718993,4160819,1977471,0.0,ERROR-ACTIVE,0,0,0,0,0,5,5,0
1788435120.181829,4160838,1977488,0.0,ERROR-ACTIVE,0,0,0,0,0,5,5,0
1788435120.1919,4160860,1977496,0.0,ERROR-ACTIVE,0,0,0,0,0,5,5,0
1788435120.2018855,4160876,1977503,0.0,ERROR-ACTIVE,0,0,0,0,0,5,5,0
1788435120.211843,4160890,1977515,0.0,ERROR-ACTIVE,0,0,0,0,0,5,5,0
1788435120.2218363,4160907,1977529,0.0,ERROR-ACTIVE,0,0,0,0,0,5,5,0
1788435120.2318702,4160919,1977541,0.0,ERROR-ACTIVE,0,0,0,0,0,5,5,0
1788435120.2419212,4160932,1977552,0.0,ERROR-ACTIVE,0,0,0,0,0,5,5,0
1788435120.2518442,4160951,1977568,0.0,ERROR-ACTIVE,0,0,0,0,0,5,5,0
1788435120.2618954,4160965,1977586,0.0,ERROR-ACTIVE,0,0,0,0,0,5,5,0
1788435120.2718663,4160979,1977595,0.0,ERROR-ACTIVE,0,0,0,0,0,5,5,0
1788435120.281866,4160998,1977604,0.0,ERROR-ACTIVE,0,0,0,0,0,5,5,0
1788435120.2919025,4161010,1977617,0.0,ERROR-ACTIVE,0,0,0,0,0,5,5,0
1788435120.301865,4161021,1977635,0.0,ERROR-ACTIVE,0,0,0,0,0,5,5,0
1788435120.3118854,4161036,1977646,0.0,ERROR-ACTIVE,0,0,0,0,0,5,5,0
1788435120.3218918,4161050,1977657,0.0,ERROR-ACTIVE,0,0,0,0,0,5,5,0
1788435120.3374543,4161063,1977674,0.0,ERROR-ACTIVE,0,0,0,0,0,5,5,0
1788435120.3418324,4161078,1977691,0.0,ERROR-ACTIVE,0,0,0,0,0,5,5,0
1788435120.3519092,4161093,1977700,0.0,ERROR-ACTIVE,0,0,0,0,0,5,5,0
1788435120.3619447,4161100,1977719,0.0,ERROR-ACTIVE,0,0,0,0,0,5,5,0
1788435120.371836,4161114,1977733,0.0,ERROR-ACTIVE,0,0,0,0,0,5,5,0
1788435120.381969,4161134,1977741,0.0,ERROR-ACTIVE,0,0,0,0,0,5,5,0
1788435120.3919625,4161167,1977746,0.0,ERROR-ACTIVE,0,0,0,0,0,5,5,0
1788435120.401888,4161199,1977757,0.0,ERROR-ACTIVE,0,0,0,0,0,5,5,0
1788435120.411931,4161228,1977767,0.0,ERROR-ACTIVE,0,0,0,0,0,5,5,0
1788435120.421937,4161260,1977782,0.0,ERROR-ACTIVE,0,0,0,0,0,5,5,0
1788435120.4318707,4161292,1977795,0.0,ERROR-ACTIVE,0,0,0,0,0,5,5,0
1788435120.4418764,4161319,1977804,0.0,ERROR-ACTIVE,0,0,0,0,0,5,5,0
1788435120.451914,4161353,1977809,0.0,ERROR-ACTIVE,0,0,0,0,0,5,5,0
1788435120.461839,4161384,1977821,0.0,ERROR-ACTIVE,0,0,0,0,0,5,5,0
1788435120.4718735,4161417,1977833,0.0,ERROR-ACTIVE,0,0,0,0,0,5,5,0
1788435120.481834,4161448,1977848,0.0,ERROR-ACTIVE,0,0,0,0,0,5,5,0
1788435120.4918778,4161479,1977862,0.0,ERROR-ACTIVE,0,0,0,0,0,5,5,0
1788435120.501851,4161505,1977874,0.0,ERROR-ACTIVE,0,0,0,0,0,5,5,0
1788435120.511879,4161526,1977878,0.0,ERROR-ACTIVE,0,0,0,0,0,5,5,0
1788435120.5220912,4161549,1977887,0.0,ERROR-ACTIVE,0,0,0,0,0,5,5,0
1788435120.5318487,4161563,1977898,0.0,ERROR-ACTIVE,0,0,0,0,0,5,5,0
1788435120.541898,4161573,1977913,0.0,ERROR-ACTIVE,0,0,0,0,0,5,5,0
1788435120.5518725,4161590,1977926,0.0,ERROR-ACTIVE,0,0,0,0,0,5,5,0
1788435120.5618265,4161603,1977938,0.0,ERROR-ACTIVE,0,0,0,0,0,5,5,0
1788435120.5718822,4161619,1977946,0.0,ERROR-ACTIVE,0,0,0,0,0,5,5,0
1788435120.5818527,4161639,1977962,0.0,ERROR-ACTIVE,0,0,0,0,0,5,5,0
1788435120.5918853,4161655,1977978,0.0,ERROR-ACTIVE,0,0,0,0,0,5,5,0
1788435120.6019032,4161665,1977987,0.0,ERROR-ACTIVE,0,0,0,0,0,5,5,0
1788435120.6119165,4161686,1977993,0.0,ERROR-ACTIVE,0,0,0,0,0,5,5,0
1788435120.621955,4161696,1978002,0.0,ERROR-ACTIVE,0,0,0,0,0,5,5,0
1788435120.6318703,4161709,1978017,0.0,ERROR-ACTIVE,0,0,0,0,0,5,5,0
1788435120.6418304,4161729,1978028,0.0,ERROR-ACTIVE,0,0,0,0,0,5,5,0
1788435120.6518764,4161745,1978036,0.0,ERROR-ACTIVE,0,0,0,0,0,5,5,0
1788435120.661835,4161759,1978050,0.0,ERROR-ACTIVE,0,0,0,0,0,5,5,0
1788435120.6718502,4161769,1978065,0.0,ERROR-ACTIVE,0,0,0,0,0,5,5,0
1788435120.6819515,4161783,1978071,0.0,ERROR-ACTIVE,0,0,0,0,0,5,5,0
1788435120.691873,4161795,1978077,0.0,ERROR-ACTIVE,0,0,0,0,0,5,5,0
1788435120.7018762,4161822,1978089,0.0,ERROR-ACTIVE,0,0,0,0,0,5,5,0
1788435120.7118568,4161850,1978099,0.0,ERROR-ACTIVE,0,0,0,0,0,5,5,0
1788435120.7219017,4161879,1978116,0.0,ERROR-ACTIVE,0,0,0,0,0,5,5,0
1788435120.7318878,4161907,1978127,0.0,ERROR-ACTIVE,0,0,0,0,0,5,5,0
1788435120.7419357,4161939,1978134,0.0,ERROR-ACTIVE,0,0,0,0,0,5,5,0
1788435120.7519026,4161963,1978146,0.0,ERROR-ACTIVE,0,0,0,0,0,5,5,0
1788435120.7618778,4161990,1978160,0.0,ERROR-ACTIVE,0,0,0,0,0,5,5,0
1788435120.771935,4162025,1978174,0.0,ERROR-ACTIVE,0,0,0,0,0,5,5,0
1788435120.7818687,4162057,1978186,0.0,ERROR-ACTIVE,0,0,0,0,0,5,5,0
1788435120.7919147,4162086,1978196,0.0,ERROR-ACTIVE,0,0,0,0,0,5,5,0
1788435120.8018627,4162115,1978202,0.0,ERROR-ACTIVE,0,0,0,0,0,5,5,0
1788435120.8118832,4162135,1978209,0.0,ERROR-ACTIVE,0,0,0,0,0,5,5,0
1788435120.821882,4162171,1978217,0.0,ERROR-ACTIVE,0,0,0,0,0,5,5,0
1788435120.8318517,4162200,1978229,0.0,ERROR-ACTIVE,0,0,0,0,0,5,5,0
1788435120.8464565,4162220,1978243,0.0,ERROR-ACTIVE,0,0,0,0,0,5,5,0
1788435120.8518755,4162238,1978258,0.0,ERROR-ACTIVE,0,0,0,0,0,5,5,0
1788435120.8619308,4162251,1978272,0.0,ERROR-ACTIVE,0,0,0,0,0,5,5,0
1788435120.871854,4162268,1978275,0.0,ERROR-ACTIVE,0,0,0,0,0,5,5,0
1788435120.8818567,4162280,1978291,0.0,ERROR-ACTIVE,0,0,0,0,0,5,5,0
1788435120.8918262,4162295,1978300,0.0,ERROR-ACTIVE,0,0,0,0,0,5,5,0
1788435120.9018793,4162314,1978313,0.0,ERROR-ACTIVE,0,0,0,0,0,5,5,0
1788435120.9119272,4162346,1978321,0.0,ERROR-ACTIVE,0,0,0,0,0,5,5,0
1788435120.9218924,4162381,1978330,0.0,ERROR-ACTIVE,0,0,0,0,0,5,5,0
1788435120.9318879,4162414,1978341,0.0,ERROR-ACTIVE,0,0,0,0,0,5,5,0
1788435120.941914,4162433,1978354,0.0,ERROR-ACTIVE,0,0,0,0,0,5,5,0
1788435120.9519088,4162447,1978370,0.0,ERROR-ACTIVE,0,0,0,0,0,5,5,0
1788435120.9618728,4162464,1978377,0.0,ERROR-ACTIVE,0,0,0,0,0,5,5,0
1788435120.9718702,4162497,1978386,0.0,ERROR-ACTIVE,0,0,0,0,0,5,5,0
1788435120.981888,4162527,1978398,0.0,ERROR-ACTIVE,0,0,0,0,0,5,5,0
1788435120.9918795,4162539,1978408,0.0,ERROR-ACTIVE,0,0,0,0,0,5,5,0
1788435121.001872,4162555,1978416,0.0,ERROR-ACTIVE,0,0,0,0,0,5,5,0
1788435121.011901,4162571,1978432,0.0,ERROR-ACTIVE,0,0,0,0,0,5,5,0
1788435121.0218456,4162585,1978447,0.0,ERROR-ACTIVE,0,0,0,0,0,5,5,0
1788435121.031871,4162602,1978454,0.0,ERROR-ACTIVE,0,0,0,0,0,5,5,0
1788435121.0418355,4162619,1978466,0.0,ERROR-ACTIVE,0,0,0,0,0,5,5,0
1788435121.0519888,4162633,1978481,0.0,ERROR-ACTIVE,0,0,0,0,0,5,5,0
1788435121.0618935,4162646,1978490,0.0,ERROR-ACTIVE,0,0,0,0,0,5,5,0
1788435121.0718894,4162676,1978509,0.0,ERROR-ACTIVE,0,0,0,0,0,5,5,0
1788435121.0818467,4162701,1978524,0.0,ERROR-ACTIVE,0,0,0,0,0,5,5,0
1788435121.0919318,4162726,1978529,0.0,ERROR-ACTIVE,0,0,0,0,0,5,5,0
1788435121.1017807,4162749,1978545,0.0,ERROR-ACTIVE,0,0,0,0,0,5,5,0
1788435121.1118739,4162778,1978558,0.0,ERROR-ACTIVE,0,0,0,0,0,5,5,0
1788435121.1218164,4162810,1978573,0.0,ERROR-ACTIVE,0,0,0,0,0,5,5,0
1788435121.131864,4162831,1978577,0.0,ERROR-ACTIVE,0,0,0,0,0,5,5,0
1788435121.141911,4162854,1978587,0.0,ERROR-ACTIVE,0,0,0,0,0,5,5,0
1788435121.1518784,4162890,1978594,0.0,ERROR-ACTIVE,0,0,0,0,0,5,5,0
1788435121.1618445,4162924,1978605,0.0,ERROR-ACTIVE,0,0,0,0,0,5,5,0
1788435121.1717706,4162940,1978622,0.0,ERROR-ACTIVE,0,0,0,0,0,5,5,0
1788435121.1819794,4162950,1978631,0.0,ERROR-ACTIVE,0,0,0,0,0,5,5,0
1788435121.1919007,4162970,1978650,0.0,ERROR-ACTIVE,0,0,0,0,0,5,5,0
1788435121.2018898,4162986,1978658,0.0,ERROR-ACTIVE,0,0,0,0,0,5,5,0
1788435121.2118773,4163002,1978665,0.0,ERROR-ACTIVE,0,0,0,0,0,5,5,0
1788435121.2220652,4163014,1978686,0.0,ERROR-ACTIVE,0,0,0,0,0,5,5,0
1788435121.2319016,4163028,1978699,0.0,ERROR-ACTIVE,0,0,0,0,0,5,5,0
1788435121.2418666,4163042,1978710,0.0,ERROR-ACTIVE,0,0,0,0,0,5,5,0
1788435121.2518947,4163057,1978727,0.0,ERROR-ACTIVE,0,0,0,0,0,5,5,0
1788435121.261908,4163067,1978732,0.0,ERROR-ACTIVE,0,0,0,0,0,5,5,0
1788435121.2718282,4163084,1978742,0.0,ERROR-ACTIVE,0,0,0,0,0,5,5,0
1788435121.2818189,4163096,1978762,0.0,ERROR-ACTIVE,0,0,0,0,0,5,5,0
1788435121.2918456,4163110,1978765,0.0,ERROR-ACTIVE,0,0,0,0,0,5,5,0
1788435121.3017824,4163135,1978784,0.0,ERROR-ACTIVE,0,0,0,0,0,5,5,0
1788435121.3119,4163167,1978791,0.0,ERROR-ACTIVE,0,0,0,0,0,5,5,0
1788435121.3219652,4163192,1978805,0.0,ERROR-ACTIVE,0,0,0,0,0,5,5,0
1788435121.3318431,4163222,1978825,0.0,ERROR-ACTIVE,0,0,0,0,0,5,5,0
1788435121.347787,4163242,1978835,0.0,ERROR-ACTIVE,0,0,0,0,0,5,5,0
1788435121.351834,4163266,1978853,0.0,ERROR-ACTIVE,0,0,0,0,0,5,5,0
1788435121.361954,4163291,1978859,0.0,ERROR-ACTIVE,0,0,0,0,0,5,5,0
1788435121.3718803,4163316,1978866,0.0,ERROR-ACTIVE,0,0,0,0,0,5,5,0
1788435121.3818767,4163330,1978878,0.0,ERROR-ACTIVE,0,0,0,0,0,5,5,0
1788435121.391894,4163357,1978889,0.0,ERROR-ACTIVE,0,0,0,0,0,5,5,0
1788435121.4018552,4163383,1978909,0.0,ERROR-ACTIVE,0,0,0,0,0,5,5,0
1788435121.4119222,4163405,1978919,0.0,ERROR-ACTIVE,0,0,0,0,0,5,5,0
1788435121.42187,4163419,1978932,0.0,ERROR-ACTIVE,0,0,0,0,0,5,5,0
1788435121.4318776,4163433,1978951,0.0,ERROR-ACTIVE,0,0,0,0,0,5,5,0
1788435121.4419026,4163444,1978956,0.0,ERROR-ACTIVE,0,0,0,0,0,5,5,0
1788435121.451868,4163476,1978966,0.0,ERROR-ACTIVE,0,0,0,0,0,5,5,0
1788435121.4618986,4163505,1978985,0.0,ERROR-ACTIVE,0,0,0,0,0,5,5,0
1788435121.4719002,4163542,1978994,0.0,ERROR-ACTIVE,0,0,0,0,0,5,5,0
1788435121.4818747,4163569,1978999,0.0,ERROR-ACTIVE,0,0,0,0,0,5,5,0
1788435121.4918776,4163591,1979008,0.0,ERROR-ACTIVE,0,0,0,0,0,5,5,0
1788435121.5018895,4163607,1979017,0.0,ERROR-ACTIVE,0,0,0,0,0,5,5,0
1788435121.5118594,4163619,1979035,0.0,ERROR-ACTIVE,0,0,0,0,0,5,5,0
1788435121.5218973,4163639,1979049,0.0,ERROR-ACTIVE,0,0,0,0,0,5,5,0
1788435121.5318565,4163655,1979057,0.0,ERROR-ACTIVE,0,0,0,0,0,5,5,0
1788435121.5419376,4163672,1979064,0.0,ERROR-ACTIVE,0,0,0,0,0,5,5,0
1788435121.551887,4163684,1979079,0.0,ERROR-ACTIVE,0,0,0,0,0,5,5,0
1788435121.561801,4163701,1979095,0.0,ERROR-ACTIVE,0,0,0,0,0,5,5,0
1788435121.571802,4163713,1979109,0.0,ERROR-ACTIVE,0,0,0,0,0,5,5,0
1788435121.5818737,4163729,1979124,0.0,ERROR-ACTIVE,0,0,0,0,0,5,5,0
1788435121.5918765,4163748,1979138,0.0,ERROR-ACTIVE,0,0,0,0,0,5,5,0
1788435121.601866,4163776,1979152,0.0,ERROR-ACTIVE,0,0,0,0,0,5,5,0
1788435121.6118474,4163807,1979168,0.0,ERROR-ACTIVE,0,0,0,0,0,5,5,0
1788435121.6219127,4163838,1979175,0.0,ERROR-ACTIVE,0,0,0,0,0,5,5,0
1788435121.6318886,4163868,1979181,0.0,ERROR-ACTIVE,0,0,0,0,0,5,5,0
1788435121.6418734,4163900,1979192,0.0,ERROR-ACTIVE,0,0,0,0,0,5,5,0
1788435121.651842,4163930,1979209,0.0,ERROR-ACTIVE,0,0,0,0,0,5,5,0
1788435121.6618595,4163949,1979224,0.0,ERROR-ACTIVE,0,0,0,0,0,5,5,0
1788435121.671871,4163967,1979230,0.0,ERROR-ACTIVE,0,0,0,0,0,5,5,0
1788435121.681872,4163984,1979243,0.0,ERROR-ACTIVE,0,0,0,0,0,5,5,0
1788435121.6918876,4163998,1979254,0.0,ERROR-ACTIVE,0,0,0,0,0,5,5,0
1788435121.7019382,4164014,1979267,0.0,ERROR-ACTIVE,0,0,0,0,0,5,5,0
1788435121.711858,4164034,1979284,0.0,ERROR-ACTIVE,0,0,0,0,0,5,5,0
1788435121.7218893,4164046,1979295,0.0,ERROR-ACTIVE,0,0,0,0,0,5,5,0
1788435121.7319288,4164060,1979315,0.0,ERROR-ACTIVE,0,0,0,0,0,5,5,0
1788435121.741951,4164077,1979323,0.0,ERROR-ACTIVE,0,0,0,0,0,5,5,0
1788435121.751904,4164089,1979343,0.0,ERROR-ACTIVE,0,0,0,0,0,5,5,0
1788435121.76189,4164117,1979352,0.0,ERROR-ACTIVE,0,0,0,0,0,5,5,0
1788435121.7718682,4164144,1979371,0.0,ERROR-ACTIVE,0,0,0,0,0,5,5,0
1788435121.7818465,4164179,1979380,0.0,ERROR-ACTIVE,0,0,0,0,0,5,5,0
1788435121.7918472,4164206,1979392,0.0,ERROR-ACTIVE,0,0,0,0,0,5,5,0
1788435121.801864,4164231,1979406,0.0,ERROR-ACTIVE,0,0,0,0,0,5,5,0
1788435121.8118985,4164262,1979416,0.0,ERROR-ACTIVE,0,0,0,0,0,5,5,0
1788435121.821808,4164292,1979428,0.0,ERROR-ACTIVE,0,0,0,0,0,5,5,0
1788435121.8318796,4164323,1979448,0.0,ERROR-ACTIVE,0,0,0,0,0,5,5,0
1788435121.841883,4164351,1979456,0.0,ERROR-ACTIVE,0,0,0,0,0,5,5,0
1788435121.8585436,4164378,1979459,0.0,ERROR-ACTIVE,0,0,0,0,0,5,5,0
1788435121.8618908,4164400,1979467,0.0,ERROR-ACTIVE,0,0,0,0,0,5,5,0
1788435121.8718724,4164421,1979483,0.0,ERROR-ACTIVE,0,0,0,0,0,5,5,0
1788435121.8818965,4164438,1979492,0.0,ERROR-ACTIVE,0,0,0,0,0,5,5,0
1788435121.8919263,4164460,1979504,0.0,ERROR-ACTIVE,0,0,0,0,0,5,5,0
1788435121.9018955,4164478,1979511,0.0,ERROR-ACTIVE,0,0,0,0,0,5,5,0
1788435121.9118893,4164492,1979521,0.0,ERROR-ACTIVE,0,0,0,0,0,5,5,0
1788435121.9219098,4164510,1979539,0.0,ERROR-ACTIVE,0,0,0,0,0,5,5,0
1788435121.9319015,4164530,1979553,0.0,ERROR-ACTIVE,0,0,0,0,0,5,5,0
1788435121.941955,4164564,1979556,0.0,ERROR-ACTIVE,0,0,0,0,0,5,5,0
1788435121.9519076,4164586,1979562,0.0,ERROR-ACTIVE,0,0,0,0,0,5,5,0
1788435121.9618416,4164608,1979574,0.0,ERROR-ACTIVE,0,0,0,0,0,5,5,0
1788435121.9718707,4164625,1979583,0.0,ERROR-ACTIVE,0,0,0,0,0,5,5,0
1788435121.9819086,4164652,1979592,0.0,ERROR-ACTIVE,0,0,0,0,0,5,5,0
1788435121.9919112,4164670,1979606,0.0,ERROR-ACTIVE,0,0,0,0,0,5,5,0
1788435122.0018666,4164684,1979620,0.0,ERROR-ACTIVE,0,0,0,0,0,5,5,0
1788435122.011915,4164698,1979627,0.0,ERROR-ACTIVE,0,0,0,0,0,5,5,0
1788435122.02193,4164714,1979637,0.0,ERROR-ACTIVE,0,0,0,0,0,5,5,0
1788435122.03187,4164728,1979651,0.0,ERROR-ACTIVE,0,0,0,0,0,5,5,0
1788435122.0419197,4164739,1979653,0.0,ERROR-ACTIVE,0,0,0,0,0,5,5,0
1788435122.05188,4164761,1979661,0.0,ERROR-ACTIVE,0,0,0,0,0,5,5,0
1788435122.061841,4164776,1979679,0.0,ERROR-ACTIVE,0,0,0,0,0,5,5,0
1788435122.0718937,4164792,1979682,0.0,ERROR-ACTIVE,0,0,0,0,0,5,5,0
1788435122.0818658,4164808,1979691,0.0,ERROR-ACTIVE,0,0,0,0,0,5,5,0
1788435122.0918882,4164823,1979703,0.0,ERROR-ACTIVE,0,0,0,0,0,5,5,0
1788435122.1018527,4164837,1979709,0.0,ERROR-ACTIVE,0,0,0,0,0,5,5,0
1788435122.1118367,4164852,1979729,0.0,ERROR-ACTIVE,0,0,0,0,0,5,5,0
1788435122.1218848,4164868,1979741,0.0,ERROR-ACTIVE,0,0,0,0,0,5,5,0
1788435122.1318355,4164884,1979756,0.0,ERROR-ACTIVE,0,0,0,0,0,5,5,0
1788435122.1419065,4164898,1979760,0.0,ERROR-ACTIVE,0,0,0,0,0,5,5,0
1788435122.1518924,4164920,1979767,0.0,ERROR-ACTIVE,0,0,0,0,0,5,5,0
1788435122.1618767,4164932,1979784,0.0,ERROR-ACTIVE,0,0,0,0,0,5,5,0
1788435122.171881,4164944,1979793,0.0,ERROR-ACTIVE,0,0,0,0,0,5,5,0
1788435122.181842,4164960,1979812,0.0,ERROR-ACTIVE,0,0,0,0,0,5,5,0
1788435122.1918898,4164974,1979820,0.0,ERROR-ACTIVE,0,0,0,0,0,5,5,0
1788435122.201873,4164990,1979834,0.0,ERROR-ACTIVE,0,0,0,0,0,5,5,0
1788435122.2118454,4165011,1979846,0.0,ERROR-ACTIVE,0,0,0,0,0,5,5,0
1788435122.2218761,4165026,1979857,0.0,ERROR-ACTIVE,0,0,0,0,0,5,5,0
1788435122.2318778,4165036,1979875,0.0,ERROR-ACTIVE,0,0,0,0,0,5,5,0
1788435122.242039,4165055,1979883,0.0,ERROR-ACTIVE,0,0,0,0,0,5,5,0
1788435122.2519257,4165068,1979889,0.0,ERROR-ACTIVE,0,0,0,0,0,5,5,0
1788435122.2618644,4165081,1979901,0.0,ERROR-ACTIVE,0,0,0,0,0,5,5,0
1788435122.2719011,4165102,1979916,0.0,ERROR-ACTIVE,0,0,0,0,0,5,5,0
1788435122.2818885,4165115,1979929,0.0,ERROR-ACTIVE,0,0,0,0,0,5,5,0
1788435122.2918322,4165127,1979941,0.0,ERROR-ACTIVE,0,0,0,0,0,5,5,0
1788435122.301855,4165144,1979957,0.0,ERROR-ACTIVE,0,0,0,0,0,5,5,0
1788435122.3118577,4165155,1979970,0.0,ERROR-ACTIVE,0,0,0,0,0,5,5,0
1788435122.3218453,4165166,1979985,0.0,ERROR-ACTIVE,0,0,0,0,0,5,5,0
1788435122.3318462,4165187,1980000,0.0,ERROR-ACTIVE,0,0,0,0,0,5,5,0
1788435122.3418727,4165201,1980011,0.0,ERROR-ACTIVE,0,0,0,0,0,5,5,0
1788435122.351879,4165216,1980017,0.0,ERROR-ACTIVE,0,0,0,0,0,5,5,0
1788435122.3689888,4165235,1980028,0.0,ERROR-ACTIVE,0,0,0,0,0,5,5,0
1788435122.371851,4165248,1980040,0.0,ERROR-ACTIVE,0,0,0,0,0,5,5,0
1788435122.3818088,4165259,1980057,0.0,ERROR-ACTIVE,0,0,0,0,0,5,5,0
1788435122.3919559,4165272,1980059,0.0,ERROR-ACTIVE,0,0,0,0,0,5,5,0
1788435122.4018402,4165288,1980070,0.0,ERROR-ACTIVE,0,0,0,0,0,5,5,0
1788435122.4117727,4165302,1980085,0.0,ERROR-ACTIVE,0,0,0,0,0,5,5,0
1788435122.4219468,4165317,1980098,0.0,ERROR-ACTIVE,0,0,0,0,0,5,5,0
1788435122.4317605,4165335,1980112,0.0,ERROR-ACTIVE,0,0,0,0,0,5,5,0
1788435122.4419174,4165348,1980121,0.0,ERROR-ACTIVE,0,0,0,0,0,5,5,0
1788435122.4519048,4165360,1980127,0.0,ERROR-ACTIVE,0,0,0,0,0,5,5,0
1788435122.4618428,4165374,1980144,0.0,ERROR-ACTIVE,0,0,0,0,0,5,5,0
1788435122.471886,4165389,1980155,0.0,ERROR-ACTIVE,0,0,0,0,0,5,5,0
1788435122.4819102,4165403,1980169,0.0,ERROR-ACTIVE,0,0,0,0,0,5,5,0
1788435122.491998,4165424,1980178,0.0,ERROR-ACTIVE,0,0,0,0,0,5,5,0
1788435122.5019186,4165435,1980190,0.0,ERROR-ACTIVE,0,0,0,0,0,5,5,0
1788435122.5119002,4165444,1980211,0.0,ERROR-ACTIVE,0,0,0,0,0,5,5,0
1788435122.5222042,4165459,1980223,0.0,ERROR-ACTIVE,0,0,0,0,0,5,5,0
1788435122.531887,4165473,1980236,0.0,ERROR-ACTIVE,0,0,0,0,0,5,5,0
1788435122.5418746,4165481,1980253,0.0,ERROR-ACTIVE,0,0,0,0,0,5,5,0
1788435122.5518918,4165504,1980261,0.0,ERROR-ACTIVE,0,0,0,0,0,5,5,0
1788435122.5619116,4165515,1980276,0.0,ERROR-ACTIVE,0,0,0,0,0,5,5,0
1788435122.5719247,4165526,1980295,0.0,ERROR-ACTIVE,0,0,0,0,0,5,5,0
1788435122.58188,4165546,1980309,0.0,ERROR-ACTIVE,0,0,0,0,0,5,5,0
1788435122.5919514,4165558,1980318,0.0,ERROR-ACTIVE,0,0,0,0,0,5,5,0
1788435122.6019216,4165570,1980328,0.0,ERROR-ACTIVE,0,0,0,0,0,5,5,0
1788435122.6118846,4165586,1980344,0.0,ERROR-ACTIVE,0,0,0,0,0,5,5,0
1788435122.6218526,4165600,1980356,0.0,ERROR-ACTIVE,0,0,0,0,0,5,5,0
1788435122.6318889,4165615,1980365,0.0,ERROR-ACTIVE,0,0,0,0,0,5,5,0
1788435122.6418316,4165630,1980375,0.0,ERROR-ACTIVE,0,0,0,0,0,5,5,0
1788435122.6518962,4165643,1980386,0.0,ERROR-ACTIVE,0,0,0,0,0,5,5,0
1788435122.661927,4165656,1980400,0.0,ERROR-ACTIVE,0,0,0,0,0,5,5,0
1788435122.6718864,4165675,1980403,0.0,ERROR-ACTIVE,0,0,0,0,0,5,5,0
1788435122.6819103,4165693,1980415,0.0,ERROR-ACTIVE,0,0,0,0,0,5,5,0
1788435122.6919057,4165709,1980429,0.0,ERROR-ACTIVE,0,0,0,0,0,5,5,0
1788435122.7018661,4165722,1980443,0.0,ERROR-ACTIVE,0,0,0,0,0,5,5,0
1788435122.7118936,4165737,1980446,0.0,ERROR-ACTIVE,0,0,0,0,0,5,5,0
1788435122.7219286,4165754,1980461,0.0,ERROR-ACTIVE,0,0,0,0,0,5,5,0
1788435122.7318232,4165769,1980475,0.0,ERROR-ACTIVE,0,0,0,0,0,5,5,0
1788435122.7418914,4165785,1980485,0.0,ERROR-ACTIVE,0,0,0,0,0,5,5,0
1788435122.7518582,4165801,1980493,0.0,ERROR-ACTIVE,0,0,0,0,0,5,5,0
1788435122.7619257,4165815,1980512,0.0,ERROR-ACTIVE,0,0,0,0,0,5,5,0
1788435122.772029,4165834,1980520,0.0,ERROR-ACTIVE,0,0,0,0,0,5,5,0
1788435122.7817829,4165845,1980528,0.0,ERROR-ACTIVE,0,0,0,0,0,5,5,0
1788435122.7918892,4165861,1980547,0.0,ERROR-ACTIVE,0,0,0,0,0,5,5,0
1788435122.8018312,4165875,1980561,0.0,ERROR-ACTIVE,0,0,0,0,0,5,5,0
1788435122.8119006,4165890,1980567,0.0,ERROR-ACTIVE,0,0,0,0,0,5,5,0
1788435122.8218818,4165904,1980573,0.0,ERROR-ACTIVE,0,0,0,0,0,5,5,0
1788435122.831853,4165925,1980589,0.0,ERROR-ACTIVE,0,0,0,0,0,5,5,0
1788435122.8418953,4165939,1980598,0.0,ERROR-ACTIVE,0,0,0,0,0,5,5,0
1788435122.852116,4165948,1980605,0.0,ERROR-ACTIVE,0,0,0,0,0,5,5,0
1788435122.861786,4165964,1980616,0.0,ERROR-ACTIVE,0,0,0,0,0,5,5,0
1788435122.8783367,4165978,1980631,0.0,ERROR-ACTIVE,0,0,0,0,0,5,5,0
1788435122.8818047,4165991,1980645,0.0,ERROR-ACTIVE,0,0,0,0,0,5,5,0
1788435122.891806,4166012,1980653,0.0,ERROR-ACTIVE,0,0,0,0,0,5,5,0
1788435122.901959,4166025,1980665,0.0,ERROR-ACTIVE,0,0,0,0,0,5,5,0
1788435122.9118605,4166039,1980678,0.0,ERROR-ACTIVE,0,0,0,0,0,5,5,0
1788435122.9218476,4166054,1980694,0.0,ERROR-ACTIVE,0,0,0,0,0,5,5,0
1788435122.9318438,4166068,1980701,0.0,ERROR-ACTIVE,0,0,0,0,0,5,5,0
1788435122.9419265,4166083,1980706,0.0,ERROR-ACTIVE,0,0,0,0,0,5,5,0
1788435122.9518125,4166100,1980716,0.0,ERROR-ACTIVE,0,0,0,0,0,5,5,0
1788435122.9618917,4166117,1980727,0.0,ERROR-ACTIVE,0,0,0,0,0,5,5,0
1788435122.971936,4166125,1980743,0.0,ERROR-ACTIVE,0,0,0,0,0,5,5,0
1788435122.9818084,4166143,1980757,0.0,ERROR-ACTIVE,0,0,0,0,0,5,5,0
1788435122.991889,4166158,1980759,0.0,ERROR-ACTIVE,0,0,0,0,0,5,5,0
1788435123.001858,4166173,1980767,0.0,ERROR-ACTIVE,0,0,0,0,0,5,5,0
1788435123.0118697,4166186,1980782,0.0,ERROR-ACTIVE,0,0,0,0,0,5,5,0
1788435123.0218947,4166204,1980799,0.0,ERROR-ACTIVE,0,0,0,0,0,5,5,0
1788435123.0318546,4166221,1980807,0.0,ERROR-ACTIVE,0,0,0,0,0,5,5,0
1788435123.0418696,4166231,1980816,0.0,ERROR-ACTIVE,0,0,0,0,0,5,5,0
1788435123.0519323,4166249,1980834,0.0,ERROR-ACTIVE,0,0,0,0,0,5,5,0
1788435123.0619063,4166262,1980844,0.0,ERROR-ACTIVE,0,0,0,0,0,5,5,0
1788435123.0719867,4166276,1980853,0.0,ERROR-ACTIVE,0,0,0,0,0,5,5,0
1788435123.0818102,4166292,1980869,0.0,ERROR-ACTIVE,0,0,0,0,0,5,5,0
1788435123.0919347,4166305,1980883,0.0,ERROR-ACTIVE,0,0,0,0,0,5,5,0
1788435123.101884,4166321,1980889,0.0,ERROR-ACTIVE,0,0,0,0,0,5,5,0
1788435123.1118748,4166338,1980898,0.0,ERROR-ACTIVE,0,0,0,0,0,5,5,0
1788435123.1218698,4166351,1980916,0.0,ERROR-ACTIVE,0,0,0,0,0,5,5,0
1788435123.1318123,4166361,1980931,0.0,ERROR-ACTIVE,0,0,0,0,0,5,5,0
1788435123.1418843,4166380,1980941,0.0,ERROR-ACTIVE,0,0,0,0,0,5,5,0
1788435123.151865,4166397,1980950,0.0,ERROR-ACTIVE,0,0,0,0,0,5,5,0
1788435123.161922,4166429,1980966,0.0,ERROR-ACTIVE,0,0,0,0,0,5,5,0
1788435123.1718926,4166453,1980977,0.0,ERROR-ACTIVE,0,0,0,0,0,5,5,0
1788435123.1818283,4166478,1980993,0.0,ERROR-ACTIVE,0,0,0,0,0,5,5,0
1788435123.19189,4166510,1981009,0.0,ERROR-ACTIVE,0,0,0,0,0,5,5,0
1788435123.2019627,4166538,1981017,0.0,ERROR-ACTIVE,0,0,0,0,0,5,5,0
1788435123.2118328,4166568,1981027,0.0,ERROR-ACTIVE,0,0,0,0,0,5,5,0
1788435123.2219079,4166599,1981042,0.0,ERROR-ACTIVE,0,0,0,0,0,5,5,0
1788435123.2317944,4166630,1981057,0.0,ERROR-ACTIVE,0,0,0,0,0,5,5,0
1788435123.2418509,4166661,1981071,0.0,ERROR-ACTIVE,0,0,0,0,0,5,5,0
1788435123.2518544,4166695,1981085,0.0,ERROR-ACTIVE,0,0,0,0,0,5,5,0
1788435123.2618299,4166725,1981100,0.0,ERROR-ACTIVE,0,0,0,0,0,5,5,0
1788435123.271938,4166752,1981104,0.0,ERROR-ACTIVE,0,0,0,0,0,5,5,0
1788435123.2819018,4166783,1981114,0.0,ERROR-ACTIVE,0,0,0,0,0,5,5,0
1788435123.2918825,4166814,1981124,0.0,ERROR-ACTIVE,0,0,0,0,0,5,5,0
1788435123.3019648,4166849,1981135,0.0,ERROR-ACTIVE,0,0,0,0,0,5,5,0
1788435123.3118718,4166879,1981142,0.0,ERROR-ACTIVE,0,0,0,0,0,5,5,0
1788435123.3219047,4166911,1981155,0.0,ERROR-ACTIVE,0,0,0,0,0,5,5,0
1788435123.331857,4166942,1981170,0.0,ERROR-ACTIVE,0,0,0,0,0,5,5,0
1788435123.3419108,4166976,1981184,0.0,ERROR-ACTIVE,0,0,0,0,0,5,5,0
1788435123.351847,4167014,1981192,0.0,ERROR-ACTIVE,0,0,0,0,0,5,5,0
1788435123.3618062,4167044,1981205,0.0,ERROR-ACTIVE,0,0,0,0,0,5,5,0
1788435123.378454,4167073,1981212,0.0,ERROR-ACTIVE,0,0,0,0,0,5,5,0
1788435123.3818254,4167094,1981220,0.0,ERROR-ACTIVE,0,0,0,0,0,5,5,0
1788435123.3918777,4167103,1981239,0.0,ERROR-ACTIVE,0,0,0,0,0,5,5,0
1788435123.4019365,4167115,1981257,0.0,ERROR-ACTIVE,0,0,0,0,0,5,5,0
1788435123.4118607,4167143,1981268,0.0,ERROR-ACTIVE,0,0,0,0,0,5,5,0
1788435123.4218748,4167176,1981282,0.0,ERROR-ACTIVE,0,0,0,0,0,5,5,0
1788435123.4318557,4167193,1981290,0.0,ERROR-ACTIVE,0,0,0,0,0,5,5,0
1788435123.4418998,4167219,1981309,0.0,ERROR-ACTIVE,0,0,0,0,0,5,5,0
1788435123.4518416,4167238,1981320,0.0,ERROR-ACTIVE,0,0,0,0,0,5,5,0
1788435123.4618888,4167251,1981326,0.0,ERROR-ACTIVE,0,0,0,0,0,5,5,0
1788435123.4719143,4167266,1981345,0.0,ERROR-ACTIVE,0,0,0,0,0,5,5,0
1788435123.4818406,4167284,1981359,0.0,ERROR-ACTIVE,0,0,0,0,0,5,5,0
1788435123.4919088,4167317,1981368,0.0,ERROR-ACTIVE,0,0,0,0,0,5,5,0
1788435123.5018392,4167346,1981381,0.0,ERROR-ACTIVE,0,0,0,0,0,5,5,0
1788435123.5118887,4167360,1981401,0.0,ERROR-ACTIVE,0,0,0,0,0,5,5,0
1788435123.5218937,4167376,1981414,0.0,ERROR-ACTIVE,0,0,0,0,0,5,5,0
1788435123.5323205,4167391,1981422,0.0,ERROR-ACTIVE,0,0,0,0,0,5,5,0
1788435123.5418618,4167403,1981431,0.0,ERROR-ACTIVE,0,0,0,0,0,5,5,0
1788435123.5518405,4167423,1981443,0.0,ERROR-ACTIVE,0,0,0,0,0,5,5,0
1788435123.5619013,4167438,1981453,0.0,ERROR-ACTIVE,0,0,0,0,0,5,5,0
1788435123.571878,4167454,1981464,0.0,ERROR-ACTIVE,0,0,0,0,0,5,5,0
1788435123.5819013,4167468,1981472,0.0,ERROR-ACTIVE,0,0,0,0,0,5,5,0
1788435123.5918868,4167484,1981483,0.0,ERROR-ACTIVE,0,0,0,0,0,5,5,0
1788435123.6018639,4167498,1981499,0.0,ERROR-ACTIVE,0,0,0,0,0,5,5,0
1788435123.611878,4167516,1981507,0.0,ERROR-ACTIVE,0,0,0,0,0,5,5,0
1788435123.621918,4167536,1981514,0.0,ERROR-ACTIVE,0,0,0,0,0,5,5,0
1788435123.6318603,4167550,1981534,0.0,ERROR-ACTIVE,0,0,0,0,0,5,5,0
1788435123.6418965,4167562,1981543,0.0,ERROR-ACTIVE,0,0,0,0,0,5,5,0
1788435123.651861,4167580,1981547,0.0,ERROR-ACTIVE,0,0,0,0,0,5,5,0
1788435123.6618721,4167594,1981560,0.0,ERROR-ACTIVE,0,0,0,0,0,5,5,0
1788435123.6718795,4167608,1981573,0.0,ERROR-ACTIVE,0,0,0,0,0,5,5,0
1788435123.6818504,4167629,1981584,0.0,ERROR-ACTIVE,0,0,0,0,0,5,5,0
1788435123.6918876,4167666,1981592,0.0,ERROR-ACTIVE,0,0,0,0,0,5,5,0
1788435123.7018337,4167703,1981599,0.0,ERROR-ACTIVE,0,0,0,0,0,5,5,0
1788435123.71188,4167738,1981616,0.0,ERROR-ACTIVE,0,0,0,0,0,5,5,0
1788435123.721888,4167769,1981624,0.0,ERROR-ACTIVE,0,0,0,0,0,5,5,0
1788435123.7318265,4167799,1981639,0.0,ERROR-ACTIVE,0,0,0,0,0,5,5,0
1788435123.7418976,4167829,1981651,0.0,ERROR-ACTIVE,0,0,0,0,0,5,5,0
1788435123.7518814,4167864,1981655,0.0,ERROR-ACTIVE,0,0,0,0,0,5,5,0
1788435123.7618394,4167893,1981674,0.0,ERROR-ACTIVE,0,0,0,0,0,5,5,0
1788435123.7719083,4167907,1981685,0.0,ERROR-ACTIVE,0,0,0,0,0,5,5,0
1788435123.7818694,4167939,1981691,0.0,ERROR-ACTIVE,0,0,0,0,0,5,5,0
1788435123.791882,4167970,1981697,0.0,ERROR-ACTIVE,0,0,0,0,0,5,5,0
1788435123.8018327,4167993,1981714,0.0,ERROR-ACTIVE,0,0,0,0,0,5,5,0
1788435123.8118575,4168009,1981726,0.0,ERROR-ACTIVE,0,0,0,0,0,5,5,0
1788435123.821887,4168021,1981737,0.0,ERROR-ACTIVE,0,0,0,0,0,5,5,0
1788435123.8318381,4168037,1981750,0.0,ERROR-ACTIVE,0,0,0,0,0,5,5,0
1788435123.8418674,4168053,1981765,0.0,ERROR-ACTIVE,0,0,0,0,0,5,5,0
1788435123.8518326,4168069,1981776,0.0,ERROR-ACTIVE,0,0,0,0,0,5,5,0
1788435123.861859,4168083,1981785,0.0,ERROR-ACTIVE,0,0,0,0,0,5,5,0
1788435123.8718958,4168103,1981796,0.0,ERROR-ACTIVE,0,0,0,0,0,5,5,0
1788435123.8867044,4168117,1981806,0.0,ERROR-ACTIVE,0,0,0,0,0,5,5,0
1788435123.8918426,4168129,1981815,0.0,ERROR-ACTIVE,0,0,0,0,0,5,5,0
1788435123.901855,4168143,1981832,0.0,ERROR-ACTIVE,0,0,0,0,0,5,5,0
1788435123.9118853,4168154,1981849,0.0,ERROR-ACTIVE,0,0,0,0,0,5,5,0
1788435123.9218965,4168168,1981863,0.0,ERROR-ACTIVE,0,0,0,0,0,5,5,0
1788435123.931868,4168200,1981869,0.0,ERROR-ACTIVE,0,0,0,0,0,5,5,0
1788435123.941889,4168233,1981875,0.0,ERROR-ACTIVE,0,0,0,0,0,5,5,0
1788435123.951882,4168264,1981882,0.0,ERROR-ACTIVE,0,0,0,0,0,5,5,0
1788435123.9619105,4168295,1981897,0.0,ERROR-ACTIVE,0,0,0,0,0,5,5,0
1788435123.9718544,4168328,1981908,0.0,ERROR-ACTIVE,0,0,0,0,0,5,5,0
1788435123.9818945,4168359,1981926,0.0,ERROR-ACTIVE,0,0,0,0,0,5,5,0
1788435123.991898,4168385,1981936,0.0,ERROR-ACTIVE,0,0,0,0,0,5,5,0
1788435124.0018635,4168419,1981946,0.0,ERROR-ACTIVE,0,0,0,0,0,5,5,0
1788435124.01188,4168442,1981958,0.0,ERROR-ACTIVE,0,0,0,0,0,5,5,0
1788435124.02187,4168461,1981972,0.0,ERROR-ACTIVE,0,0,0,0,0,5,5,0
1788435124.0318618,4168472,1981989,0.0,ERROR-ACTIVE,0,0,0,0,0,5,5,0
1788435124.0419288,4168489,1981993,0.0,ERROR-ACTIVE,0,0,0,0,0,5,5,0
1788435124.0519016,4168511,1982003,0.0,ERROR-ACTIVE,0,0,0,0,0,5,5,0
1788435124.0619063,4168525,1982003,0.0,ERROR-ACTIVE,0,0,0,0,0,5,5,0
1788435124.0718858,4168535,1982007,0.0,ERROR-ACTIVE,0,0,0,0,0,5,5,0
1788435124.0819023,4168557,1982018,0.0,ERROR-ACTIVE,0,0,0,0,0,5,5,0
1788435124.0919,4168572,1982028,0.0,ERROR-ACTIVE,0,0,0,0,0,5,5,0
1788435124.101877,4168587,1982038,0.0,ERROR-ACTIVE,0,0,0,0,0,5,5,0
1788435124.1118586,4168603,1982048,0.0,ERROR-ACTIVE,0,0,0,0,0,5,5,0
1788435124.121869,4168619,1982066,0.0,ERROR-ACTIVE,0,0,0,0,0,5,5,0
1788435124.1319203,4168633,1982071,0.0,ERROR-ACTIVE,0,0,0,0,0,5,5,0
1788435124.1418347,4168650,1982079,0.0,ERROR-ACTIVE,0,0,0,0,0,5,5,0
1788435124.1518807,4168667,1982089,0.0,ERROR-ACTIVE,0,0,0,0,0,5,5,0
1788435124.161863,4168682,1982102,0.0,ERROR-ACTIVE,0,0,0,0,0,5,5,0
1788435124.1719022,4168695,1982111,0.0,ERROR-ACTIVE,0,0,0,0,0,5,5,0
1788435124.1818497,4168710,1982126,0.0,ERROR-ACTIVE,0,0,0,0,0,5,5,0
1788435124.1918752,4168720,1982143,0.0,ERROR-ACTIVE,0,0,0,0,0,5,5,0
1788435124.2018578,4168731,1982157,0.0,ERROR-ACTIVE,0,0,0,0,0,5,5,0
1788435124.2118795,4168747,1982170,0.0,ERROR-ACTIVE,0,0,0,0,0,5,5,0
1788435124.2218766,4168760,1982182,0.0,ERROR-ACTIVE,0,0,0,0,0,5,5,0
1788435124.2319164,4168775,1982196,0.0,ERROR-ACTIVE,0,0,0,0,0,5,5,0
1788435124.2418797,4168798,1982213,0.0,ERROR-ACTIVE,0,0,0,0,0,5,5,0
1788435124.2519135,4168812,1982223,0.0,ERROR-ACTIVE,0,0,0,0,0,5,5,0
1788435124.2619119,4168824,1982239,0.0,ERROR-ACTIVE,0,0,0,0,0,5,5,0
1788435124.271946,4168843,1982253,0.0,ERROR-ACTIVE,0,0,0,0,0,5,5,0
1788435124.2819133,4168854,1982262,0.0,ERROR-ACTIVE,0,0,0,0,0,5,5,0
1788435124.29188,4168864,1982271,0.0,ERROR-ACTIVE,0,0,0,0,0,5,5,0
1788435124.301912,4168880,1982280,0.0,ERROR-ACTIVE,0,0,0,0,0,5,5,0
1788435124.31189,4168894,1982297,0.0,ERROR-ACTIVE,0,0,0,0,0,5,5,0
1788435124.3218672,4168907,1982311,0.0,ERROR-ACTIVE,0,0,0,0,0,5,5,0
1788435124.3318906,4168922,1982313,0.0,ERROR-ACTIVE,0,0,0,0,0,5,5,0
1788435124.3418617,4168938,1982325,0.0,ERROR-ACTIVE,0,0,0,0,0,5,5,0
1788435124.3518946,4168953,1982336,0.0,ERROR-ACTIVE,0,0,0,0,0,5,5,0
1788435124.361888,4168970,1982350,0.0,ERROR-ACTIVE,0,0,0,0,0,5,5,0
1788435124.3718138,4168988,1982367,0.0,ERROR-ACTIVE,0,0,0,0,0,5,5,0
1788435124.3818774,4169003,1982379,0.0,ERROR-ACTIVE,0,0,0,0,0,5,5,0
1788435124.396444,4169018,1982385,0.0,ERROR-ACTIVE,0,0,0,0,0,5,5,0
1788435124.4020011,4169037,1982396,0.0,ERROR-ACTIVE,0,0,0,0,0,5,5,0
1788435124.4119413,4169049,1982417,0.0,ERROR-ACTIVE,0,0,0,0,0,5,5,0
1788435124.421963,4169064,1982429,0.0,ERROR-ACTIVE,0,0,0,0,0,5,5,0
1788435124.431892,4169082,1982437,0.0,ERROR-ACTIVE,0,0,0,0,0,5,5,0
1788435124.4418695,4169095,1982455,0.0,ERROR-ACTIVE,0,0,0,0,0,5,5,0
1788435124.4518657,4169109,1982470,0.0,ERROR-ACTIVE,0,0,0,0,0,5,5,0
1788435124.461838,4169128,1982486,0.0,ERROR-ACTIVE,0,0,0,0,0,5,5,0
1788435124.4718812,4169138,1982500,0.0,ERROR-ACTIVE,0,0,0,0,0,5,5,0
1788435124.4819307,4169154,1982513,0.0,ERROR-ACTIVE,0,0,0,0,0,5,5,0
1788435124.49183,4169172,1982525,0.0,ERROR-ACTIVE,0,0,0,0,0,5,5,0
1788435124.5018456,4169185,1982542,0.0,ERROR-ACTIVE,0,0,0,0,0,5,5,0
1788435124.5119286,4169201,1982549,0.0,ERROR-ACTIVE,0,0,0,0,0,5,5,0
1788435124.5218763,4169223,1982559,0.0,ERROR-ACTIVE,0,0,0,0,0,5,5,0
1788435124.5318542,4169233,1982577,0.0,ERROR-ACTIVE,0,0,0,0,0,5,5,0
1788435124.5418046,4169246,1982591,0.0,ERROR-ACTIVE,0,0,0,0,0,5,5,0
1788435124.5518217,4169265,1982600,0.0,ERROR-ACTIVE,0,0,0,0,0,5,5,0
1788435124.5618603,4169279,1982611,0.0,ERROR-ACTIVE,0,0,0,0,0,5,5,0
1788435124.571842,4169293,1982620,0.0,ERROR-ACTIVE,0,0,0,0,0,5,5,0
1788435124.581881,4169312,1982637,0.0,ERROR-ACTIVE,0,0,0,0,0,5,5,0
1788435124.5918312,4169327,1982654,0.0,ERROR-ACTIVE,0,0,0,0,0,5,5,0
1788435124.601865,4169341,1982655,0.0,ERROR-ACTIVE,0,0,0,0,0,5,5,0
1788435124.6118982,4169355,1982670,0.0,ERROR-ACTIVE,0,0,0,0,0,5,5,0
1788435124.621856,4169371,1982677,0.0,ERROR-ACTIVE,0,0,0,0,0,5,5,0
1788435124.6318688,4169385,1982686,0.0,ERROR-ACTIVE,0,0,0,0,0,5,5,0
1788435124.6423721,4169400,1982703,0.0,ERROR-ACTIVE,0,0,0,0,0,5,5,0
1788435124.6518614,4169414,1982712,0.0,ERROR-ACTIVE,0,0,0,0,0,5,5,0
1788435124.661881,4169430,1982720,0.0,ERROR-ACTIVE,0,0,0,0,0,5,5,0
1788435124.6719832,4169446,1982738,0.0,ERROR-ACTIVE,0,0,0,0,0,5,5,0
1788435124.6819322,4169463,1982746,0.0,ERROR-ACTIVE,0,0,0,0,0,5,5,0
1788435124.692729,4169477,1982756,0.0,ERROR-ACTIVE,0,0,0,0,0,5,5,0
1788435124.701886,4169488,1982765,0.0,ERROR-ACTIVE,0,0,0,0,0,5,5,0
1788435124.7118566,4169505,1982775,0.0,ERROR-ACTIVE,0,0,0,0,0,5,5,0
1788435124.7219305,4169519,1982788,0.0,ERROR-ACTIVE,0,0,0,0,0,5,5,0
1788435124.7318885,4169534,1982808,0.0,ERROR-ACTIVE,0,0,0,0,0,5,5,0
1788435124.741962,4169557,1982816,0.0,ERROR-ACTIVE,0,0,0,0,0,5,5,0
1788435124.7518551,4169572,1982819,0.0,ERROR-ACTIVE,0,0,0,0,0,5,5,0
1788435124.7618566,4169579,1982833,0.0,ERROR-ACTIVE,0,0,0,0,0,5,5,0
1788435124.7718983,4169600,1982850,0.0,ERROR-ACTIVE,0,0,0,0,0,5,5,0
1788435124.781818,4169614,1982861,0.0,ERROR-ACTIVE,0,0,0,0,0,5,5,0
1788435124.7919075,4169626,1982876,0.0,ERROR-ACTIVE,0,0,0,0,0,5,5,0
1788435124.8019009,4169646,1982892,0.0,ERROR-ACTIVE,0,0,0,0,0,5,5,0
1788435124.811857,4169661,1982895,0.0,ERROR-ACTIVE,0,0,0,0,0,5,5,0
1788435124.8218393,4169677,1982906,0.0,ERROR-ACTIVE,0,0,0,0,0,5,5,0
1788435124.8318965,4169689,1982919,0.0,ERROR-ACTIVE,0,0,0,0,0,5,5,0
1788435124.8418972,4169708,1982931,0.0,ERROR-ACTIVE,0,0,0,0,0,5,5,0
1788435124.8518794,4169723,1982940,0.0,ERROR-ACTIVE,0,0,0,0,0,5,5,0
1788435124.8619452,4169754,1982955,0.0,ERROR-ACTIVE,0,0,0,0,0,5,5,0
1788435124.8719065,4169785,1982969,0.0,ERROR-ACTIVE,0,0,0,0,0,5,5,0
1788435124.881976,4169817,1982975,0.0,ERROR-ACTIVE,0,0,0,0,0,5,5,0
1788435124.89187,4169847,1982986,0.0,ERROR-ACTIVE,0,0,0,0,0,5,5,0
1788435124.9078386,4169877,1983004,0.0,ERROR-ACTIVE,0,0,0,0,0,5,5,0
1788435124.9118543,4169909,1983018,0.0,ERROR-ACTIVE,0,0,0,0,0,5,5,0
1788435124.9219031,4169937,1983032,0.0,ERROR-ACTIVE,0,0,0,0,0,5,5,0
1788435124.9319944,4169965,1983037,0.0,ERROR-ACTIVE,0,0,0,0,0,5,5,0
1788435124.941925,4169998,1983046,0.0,ERROR-ACTIVE,0,0,0,0,0,5,5,0
1788435124.95186,4170032,1983055,0.0,ERROR-ACTIVE,0,0,0,0,0,5,5,0
1788435124.961997,4170064,1983071,0.0,ERROR-ACTIVE,0,0,0,0,0,5,5,0
1788435124.971846,4170093,1983082,0.0,ERROR-ACTIVE,0,0,0,0,0,5,5,0
1788435124.9818695,4170119,1983095,0.0,ERROR-ACTIVE,0,0,0,0,0,5,5,0
1788435124.9918895,4170144,1983104,0.0,ERROR-ACTIVE,0,0,0,0,0,5,5,0
1788435125.0018222,4170176,1983112,0.0,ERROR-ACTIVE,0,0,0,0,0,5,5,0
1788435125.0118632,4170206,1983127,0.0,ERROR-ACTIVE,0,0,0,0,0,5,5,0
1788435125.0219674,4170236,1983136,0.0,ERROR-ACTIVE,0,0,0,0,0,5,5,0
1788435125.0319293,4170266,1983149,0.0,ERROR-ACTIVE,0,0,0,0,0,5,5,0
1788435125.042097,4170298,1983165,0.0,ERROR-ACTIVE,0,0,0,0,0,5,5,0
1788435125.0519063,4170328,1983179,0.0,ERROR-ACTIVE,0,0,0,0,0,5,5,0
1788435125.0618424,4170348,1983189,0.0,ERROR-ACTIVE,0,0,0,0,0,5,5,0
1788435125.0719316,4170374,1983198,0.0,ERROR-ACTIVE,0,0,0,0,0,5,5,0
1788435125.081886,4170407,1983214,0.0,ERROR-ACTIVE,0,0,0,0,0,5,5,0
1788435125.091915,4170436,1983228,0.0,ERROR-ACTIVE,0,0,0,0,0,5,5,0
1788435125.1018589,4170472,1983237,0.0,ERROR-ACTIVE,0,0,0,0,0,5,5,0
1788435125.1119027,4170504,1983245,0.0,ERROR-ACTIVE,0,0,0,0,0,5,5,0
1788435125.1218216,4170542,1983259,0.0,ERROR-ACTIVE,0,0,0,0,0,5,5,0
1788435125.131851,4170575,1983277,0.0,ERROR-ACTIVE,0,0,0,0,0,5,5,0
1788435125.1418958,4170598,1983284,0.0,ERROR-ACTIVE,0,0,0,0,0,5,5,0
1788435125.1518588,4170629,1983298,0.0,ERROR-ACTIVE,0,0,0,0,0,5,5,0
1788435125.1618023,4170662,1983311,0.0,ERROR-ACTIVE,0,0,0,0,0,5,5,0
1788435125.1718707,4170692,1983326,0.0,ERROR-ACTIVE,0,0,0,0,0,5,5,0
1788435125.1818793,4170724,1983334,0.0,ERROR-ACTIVE,0,0,0,0,0,5,5,0
1788435125.1918507,4170752,1983349,0.0,ERROR-ACTIVE,0,0,0,0,0,5,5,0
1788435125.2018552,4170783,1983368,0.0,ERROR-ACTIVE,0,0,0,0,0,5,5,0
1788435125.2119334,4170802,1983379,0.0,ERROR-ACTIVE,0,0,0,0,0,5,5,0
1788435125.2219539,4170833,1983389,0.0,ERROR-ACTIVE,0,0,0,0,0,5,5,0
1788435125.231816,4170867,1983403,0.0,ERROR-ACTIVE,0,0,0,0,0,5,5,0
1788435125.2419271,4170880,1983411,0.0,ERROR-ACTIVE,0,0,0,0,0,5,5,0
1788435125.2519755,4170897,1983425,0.0,ERROR-ACTIVE,0,0,0,0,0,5,5,0
1788435125.2618845,4170909,1983438,0.0,ERROR-ACTIVE,0,0,0,0,0,5,5,0
1788435125.2718585,4170941,1983446,0.0,ERROR-ACTIVE,0,0,0,0,0,5,5,0
1788435125.2819283,4170975,1983458,0.0,ERROR-ACTIVE,0,0,0,0,0,5,5,0
1788435125.2918773,4171002,1983473,0.0,ERROR-ACTIVE,0,0,0,0,0,5,5,0
1788435125.301837,4171022,1983487,0.0,ERROR-ACTIVE,0,0,0,0,0,5,5,0
1788435125.3118823,4171035,1983493,0.0,ERROR-ACTIVE,0,0,0,0,0,5,5,0
1788435125.3218677,4171053,1983502,0.0,ERROR-ACTIVE,0,0,0,0,0,5,5,0
1788435125.3317778,4171067,1983521,0.0,ERROR-ACTIVE,0,0,0,0,0,5,5,0
1788435125.341869,4171082,1983532,0.0,ERROR-ACTIVE,0,0,0,0,0,5,5,0
1788435125.351916,4171098,1983536,0.0,ERROR-ACTIVE,0,0,0,0,0,5,5,0
1788435125.3618379,4171113,1983548,0.0,ERROR-ACTIVE,0,0,0,0,0,5,5,0
1788435125.3718576,4171136,1983564,0.0,ERROR-ACTIVE,0,0,0,0,0,5,5,0
1788435125.381955,4171170,1983571,0.0,ERROR-ACTIVE,0,0,0,0,0,5,5,0
1788435125.391834,4171202,1983585,0.0,ERROR-ACTIVE,0,0,0,0,0,5,5,0
1788435125.4018507,4171222,1983600,0.0,ERROR-ACTIVE,0,0,0,0,0,5,5,0
1788435125.4180362,4171250,1983606,0.0,ERROR-ACTIVE,0,0,0,0,0,5,5,0
1788435125.4218683,4171279,1983620,0.0,ERROR-ACTIVE,0,0,0,0,0,5,5,0
1788435125.4318864,4171299,1983629,0.0,ERROR-ACTIVE,0,0,0,0,0,5,5,0
1788435125.441841,4171317,1983645,0.0,ERROR-ACTIVE,0,0,0,0,0,5,5,0
1788435125.4518576,4171330,1983652,0.0,ERROR-ACTIVE,0,0,0,0,0,5,5,0
1788435125.4619293,4171346,1983669,0.0,ERROR-ACTIVE,0,0,0,0,0,5,5,0
1788435125.471863,4171363,1983669,0.0,ERROR-ACTIVE,0,0,0,0,0,5,5,0
1788435125.4817684,4171378,1983684,0.0,ERROR-ACTIVE,0,0,0,0,0,5,5,0
1788435125.491904,4171397,1983690,0.0,ERROR-ACTIVE,0,0,0,0,0,5,5,0
1788435125.5018826,4171428,1983696,0.0,ERROR-ACTIVE,0,0,0,0,0,5,5,0
1788435125.5118139,4171460,1983706,0.0,ERROR-ACTIVE,0,0,0,0,0,5,5,0
1788435125.521861,4171486,1983720,0.0,ERROR-ACTIVE,0,0,0,0,0,5,5,0
1788435125.5318913,4171500,1983728,0.0,ERROR-ACTIVE,0,0,0,0,0,5,5,0
1788435125.54185,4171516,1983747,0.0,ERROR-ACTIVE,0,0,0,0,0,5,5,0
1788435125.5518641,4171544,1983756,0.0,ERROR-ACTIVE,0,0,0,0,0,5,5,0
1788435125.561907,4171566,1983762,0.0,ERROR-ACTIVE,0,0,0,0,0,5,5,0
1788435125.5719068,4171580,1983781,0.0,ERROR-ACTIVE,0,0,0,0,0,5,5,0
1788435125.5818527,4171596,1983794,0.0,ERROR-ACTIVE,0,0,0,0,0,5,5,0
1788435125.5918744,4171608,1983809,0.0,ERROR-ACTIVE,0,0,0,0,0,5,5,0
1788435125.6018384,4171625,1983818,0.0,ERROR-ACTIVE,0,0,0,0,0,5,5,0
1788435125.6118743,4171639,1983837,0.0,ERROR-ACTIVE,0,0,0,0,0,5,5,0
1788435125.6218493,4171649,1983851,0.0,ERROR-ACTIVE,0,0,0,0,0,5,5,0
1788435125.63191,4171668,1983865,0.0,ERROR-ACTIVE,0,0,0,0,0,5,5,0
1788435125.6418245,4171680,1983876,0.0,ERROR-ACTIVE,0,0,0,0,0,5,5,0
1788435125.6518476,4171694,1983893,0.0,ERROR-ACTIVE,0,0,0,0,0,5,5,0
1788435125.6618295,4171704,1983905,0.0,ERROR-ACTIVE,0,0,0,0,0,5,5,0
1788435125.6717749,4171719,1983921,0.0,ERROR-ACTIVE,0,0,0,0,0,5,5,0
1788435125.6819267,4171735,1983931,0.0,ERROR-ACTIVE,0,0,0,0,0,5,5,0
1788435125.6918144,4171748,1983949,0.0,ERROR-ACTIVE,0,0,0,0,0,5,5,0
1788435125.7018163,4171758,1983963,0.0,ERROR-ACTIVE,0,0,0,0,0,5,5,0
1788435125.711853,4171775,1983977,0.0,ERROR-ACTIVE,0,0,0,0,0,5,5,0
1788435125.721872,4171787,1983991,0.0,ERROR-ACTIVE,0,0,0,0,0,5,5,0
1788435125.7319067,4171802,1984002,0.0,ERROR-ACTIVE,0,0,0,0,0,5,5,0
1788435125.7474349,4171808,1984005,0.0,ERROR-ACTIVE,0,0,0,0,0,5,5,0
1788435125.7548432,4171808,1984005,0.0074,ERROR-ACTIVE,0,0,0,0,0,5,5,0
1788435125.761896,4171808,1984005,0.0144,ERROR-ACTIVE,0,0,0,0,0,5,5,0
1788435125.771866,4171808,1984005,0.0244,ERROR-ACTIVE,0,0,0,0,0,5,5,0
1788435125.7817907,4171808,1984005,0.0344,ERROR-ACTIVE,0,0,0,0,0,5,5,0
1788435125.7919183,4171808,1984005,0.0444,ERROR-ACTIVE,0,0,0,0,0,5,5,0
1788435125.8067772,4171808,1984005,0.0544,ERROR-PASSIVE,128,1,0,0,0,6,6,0
1788435125.811854,4171808,1984005,0.0644,ERROR-PASSIVE,128,1,0,0,0,6,6,0
1788435125.8218904,4171808,1984005,0.0744,ERROR-PASSIVE,128,1,0,0,0,6,6,0
1788435125.8318603,4171808,1984005,0.0844,ERROR-PASSIVE,128,1,0,0,0,6,6,0
1788435125.8419378,4171808,1984005,0.0944,ERROR-PASSIVE,128,1,0,0,0,6,6,0
1788435125.8586335,4171808,1984005,0.1044,ERROR-PASSIVE,128,1,0,0,0,6,6,0
1788435125.8618479,4171808,1984005,0.1144,ERROR-PASSIVE,128,1,0,0,0,6,6,0
1788435125.8718426,4171808,1984005,0.1244,ERROR-PASSIVE,128,1,0,0,0,6,6,0
1788435125.8818648,4171808,1984005,0.1344,ERROR-PASSIVE,128,1,0,0,0,6,6,0
1788435125.891839,4171808,1984005,0.1444,ERROR-PASSIVE,128,1,0,0,0,6,6,0
1788435125.901863,4171808,1984005,0.1544,ERROR-PASSIVE,128,1,0,0,0,6,6,0
1788435125.9184246,4171808,1984005,0.1644,ERROR-PASSIVE,128,1,0,0,0,6,6,0
1788435125.921819,4171808,1984005,0.1743,ERROR-PASSIVE,128,1,0,0,0,6,6,0
1788435125.931839,4171808,1984005,0.1844,ERROR-PASSIVE,128,1,0,0,0,6,6,0
1788435125.9419165,4171808,1984005,0.1944,ERROR-PASSIVE,128,1,0,0,0,6,6,0
1788435125.951876,4171808,1984005,0.2044,ERROR-PASSIVE,128,1,0,0,0,6,6,0
1788435125.962562,4171808,1984005,0.2144,ERROR-PASSIVE,128,1,0,0,0,6,6,0
1788435125.976656,4171808,1984005,0.2244,ERROR-PASSIVE,128,1,0,0,0,6,6,0
1788435125.981827,4171808,1984005,0.2344,ERROR-PASSIVE,128,1,0,0,0,6,6,0
1788435125.9919326,4171808,1984005,0.2444,ERROR-PASSIVE,128,1,0,0,0,6,6,0
1788435126.0018387,4171808,1984005,0.2544,ERROR-PASSIVE,128,1,0,0,0,6,6,0
1788435126.0119588,4171808,1984005,0.2644,ERROR-PASSIVE,128,1,0,0,0,6,6,0
1788435126.0218973,4171808,1984005,0.2744,ERROR-PASSIVE,128,1,0,0,0,6,6,0
1788435126.039028,4171808,1984005,0.2844,ERROR-PASSIVE,128,1,0,0,0,6,6,0
1788435126.0418673,4171808,1984005,0.2944,ERROR-PASSIVE,128,1,0,0,0,6,6,0
1788435126.0518868,4171808,1984005,0.3044,ERROR-PASSIVE,128,1,0,0,0,6,6,0
1788435126.0618668,4171808,1984005,0.3144,ERROR-PASSIVE,128,1,0,0,0,6,6,0
1788435126.0719268,4171808,1984005,0.3244,ERROR-PASSIVE,128,1,0,0,0,6,6,0
1788435126.0895495,4171808,1984005,0.3344,ERROR-PASSIVE,128,1,0,0,0,6,6,0
1788435126.0918458,4171808,1984005,0.3443,ERROR-PASSIVE,128,1,0,0,0,6,6,0
1788435126.1018314,4171808,1984005,0.3544,ERROR-PASSIVE,128,1,0,0,0,6,6,0
1788435126.1119504,4171808,1984005,0.3644,ERROR-PASSIVE,128,1,0,0,0,6,6,0
1788435126.1220186,4171808,1984005,0.3745,ERROR-PASSIVE,128,1,0,0,0,6,6,0
1788435126.1370347,4171808,1984005,0.3844,ERROR-PASSIVE,128,1,0,0,0,6,6,0
1788435126.1418183,4171808,1984005,0.3944,ERROR-PASSIVE,128,1,0,0,0,6,6,0
1788435126.1517942,4171808,1984005,0.4044,ERROR-PASSIVE,128,1,0,0,0,6,6,0
1788435126.1618552,4171808,1984005,0.4144,ERROR-PASSIVE,128,1,0,0,0,6,6,0
1788435126.1719213,4171808,1984005,0.4244,ERROR-PASSIVE,128,1,0,0,0,6,6,0
1788435126.1818507,4171808,1984005,0.4344,ERROR-PASSIVE,128,1,0,0,0,6,6,0
1788435126.1981962,4171808,1984005,0.4444,ERROR-PASSIVE,128,1,0,0,0,6,6,0
1788435126.2018237,4171808,1984005,0.4544,ERROR-PASSIVE,128,1,0,0,0,6,6,0
1788435126.2118554,4171808,1984005,0.4644,ERROR-PASSIVE,128,1,0,0,0,6,6,0
1788435126.2218347,4171808,1984005,0.4744,ERROR-PASSIVE,128,1,0,0,0,6,6,0
1788435126.2318745,4171808,1984005,0.4844,ERROR-PASSIVE,128,1,0,0,0,6,6,0
1788435126.2419457,4171808,1984005,0.4944,ERROR-PASSIVE,128,1,0,0,0,6,6,0
1788435126.2577703,4171808,1984005,0.5044,ERROR-PASSIVE,128,1,0,0,0,6,6,0
1788435126.261847,4171808,1984005,0.5144,ERROR-PASSIVE,128,1,0,0,0,6,6,0
1788435126.2718315,4171808,1984005,0.5244,ERROR-PASSIVE,128,1,0,0,0,6,6,0
1788435126.2818444,4171808,1984005,0.5344,ERROR-PASSIVE,128,1,0,0,0,6,6,0
1788435126.2918577,4171808,1984005,0.5444,ERROR-PASSIVE,128,1,0,0,0,6,6,0
1788435126.3018432,4171808,1984005,0.5544,ERROR-PASSIVE,128,1,0,0,0,6,6,0
1788435126.316603,4171808,1984005,0.5644,ERROR-PASSIVE,128,1,0,0,0,6,6,0
1788435126.3218257,4171808,1984005,0.5744,ERROR-PASSIVE,128,1,0,0,0,6,6,0
1788435126.3318615,4171808,1984005,0.5844,ERROR-PASSIVE,128,1,0,0,0,6,6,0
1788435126.341917,4171808,1984005,0.5944,ERROR-PASSIVE,128,1,0,0,0,6,6,0
1788435126.3518353,4171808,1984005,0.6044,ERROR-PASSIVE,128,1,0,0,0,6,6,0
1788435126.3619058,4171808,1984005,0.6144,ERROR-PASSIVE,128,1,0,0,0,6,6,0
1788435126.3771534,4171808,1984005,0.6244,ERROR-PASSIVE,128,1,0,0,0,6,6,0
1788435126.381838,4171808,1984005,0.6344,ERROR-PASSIVE,128,1,0,0,0,6,6,0
1788435126.3918278,4171808,1984005,0.6444,ERROR-PASSIVE,128,1,0,0,0,6,6,0
1788435126.4018393,4171808,1984005,0.6544,ERROR-PASSIVE,128,1,0,0,0,6,6,0
1788435126.4118872,4171808,1984005,0.6644,ERROR-PASSIVE,128,1,0,0,0,6,6,0
1788435126.4217954,4171808,1984005,0.6744,ERROR-PASSIVE,128,1,0,0,0,6,6,0
1788435126.438439,4171808,1984005,0.6844,ERROR-PASSIVE,128,1,0,0,0,6,6,0
1788435126.4418676,4171808,1984005,0.6944,ERROR-PASSIVE,128,1,0,0,0,6,6,0
1788435126.4518764,4171808,1984005,0.7044,ERROR-PASSIVE,128,1,0,0,0,6,6,0
1788435126.4619043,4171808,1984005,0.7144,ERROR-PASSIVE,128,1,0,0,0,6,6,0
1788435126.4718814,4171808,1984005,0.7244,ERROR-PASSIVE,128,1,0,0,0,6,6,0
1788435126.4880016,4171808,1984005,0.7344,ERROR-PASSIVE,128,1,0,0,0,6,6,0
1788435126.4918458,4171808,1984005,0.7444,ERROR-PASSIVE,128,1,0,0,0,6,6,0
1788435126.5019016,4171808,1984005,0.7544,ERROR-PASSIVE,128,1,0,0,0,6,6,0
1788435126.511927,4171808,1984005,0.7644,ERROR-PASSIVE,128,1,0,0,0,6,6,0
1788435126.5218875,4171808,1984005,0.7744,ERROR-PASSIVE,128,1,0,0,0,6,6,0
1788435126.5318694,4171808,1984005,0.7844,ERROR-PASSIVE,128,1,0,0,0,6,6,0
1788435126.5496259,4171808,1984005,0.7944,ERROR-PASSIVE,128,1,0,0,0,6,6,0
1788435126.5517979,4171808,1984005,0.8044,ERROR-PASSIVE,128,1,0,0,0,6,6,0
1788435126.5621474,4171808,1984005,0.8146,ERROR-PASSIVE,128,1,0,0,0,6,6,0
1788435126.5718653,4171808,1984005,0.8244,ERROR-PASSIVE,128,1,0,0,0,6,6,0
1788435126.5819118,4171808,1984005,0.8344,ERROR-PASSIVE,128,1,0,0,0,6,6,0
1788435126.5975542,4171808,1984005,0.8444,ERROR-PASSIVE,128,1,0,0,0,6,6,0
1788435126.6018233,4171808,1984005,0.8544,ERROR-PASSIVE,128,1,0,0,0,6,6,0
1788435126.6119645,4171808,1984005,0.8644,ERROR-PASSIVE,128,1,0,0,0,6,6,0
1788435126.6218793,4171808,1984005,0.8744,ERROR-PASSIVE,128,1,0,0,0,6,6,0
1788435126.6318898,4171808,1984005,0.8844,ERROR-PASSIVE,128,1,0,0,0,6,6,0
1788435126.641841,4171808,1984005,0.8944,ERROR-PASSIVE,128,1,0,0,0,6,6,0
1788435126.6590562,4171808,1984005,0.9044,ERROR-PASSIVE,128,1,0,0,0,6,6,0
1788435126.6618402,4171808,1984005,0.9144,ERROR-PASSIVE,128,1,0,0,0,6,6,0
1788435126.6718347,4171808,1984005,0.9244,ERROR-PASSIVE,128,1,0,0,0,6,6,0
1788435126.681939,4171808,1984005,0.9344,ERROR-PASSIVE,128,1,0,0,0,6,6,0
1788435126.69192,4171808,1984005,0.9444,ERROR-PASSIVE,128,1,0,0,0,6,6,0
1788435126.7087657,4171808,1984005,0.9544,ERROR-PASSIVE,128,1,0,0,0,6,6,0
1788435126.7119176,4171808,1984005,0.9644,ERROR-PASSIVE,128,1,0,0,0,6,6,0
1788435126.7218583,4171808,1984005,0.9744,ERROR-PASSIVE,128,1,0,0,0,6,6,0
1788435126.7318785,4171808,1984005,0.9844,ERROR-PASSIVE,128,1,0,0,0,6,6,0
1788435126.7418752,4171808,1984005,0.9944,ERROR-PASSIVE,128,1,0,0,0,6,6,0
1788435126.7596903,4171808,1984005,1.0044,ERROR-PASSIVE,128,1,0,0,0,6,6,0
1788435126.7618787,4171808,1984005,1.0144,ERROR-PASSIVE,128,1,0,0,0,6,6,0
1788435126.7719486,4171808,1984005,1.0244,ERROR-PASSIVE,128,1,0,0,0,6,6,0
1788435126.7819333,4171808,1984005,1.0344,ERROR-PASSIVE,128,1,0,0,0,6,6,0
1788435126.7918367,4171808,1984005,1.0444,ERROR-PASSIVE,128,1,0,0,0,6,6,0
1788435126.8082936,4171808,1984005,1.0544,ERROR-PASSIVE,128,1,0,0,0,6,6,0
1788435126.811803,4171808,1984005,1.0643,ERROR-PASSIVE,128,1,0,0,0,6,6,0
1788435126.821894,4171808,1984005,1.0744,ERROR-PASSIVE,128,1,0,0,0,6,6,0
1788435126.8329737,4171808,1984005,1.0844,ERROR-PASSIVE,128,1,0,0,0,6,6,0
1788435126.8419175,4171808,1984005,1.0944,ERROR-PASSIVE,128,1,0,0,0,6,6,0
1788435126.8565238,4171808,1984005,1.1044,ERROR-PASSIVE,128,1,0,0,0,6,6,0
1788435126.8618653,4171808,1984005,1.1144,ERROR-PASSIVE,128,1,0,0,0,6,6,0
1788435126.8718717,4171808,1984005,1.1244,ERROR-PASSIVE,128,1,0,0,0,6,6,0
1788435126.8818777,4171808,1984005,1.1344,ERROR-PASSIVE,128,1,0,0,0,6,6,0
1788435126.8918886,4171808,1984005,1.1444,ERROR-PASSIVE,128,1,0,0,0,6,6,0
1788435126.901872,4171808,1984005,1.1544,ERROR-PASSIVE,128,1,0,0,0,6,6,0
1788435126.9204354,4171808,1984005,1.1644,ERROR-PASSIVE,128,1,0,0,0,6,6,0
1788435126.921795,4171808,1984005,1.1743,ERROR-PASSIVE,128,1,0,0,0,6,6,0
1788435126.9319725,4171808,1984005,1.1845,ERROR-PASSIVE,128,1,0,0,0,6,6,0
1788435126.9418545,4171808,1984005,1.1944,ERROR-PASSIVE,128,1,0,0,0,6,6,0
1788435126.9520519,4171808,1984005,1.2044,ERROR-PASSIVE,128,1,0,0,0,6,6,0
1788435126.961914,4171808,1984005,1.2144,ERROR-PASSIVE,128,1,0,0,0,6,6,0
1788435126.9791565,4171808,1984005,1.2244,ERROR-PASSIVE,128,1,0,0,0,6,6,0
1788435126.9818888,4171808,1984005,1.2344,ERROR-PASSIVE,128,1,0,0,0,6,6,0
1788435126.9918573,4171808,1984005,1.2444,ERROR-PASSIVE,128,1,0,0,0,6,6,0
1788435127.0019116,4171808,1984005,1.2544,ERROR-PASSIVE,128,1,0,0,0,6,6,0
1788435127.0118897,4171808,1984005,1.2644,ERROR-PASSIVE,128,1,0,0,0,6,6,0
1788435127.0219169,4171808,1984005,1.2744,ERROR-PASSIVE,128,1,0,0,0,6,6,0
1788435127.0369327,4171808,1984005,1.2844,ERROR-PASSIVE,128,1,0,0,0,6,6,0
1788435127.0418031,4171808,1984005,1.2944,ERROR-PASSIVE,128,1,0,0,0,6,6,0
1788435127.0518234,4171808,1984005,1.3044,ERROR-PASSIVE,128,1,0,0,0,6,6,0
1788435127.0618804,4171808,1984005,1.3144,ERROR-PASSIVE,128,1,0,0,0,6,6,0
1788435127.0718255,4171808,1984005,1.3244,ERROR-PASSIVE,128,1,0,0,0,6,6,0
1788435127.0818958,4171808,1984005,1.3344,ERROR-PASSIVE,128,1,0,0,0,6,6,0
1788435127.0981734,4171808,1984005,1.3444,ERROR-PASSIVE,128,1,0,0,0,6,6,0
1788435127.101867,4171808,1984005,1.3544,ERROR-PASSIVE,128,1,0,0,0,6,6,0
1788435127.1119282,4171808,1984005,1.3644,ERROR-PASSIVE,128,1,0,0,0,6,6,0
1788435127.121824,4171808,1984005,1.3744,ERROR-PASSIVE,128,1,0,0,0,6,6,0
1788435127.1318789,4171808,1984005,1.3844,ERROR-PASSIVE,128,1,0,0,0,6,6,0
1788435127.141811,4171808,1984005,1.3944,ERROR-PASSIVE,128,1,0,0,0,6,6,0
1788435127.1595786,4171808,1984005,1.4044,ERROR-PASSIVE,128,1,0,0,0,6,6,0
1788435127.1618073,4171808,1984005,1.4144,ERROR-PASSIVE,128,1,0,0,0,6,6,0
1788435127.1718075,4171808,1984005,1.4244,ERROR-PASSIVE,128,1,0,0,0,6,6,0
1788435127.181884,4171808,1984005,1.4344,ERROR-PASSIVE,128,1,0,0,0,6,6,0
1788435127.1918242,4171808,1984005,1.4444,ERROR-PASSIVE,128,1,0,0,0,6,6,0
1788435127.2018678,4171808,1984005,1.4544,ERROR-PASSIVE,128,1,0,0,0,6,6,0
1788435127.2174647,4171808,1984005,1.4644,ERROR-PASSIVE,128,1,0,0,0,6,6,0
1788435127.2218006,4171808,1984005,1.4744,ERROR-PASSIVE,128,1,0,0,0,6,6,0
1788435127.2318623,4171808,1984005,1.4844,ERROR-PASSIVE,128,1,0,0,0,6,6,0
1788435127.2418365,4171808,1984005,1.4944,ERROR-PASSIVE,128,1,0,0,0,6,6,0
1788435127.251881,4171808,1984005,1.5044,ERROR-PASSIVE,128,1,0,0,0,6,6,0
1788435127.268563,4171808,1984005,1.5144,ERROR-PASSIVE,128,1,0,0,0,6,6,0
1788435127.2717986,4171808,1984005,1.5243,ERROR-PASSIVE,128,1,0,0,0,6,6,0
1788435127.2818766,4171808,1984005,1.5344,ERROR-PASSIVE,128,1,0,0,0,6,6,0
1788435127.291898,4171808,1984005,1.5444,ERROR-PASSIVE,128,1,0,0,0,6,6,0
1788435127.3018265,4171808,1984005,1.5544,ERROR-PASSIVE,128,1,0,0,0,6,6,0
1788435127.319509,4171808,1984005,1.5644,ERROR-PASSIVE,128,1,0,0,0,6,6,0
1788435127.321836,4171808,1984005,1.5744,ERROR-PASSIVE,128,1,0,0,0,6,6,0
1788435127.3317883,4171808,1984005,1.5844,ERROR-PASSIVE,128,1,0,0,0,6,6,0
1788435127.3417902,4171808,1984005,1.5944,ERROR-PASSIVE,128,1,0,0,0,6,6,0
1788435127.351867,4171808,1984005,1.6044,ERROR-PASSIVE,128,1,0,0,0,6,6,0
1788435127.3690305,4171808,1984005,1.6144,ERROR-PASSIVE,128,1,0,0,0,6,6,0
1788435127.3718338,4171808,1984005,1.6244,ERROR-PASSIVE,128,1,0,0,0,6,6,0
1788435127.3818529,4171808,1984005,1.6344,ERROR-PASSIVE,128,1,0,0,0,6,6,0
1788435127.3917987,4171808,1984005,1.6444,ERROR-PASSIVE,128,1,0,0,0,6,6,0
1788435127.4018524,4171808,1984005,1.6544,ERROR-PASSIVE,128,1,0,0,0,6,6,0
1788435127.4118702,4171808,1984005,1.6644,ERROR-PASSIVE,128,1,0,0,0,6,6,0
1788435127.4276085,4171808,1984005,1.6744,ERROR-PASSIVE,128,1,0,0,0,6,6,0
1788435127.4318736,4171808,1984005,1.6844,ERROR-PASSIVE,128,1,0,0,0,6,6,0
1788435127.4418268,4171808,1984005,1.6944,ERROR-PASSIVE,128,1,0,0,0,6,6,0
1788435127.4518886,4171808,1984005,1.7044,ERROR-PASSIVE,128,1,0,0,0,6,6,0
1788435127.4618824,4171808,1984005,1.7144,ERROR-PASSIVE,128,1,0,0,0,6,6,0
1788435127.4771018,4171808,1984005,1.7244,ERROR-PASSIVE,128,1,0,0,0,6,6,0
1788435127.4818692,4171808,1984005,1.7344,ERROR-PASSIVE,128,1,0,0,0,6,6,0
1788435127.4919212,4171808,1984005,1.7444,ERROR-PASSIVE,128,1,0,0,0,6,6,0
1788435127.501884,4171808,1984005,1.7544,ERROR-PASSIVE,128,1,0,0,0,6,6,0
1788435127.5118978,4171808,1984005,1.7644,ERROR-PASSIVE,128,1,0,0,0,6,6,0
1788435127.5217886,4171808,1984005,1.7744,ERROR-PASSIVE,128,1,0,0,0,6,6,0
1788435127.5386946,4171808,1984005,1.7844,ERROR-PASSIVE,128,1,0,0,0,6,6,0
1788435127.5418031,4171808,1984005,1.7943,ERROR-PASSIVE,128,1,0,0,0,6,6,0
1788435127.5519109,4171808,1984005,1.8044,ERROR-PASSIVE,128,1,0,0,0,6,6,0
1788435127.5619617,4171808,1984005,1.8144,ERROR-PASSIVE,128,1,0,0,0,6,6,0
1788435127.5718794,4171808,1984005,1.8244,ERROR-PASSIVE,128,1,0,0,0,6,6,0
1788435127.589685,4171808,1984005,1.8344,ERROR-PASSIVE,128,1,0,0,0,6,6,0
1788435127.5918446,4171808,1984005,1.8444,ERROR-PASSIVE,128,1,0,0,0,6,6,0
1788435127.6018596,4171808,1984005,1.8544,ERROR-PASSIVE,128,1,0,0,0,6,6,0
1788435127.6118972,4171808,1984005,1.8644,ERROR-PASSIVE,128,1,0,0,0,6,6,0
1788435127.6222663,4171808,1984005,1.8744,ERROR-PASSIVE,128,1,0,0,0,6,6,0
1788435127.6322927,4171808,1984005,1.8844,ERROR-PASSIVE,128,1,0,0,0,6,6,0
1788435127.6511586,4171808,1984005,1.8944,ERROR-PASSIVE,128,1,0,0,0,6,6,0
1788435127.65183,4171808,1984005,1.9044,ERROR-PASSIVE,128,1,0,0,0,6,6,0
1788435127.661848,4171808,1984005,1.9144,ERROR-PASSIVE,128,1,0,0,0,6,6,0
1788435127.671879,4171808,1984005,1.9244,ERROR-PASSIVE,128,1,0,0,0,6,6,0
1788435127.6818726,4171808,1984005,1.9344,ERROR-PASSIVE,128,1,0,0,0,6,6,0
1788435127.6918535,4171808,1984005,1.9444,ERROR-PASSIVE,128,1,0,0,0,6,6,0
1788435127.7098553,4171808,1984005,1.9544,ERROR-PASSIVE,128,1,0,0,0,6,6,0
1788435127.7118459,4171808,1984005,1.9644,ERROR-PASSIVE,128,1,0,0,0,6,6,0
1788435127.7218843,4171808,1984005,1.9744,ERROR-PASSIVE,128,1,0,0,0,6,6,0
1788435127.731917,4171808,1984005,1.9844,ERROR-PASSIVE,128,1,0,0,0,6,6,0
1788435127.7418687,4171808,1984005,1.9944,ERROR-PASSIVE,128,1,0,0,0,6,6,0
1788435127.751862,4171808,1984005,2.0044,ERROR-PASSIVE,128,1,0,0,0,6,6,0
1788435127.7674541,4171808,1984005,2.0143,ERROR-PASSIVE,128,1,0,0,0,6,6,0
1788435127.7718194,4171808,1984005,2.0244,ERROR-PASSIVE,128,1,0,0,0,6,6,0
1788435127.7818098,4171808,1984005,2.0344,ERROR-PASSIVE,128,1,0,0,0,6,6,0
1788435127.7917783,4171808,1984005,2.0444,ERROR-PASSIVE,128,1,0,0,0,6,6,0
1788435127.8018625,4171808,1984005,2.0544,ERROR-PASSIVE,128,1,0,0,0,6,6,0
1788435127.8180609,4171808,1984005,2.0644,ERROR-PASSIVE,128,1,0,0,0,6,6,0
1788435127.8217757,4171808,1984005,2.0744,ERROR-PASSIVE,128,1,0,0,0,6,6,0
1788435127.8319192,4171808,1984005,2.0844,ERROR-PASSIVE,128,1,0,0,0,6,6,0
1788435127.8418312,4171808,1984005,2.0944,ERROR-PASSIVE,128,1,0,0,0,6,6,0
1788435127.8518546,4171808,1984005,2.1044,ERROR-PASSIVE,128,1,0,0,0,6,6,0
1788435127.869402,4171808,1984005,2.1144,ERROR-PASSIVE,128,1,0,0,0,6,6,0
1788435127.8718596,4171808,1984005,2.1244,ERROR-PASSIVE,128,1,0,0,0,6,6,0
1788435127.881855,4171808,1984005,2.1344,ERROR-PASSIVE,128,1,0,0,0,6,6,0
1788435127.8919315,4171808,1984005,2.1444,ERROR-PASSIVE,128,1,0,0,0,6,6,0
1788435127.9018319,4171808,1984005,2.1544,ERROR-PASSIVE,128,1,0,0,0,6,6,0
1788435127.9119186,4171808,1984005,2.1644,ERROR-PASSIVE,128,1,0,0,0,6,6,0
1788435127.9287088,4171808,1984005,2.1744,ERROR-PASSIVE,128,1,0,0,0,6,6,0
1788435127.931809,4171808,1984005,2.1844,ERROR-PASSIVE,128,1,0,0,0,6,6,0
1788435127.9418836,4171808,1984005,2.1944,ERROR-PASSIVE,128,1,0,0,0,6,6,0
1788435127.9518795,4171808,1984005,2.2044,ERROR-PASSIVE,128,1,0,0,0,6,6,0
1788435127.9618895,4171808,1984005,2.2144,ERROR-PASSIVE,128,1,0,0,0,6,6,0
1788435127.9764266,4171808,1984005,2.2244,ERROR-PASSIVE,128,1,0,0,0,6,6,0
1788435127.981862,4171808,1984005,2.2344,ERROR-PASSIVE,128,1,0,0,0,6,6,0
1788435127.9918299,4171808,1984005,2.2444,ERROR-PASSIVE,128,1,0,0,0,6,6,0
1788435128.0018957,4171808,1984005,2.2544,ERROR-PASSIVE,128,1,0,0,0,6,6,0
1788435128.0119002,4171808,1984005,2.2644,ERROR-PASSIVE,128,1,0,0,0,6,6,0
1788435128.0217912,4171808,1984005,2.2744,ERROR-PASSIVE,128,1,0,0,0,6,6,0
1788435128.039027,4171808,1984005,2.2844,ERROR-PASSIVE,128,1,0,0,0,6,6,0
1788435128.041825,4171808,1984005,2.2944,ERROR-PASSIVE,128,1,0,0,0,6,6,0
1788435128.0518615,4171808,1984005,2.3044,ERROR-PASSIVE,128,1,0,0,0,6,6,0
1788435128.0618901,4171808,1984005,2.3144,ERROR-PASSIVE,128,1,0,0,0,6,6,0
1788435128.0718808,4171808,1984005,2.3244,ERROR-PASSIVE,128,1,0,0,0,6,6,0
1788435128.081839,4171808,1984005,2.3344,ERROR-PASSIVE,128,1,0,0,0,6,6,0
1788435128.0975513,4171808,1984005,2.3444,ERROR-PASSIVE,128,1,0,0,0,6,6,0
1788435128.1018188,4171808,1984005,2.3544,ERROR-PASSIVE,128,1,0,0,0,6,6,0
1788435128.1118877,4171808,1984005,2.3644,ERROR-PASSIVE,128,1,0,0,0,6,6,0
1788435128.121879,4171808,1984005,2.3744,ERROR-PASSIVE,128,1,0,0,0,6,6,0
1788435128.131906,4171808,1984005,2.3844,ERROR-PASSIVE,128,1,0,0,0,6,6,0
1788435128.141959,4171808,1984005,2.3944,ERROR-PASSIVE,128,1,0,0,0,6,6,0
1788435128.156189,4171808,1984005,2.4044,ERROR-PASSIVE,128,1,0,0,0,6,6,0
1788435128.161816,4171808,1984005,2.4144,ERROR-PASSIVE,128,1,0,0,0,6,6,0
1788435128.1718564,4171808,1984005,2.4244,ERROR-PASSIVE,128,1,0,0,0,6,6,0
1788435128.1818762,4171808,1984005,2.4344,ERROR-PASSIVE,128,1,0,0,0,6,6,0
1788435128.1918483,4171808,1984005,2.4444,ERROR-PASSIVE,128,1,0,0,0,6,6,0
1788435128.2017965,4171808,1984005,2.4544,ERROR-PASSIVE,128,1,0,0,0,6,6,0
1788435128.2194936,4171808,1984005,2.4644,ERROR-PASSIVE,128,1,0,0,0,6,6,0
1788435128.2217972,4171808,1984005,2.4744,ERROR-PASSIVE,128,1,0,0,0,6,6,0
1788435128.231889,4171808,1984005,2.4844,ERROR-PASSIVE,128,1,0,0,0,6,6,0
1788435128.2418885,4171808,1984005,2.4944,ERROR-PASSIVE,128,1,0,0,0,6,6,0
1788435128.2518842,4171808,1984005,2.5044,ERROR-PASSIVE,128,1,0,0,0,6,6,0
1788435128.2695174,4171808,1984005,2.5144,ERROR-PASSIVE,128,1,0,0,0,6,6,0
1788435128.271829,4171808,1984005,2.5244,ERROR-PASSIVE,128,1,0,0,0,6,6,0
1788435128.2818499,4171808,1984005,2.5344,ERROR-PASSIVE,128,1,0,0,0,6,6,0
1788435128.2918794,4171808,1984005,2.5444,ERROR-PASSIVE,128,1,0,0,0,6,6,0
1788435128.301877,4171808,1984005,2.5544,ERROR-PASSIVE,128,1,0,0,0,6,6,0
1788435128.3119109,4171808,1984005,2.5644,ERROR-PASSIVE,128,1,0,0,0,6,6,0
1788435128.3272834,4171808,1984005,2.5744,ERROR-PASSIVE,128,1,0,0,0,6,6,0
1788435128.3321116,4171808,1984005,2.5844,ERROR-PASSIVE,128,1,0,0,0,6,6,0
1788435128.341847,4171808,1984005,2.5944,ERROR-PASSIVE,128,1,0,0,0,6,6,0
1788435128.3518534,4171808,1984005,2.6044,ERROR-PASSIVE,128,1,0,0,0,6,6,0
1788435128.3618937,4171808,1984005,2.6144,ERROR-PASSIVE,128,1,0,0,0,6,6,0
1788435128.371843,4171808,1984005,2.6244,ERROR-PASSIVE,128,1,0,0,0,6,6,0
1788435128.3897364,4171808,1984005,2.6344,ERROR-PASSIVE,128,1,0,0,0,6,6,0
1788435128.391815,4171808,1984005,2.6444,ERROR-PASSIVE,128,1,0,0,0,6,6,0
1788435128.4018552,4171808,1984005,2.6544,ERROR-PASSIVE,128,1,0,0,0,6,6,0
1788435128.411905,4171808,1984005,2.6644,ERROR-PASSIVE,128,1,0,0,0,6,6,0
1788435128.4218483,4171808,1984005,2.6744,ERROR-PASSIVE,128,1,0,0,0,6,6,0
1788435128.4318402,4171808,1984005,2.6844,ERROR-PASSIVE,128,1,0,0,0,6,6,0
1788435128.4493105,4171808,1984005,2.6944,ERROR-PASSIVE,128,1,0,0,0,6,6,0
1788435128.4519928,4171808,1984005,2.7045,ERROR-PASSIVE,128,1,0,0,0,6,6,0
1788435128.461845,4171808,1984005,2.7144,ERROR-PASSIVE,128,1,0,0,0,6,6,0
1788435128.4719017,4171808,1984005,2.7244,ERROR-PASSIVE,128,1,0,0,0,6,6,0
1788435128.4818938,4171808,1984005,2.7344,ERROR-PASSIVE,128,1,0,0,0,6,6,0
1788435128.500029,4171808,1984005,2.7444,ERROR-PASSIVE,128,1,0,0,0,6,6,0
1788435128.5018108,4171808,1984005,2.7543,ERROR-PASSIVE,128,1,0,0,0,6,6,0
1788435128.5118253,4171808,1984005,2.7644,ERROR-PASSIVE,128,1,0,0,0,6,6,0
1788435128.5219266,4171808,1984005,2.7744,ERROR-PASSIVE,128,1,0,0,0,6,6,0
1788435128.5318508,4171808,1984005,2.7844,ERROR-PASSIVE,128,1,0,0,0,6,6,0
1788435128.5494041,4171808,1984005,2.7944,ERROR-PASSIVE,128,1,0,0,0,6,6,0
1788435128.551817,4171808,1984005,2.8043,ERROR-PASSIVE,128,1,0,0,0,6,6,0
1788435128.5617797,4171808,1984005,2.8143,ERROR-PASSIVE,128,1,0,0,0,6,6,0
1788435128.5718277,4171808,1984005,2.8244,ERROR-PASSIVE,128,1,0,0,0,6,6,0
1788435128.5818782,4171808,1984005,2.8344,ERROR-PASSIVE,128,1,0,0,0,6,6,0
1788435128.5917854,4171808,1984005,2.8444,ERROR-PASSIVE,128,1,0,0,0,6,6,0
1788435128.6081216,4171808,1984005,2.8544,ERROR-PASSIVE,128,1,0,0,0,6,6,0
1788435128.6118822,4171808,1984005,2.8644,ERROR-PASSIVE,128,1,0,0,0,6,6,0
1788435128.6218498,4171808,1984005,2.8744,ERROR-PASSIVE,128,1,0,0,0,6,6,0
1788435128.63179,4171808,1984005,2.8844,ERROR-PASSIVE,128,1,0,0,0,6,6,0
1788435128.6418395,4171808,1984005,2.8944,ERROR-PASSIVE,128,1,0,0,0,6,6,0
1788435128.658832,4171808,1984005,2.9044,ERROR-PASSIVE,128,1,0,0,0,6,6,0
1788435128.661841,4171808,1984005,2.9144,ERROR-PASSIVE,128,1,0,0,0,6,6,0
1788435128.6717486,4171808,1984005,2.9243,ERROR-PASSIVE,128,1,0,0,0,6,6,0
1788435128.6818187,4171808,1984005,2.9344,ERROR-PASSIVE,128,1,0,0,0,6,6,0
1788435128.6917915,4171808,1984005,2.9444,ERROR-PASSIVE,128,1,0,0,0,6,6,0
1788435128.7018266,4171808,1984005,2.9544,ERROR-PASSIVE,128,1,0,0,0,6,6,0
1788435128.7167544,4171808,1984005,2.9644,ERROR-PASSIVE,128,1,0,0,0,6,6,0
1788435128.7217739,4171808,1984005,2.9743,ERROR-PASSIVE,128,1,0,0,0,6,6,0
1788435128.7318435,4171808,1984005,2.9844,ERROR-PASSIVE,128,1,0,0,0,6,6,0
1788435128.7417715,4171808,1984005,2.9944,ERROR-PASSIVE,128,1,0,0,0,6,6,0
1788435128.751855,4171808,1984005,3.0044,ERROR-PASSIVE,128,1,0,0,0,6,6,0
1788435128.769711,4171808,1984005,3.0144,ERROR-PASSIVE,128,1,0,0,0,6,6,0
1788435128.771801,4171808,1984005,3.0244,ERROR-PASSIVE,128,1,0,0,0,6,6,0
1788435128.7817852,4171808,1984005,3.0344,ERROR-PASSIVE,128,1,0,0,0,6,6,0
1788435128.7918577,4171808,1984005,3.0444,ERROR-PASSIVE,128,1,0,0,0,6,6,0
1788435128.8018055,4171808,1984005,3.0544,ERROR-PASSIVE,128,1,0,0,0,6,6,0
1788435128.8117814,4171808,1984005,3.0643,ERROR-PASSIVE,128,1,0,0,0,6,6,0
1788435128.8293169,4171808,1984005,3.0744,ERROR-PASSIVE,128,1,0,0,0,6,6,0
1788435128.831808,4171808,1984005,3.0844,ERROR-PASSIVE,128,1,0,0,0,6,6,0
1788435128.8417845,4171808,1984005,3.0944,ERROR-PASSIVE,128,1,0,0,0,6,6,0
1788435128.8518548,4171808,1984005,3.1044,ERROR-PASSIVE,128,1,0,0,0,6,6,0
1788435128.8617957,4171808,1984005,3.1144,ERROR-PASSIVE,128,1,0,0,0,6,6,0
1788435128.871854,4171808,1984005,3.1244,ERROR-PASSIVE,128,1,0,0,0,6,6,0
1788435128.8863728,4171808,1984005,3.1344,ERROR-PASSIVE,128,1,0,0,0,6,6,0
1788435128.891793,4171808,1984005,3.1444,ERROR-PASSIVE,128,1,0,0,0,6,6,0
1788435128.9017873,4171808,1984005,3.1544,ERROR-PASSIVE,128,1,0,0,0,6,6,0
1788435128.9117966,4171808,1984005,3.1644,ERROR-PASSIVE,128,1,0,0,0,6,6,0
1788435128.921884,4171808,1984005,3.1744,ERROR-PASSIVE,128,1,0,0,0,6,6,0
1788435128.9363842,4171808,1984005,3.1844,ERROR-PASSIVE,128,1,0,0,0,6,6,0
1788435128.9419,4171808,1984005,3.1944,ERROR-PASSIVE,128,1,0,0,0,6,6,0
1788435128.9519303,4171808,1984005,3.2044,ERROR-PASSIVE,128,1,0,0,0,6,6,0
1788435128.9618442,4171808,1984005,3.2144,ERROR-PASSIVE,128,1,0,0,0,6,6,0
1788435128.9718494,4171808,1984005,3.2244,ERROR-PASSIVE,128,1,0,0,0,6,6,0
1788435128.9883382,4171808,1984005,3.2344,ERROR-PASSIVE,128,1,0,0,0,6,6,0
1788435128.9917972,4171808,1984005,3.2443,ERROR-PASSIVE,128,1,0,0,0,6,6,0
1788435129.0018408,4171808,1984005,3.2544,ERROR-PASSIVE,128,1,0,0,0,6,6,0
1788435129.0118194,4171808,1984005,3.2644,ERROR-PASSIVE,128,1,0,0,0,6,6,0
1788435129.0218103,4171808,1984005,3.2744,ERROR-PASSIVE,128,1,0,0,0,6,6,0
1788435129.0318174,4171808,1984005,3.2844,ERROR-PASSIVE,128,1,0,0,0,6,6,0
1788435129.0463479,4171808,1984005,3.2944,ERROR-PASSIVE,128,1,0,0,0,6,6,0
1788435129.051769,4171808,1984005,3.3043,ERROR-PASSIVE,128,1,0,0,0,6,6,0
1788435129.0618463,4171808,1984005,3.3144,ERROR-PASSIVE,128,1,0,0,0,6,6,0
1788435129.0717652,4171808,1984005,3.3244,ERROR-PASSIVE,128,1,0,0,0,6,6,0
1788435129.0817604,4171808,1984005,3.3344,ERROR-PASSIVE,128,1,0,0,0,6,6,0
1788435129.0963373,4171808,1984005,3.3444,ERROR-PASSIVE,128,1,0,0,0,6,6,0
1788435129.1017647,4171808,1984005,3.3543,ERROR-PASSIVE,128,1,0,0,0,6,6,0
1788435129.1117961,4171808,1984005,3.3644,ERROR-PASSIVE,128,1,0,0,0,6,6,0
1788435129.1218185,4171808,1984005,3.3744,ERROR-PASSIVE,128,1,0,0,0,6,6,0
1788435129.1317694,4171808,1984005,3.3844,ERROR-PASSIVE,128,1,0,0,0,6,6,0
1788435129.1417515,4171808,1984005,3.3944,ERROR-PASSIVE,128,1,0,0,0,6,6,0
1788435129.1593077,4171808,1984005,3.4044,ERROR-PASSIVE,128,1,0,0,0,6,6,0
1788435129.1618032,4171808,1984005,3.4144,ERROR-PASSIVE,128,1,0,0,0,6,6,0
1788435129.171838,4171808,1984005,3.4244,ERROR-PASSIVE,128,1,0,0,0,6,6,0
1788435129.1818786,4171808,1984005,3.4344,ERROR-PASSIVE,128,1,0,0,0,6,6,0
1788435129.191861,4171808,1984005,3.4444,ERROR-PASSIVE,128,1,0,0,0,6,6,0
1788435129.20787,4171808,1984005,3.4544,ERROR-PASSIVE,128,1,0,0,0,6,6,0
1788435129.211801,4171808,1984005,3.4644,ERROR-PASSIVE,128,1,0,0,0,6,6,0
1788435129.221784,4171808,1984005,3.4744,ERROR-PASSIVE,128,1,0,0,0,6,6,0
1788435129.231771,4171808,1984005,3.4844,ERROR-PASSIVE,128,1,0,0,0,6,6,0
1788435129.2418559,4171808,1984005,3.4944,ERROR-PASSIVE,128,1,0,0,0,6,6,0
1788435129.251805,4171808,1984005,3.5044,ERROR-PASSIVE,128,1,0,0,0,6,6,0
1788435129.266453,4171808,1984005,3.5144,ERROR-PASSIVE,128,1,0,0,0,6,6,0
1788435129.2718093,4171808,1984005,3.5244,ERROR-PASSIVE,128,1,0,0,0,6,6,0
1788435129.281785,4171808,1984005,3.5344,ERROR-PASSIVE,128,1,0,0,0,6,6,0
1788435129.291759,4171808,1984005,3.5443,ERROR-PASSIVE,128,1,0,0,0,6,6,0
1788435129.3018239,4171808,1984005,3.5544,ERROR-PASSIVE,128,1,0,0,0,6,6,0
1788435129.3173335,4171808,1984005,3.5644,ERROR-PASSIVE,128,1,0,0,0,6,6,0
1788435129.321769,4171808,1984005,3.5743,ERROR-PASSIVE,128,1,0,0,0,6,6,0
1788435129.3317566,4171808,1984005,3.5843,ERROR-PASSIVE,128,1,0,0,0,6,6,0
1788435129.3417754,4171808,1984005,3.5944,ERROR-PASSIVE,128,1,0,0,0,6,6,0
1788435129.3517714,4171808,1984005,3.6044,ERROR-PASSIVE,128,1,0,0,0,6,6,0
1788435129.3671234,4171808,1984005,3.6144,ERROR-PASSIVE,128,1,0,0,0,6,6,0
1788435129.371771,4171808,1984005,3.6243,ERROR-PASSIVE,128,1,0,0,0,6,6,0
1788435129.3817651,4171808,1984005,3.6343,ERROR-PASSIVE,128,1,0,0,0,6,6,0
1788435129.3918118,4171808,1984005,3.6444,ERROR-PASSIVE,128,1,0,0,0,6,6,0
1788435129.4018016,4171808,1984005,3.6544,ERROR-PASSIVE,128,1,0,0,0,6,6,0
1788435129.4118333,4171808,1984005,3.6644,ERROR-PASSIVE,128,1,0,0,0,6,6,0
1788435129.4276552,4171808,1984005,3.6744,ERROR-PASSIVE,128,1,0,0,0,6,6,0
1788435129.4317522,4171808,1984005,3.6843,ERROR-PASSIVE,128,1,0,0,0,6,6,0
1788435129.4418232,4171808,1984005,3.6944,ERROR-PASSIVE,128,1,0,0,0,6,6,0
1788435129.4517732,4171808,1984005,3.7043,ERROR-PASSIVE,128,1,0,0,0,6,6,0
1788435129.46185,4171808,1984005,3.7144,ERROR-PASSIVE,128,1,0,0,0,6,6,0
1788435129.4776278,4171808,1984005,3.7244,ERROR-PASSIVE,128,1,0,0,0,6,6,0
1788435129.4818044,4171808,1984005,3.7344,ERROR-PASSIVE,128,1,0,0,0,6,6,0
1788435129.4918048,4171808,1984005,3.7444,ERROR-PASSIVE,128,1,0,0,0,6,6,0
1788435129.5018122,4171808,1984005,3.7544,ERROR-PASSIVE,128,1,0,0,0,6,6,0
1788435129.5117624,4171808,1984005,3.7644,ERROR-PASSIVE,128,1,0,0,0,6,6,0
1788435129.521762,4171808,1984005,3.7744,ERROR-PASSIVE,128,1,0,0,0,6,6,0
1788435129.537038,4171808,1984005,3.7844,ERROR-PASSIVE,128,1,0,0,0,6,6,0
1788435129.54177,4171808,1984005,3.7943,ERROR-PASSIVE,128,1,0,0,0,6,6,0
1788435129.5518525,4171808,1984005,3.8044,ERROR-PASSIVE,128,1,0,0,0,6,6,0
1788435129.5619822,4171808,1984005,3.8144,ERROR-PASSIVE,128,1,0,0,0,6,6,0
1788435129.5718586,4171808,1984005,3.8244,ERROR-PASSIVE,128,1,0,0,0,6,6,0
1788435129.588615,4171808,1984005,3.8344,ERROR-PASSIVE,128,1,0,0,0,6,6,0
1788435129.5918043,4171808,1984005,3.8444,ERROR-PASSIVE,128,1,0,0,0,6,6,0
1788435129.6018233,4171808,1984005,3.8544,ERROR-PASSIVE,128,1,0,0,0,6,6,0
1788435129.6118116,4171808,1984005,3.8644,ERROR-PASSIVE,128,1,0,0,0,6,6,0
1788435129.6218116,4171808,1984005,3.8744,ERROR-PASSIVE,128,1,0,0,0,6,6,0
1788435129.6318052,4171808,1984005,3.8844,ERROR-PASSIVE,128,1,0,0,0,6,6,0
1788435129.6498852,4171808,1984005,3.8944,ERROR-PASSIVE,128,1,0,0,0,6,6,0
1788435129.6518323,4171808,1984005,3.9044,ERROR-PASSIVE,128,1,0,0,0,6,6,0
1788435129.661797,4171808,1984005,3.9144,ERROR-PASSIVE,128,1,0,0,0,6,6,0
1788435129.6718357,4171808,1984005,3.9244,ERROR-PASSIVE,128,1,0,0,0,6,6,0
1788435129.6818156,4171808,1984005,3.9344,ERROR-PASSIVE,128,1,0,0,0,6,6,0
1788435129.6979084,4171808,1984005,3.9444,ERROR-PASSIVE,128,1,0,0,0,6,6,0
1788435129.701845,4171808,1984005,3.9543,ERROR-PASSIVE,128,1,0,0,0,6,6,0
1788435129.7117622,4171808,1984005,3.9643,ERROR-PASSIVE,128,1,0,0,0,6,6,0
1788435129.721777,4171808,1984005,3.9744,ERROR-PASSIVE,128,1,0,0,0,6,6,0
1788435129.731756,4171808,1984005,3.9844,ERROR-PASSIVE,128,1,0,0,0,6,6,0
1788435129.74181,4171808,1984005,3.9944,ERROR-PASSIVE,128,1,0,0,0,6,6,0
1788435129.7569695,4171808,1984005,4.0044,ERROR-PASSIVE,128,1,0,0,0,6,6,0
1788435129.7618039,4171808,1984005,4.0143,ERROR-PASSIVE,128,1,0,0,0,6,6,0
1788435129.771908,4171808,1984005,4.0244,ERROR-PASSIVE,128,1,0,0,0,6,6,0
1788435129.781847,4171808,1984005,4.0344,ERROR-PASSIVE,128,1,0,0,0,6,6,0
1788435129.791854,4171808,1984005,4.0444,ERROR-PASSIVE,128,1,0,0,0,6,6,0
1788435129.8071291,4171808,1984005,4.0544,ERROR-PASSIVE,128,1,0,0,0,6,6,0
1788435129.8117847,4171808,1984005,4.0644,ERROR-PASSIVE,128,1,0,0,0,6,6,0
1788435129.8218246,4171808,1984005,4.0744,ERROR-PASSIVE,128,1,0,0,0,6,6,0
1788435129.831813,4171808,1984005,4.0844,ERROR-PASSIVE,128,1,0,0,0,6,6,0
1788435129.8418078,4171808,1984005,4.0944,ERROR-PASSIVE,128,1,0,0,0,6,6,0
1788435129.8517966,4171808,1984005,4.1044,ERROR-PASSIVE,128,1,0,0,0,6,6,0
1788435129.8679273,4171808,1984005,4.1144,ERROR-PASSIVE,128,1,0,0,0,6,6,0
1788435129.8717725,4171808,1984005,4.1243,ERROR-PASSIVE,128,1,0,0,0,6,6,0
1788435129.8818278,4171808,1984005,4.1344,ERROR-PASSIVE,128,1,0,0,0,6,6,0
1788435129.891769,4171808,1984005,4.1443,ERROR-PASSIVE,128,1,0,0,0,6,6,0
1788435129.9017582,4171808,1984005,4.1543,ERROR-PASSIVE,128,1,0,0,0,6,6,0
1788435129.9180045,4171808,1984005,4.1644,ERROR-PASSIVE,128,1,0,0,0,6,6,0
1788435129.9217753,4171808,1984005,4.1743,ERROR-PASSIVE,128,1,0,0,0,6,6,0
1788435129.9317489,4171808,1984005,4.1843,ERROR-PASSIVE,128,1,0,0,0,6,6,0
1788435129.941926,4171808,1984005,4.1944,ERROR-PASSIVE,128,1,0,0,0,6,6,0
1788435129.951852,4171808,1984005,4.2044,ERROR-PASSIVE,128,1,0,0,0,6,6,0
1788435129.9681242,4171808,1984005,4.2144,ERROR-PASSIVE,128,1,0,0,0,6,6,0
1788435129.9718318,4171808,1984005,4.2244,ERROR-PASSIVE,128,1,0,0,0,6,6,0
1788435129.9818099,4171808,1984005,4.2344,ERROR-PASSIVE,128,1,0,0,0,6,6,0
1788435129.9918563,4171808,1984005,4.2444,ERROR-PASSIVE,128,1,0,0,0,6,6,0
1788435130.0018187,4171808,1984005,4.2544,ERROR-PASSIVE,128,1,0,0,0,6,6,0
1788435130.011822,4171808,1984005,4.2644,ERROR-PASSIVE,128,1,0,0,0,6,6,0
1788435130.0289013,4171808,1984005,4.2744,ERROR-PASSIVE,128,1,0,0,0,6,6,0
1788435130.0318263,4171808,1984005,4.2844,ERROR-PASSIVE,128,1,0,0,0,6,6,0
1788435130.0418546,4171808,1984005,4.2944,ERROR-PASSIVE,128,1,0,0,0,6,6,0
1788435130.0518413,4171808,1984005,4.3044,ERROR-PASSIVE,128,1,0,0,0,6,6,0
1788435130.0617452,4171808,1984005,4.3143,ERROR-PASSIVE,128,1,0,0,0,6,6,0
1788435130.0718663,4171808,1984005,4.3244,ERROR-PASSIVE,128,1,0,0,0,6,6,0
1788435130.0874927,4171808,1984005,4.3344,ERROR-PASSIVE,128,1,0,0,0,6,6,0
1788435130.0918393,4171808,1984005,4.3444,ERROR-PASSIVE,128,1,0,0,0,6,6,0
1788435130.1018338,4171808,1984005,4.3544,ERROR-PASSIVE,128,1,0,0,0,6,6,0
1788435130.1118138,4171808,1984005,4.3644,ERROR-PASSIVE,128,1,0,0,0,6,6,0
1788435130.1218271,4171808,1984005,4.3744,ERROR-PASSIVE,128,1,0,0,0,6,6,0
1788435130.131807,4171808,1984005,4.3844,ERROR-PASSIVE,128,1,0,0,0,6,6,0
1788435130.1502771,4171808,1984005,4.3944,ERROR-PASSIVE,128,1,0,0,0,6,6,0
1788435130.1517825,4171808,1984005,4.4043,ERROR-PASSIVE,128,1,0,0,0,6,6,0
1788435130.1618834,4171808,1984005,4.4144,ERROR-PASSIVE,128,1,0,0,0,6,6,0
1788435130.1719024,4171808,1984005,4.4244,ERROR-PASSIVE,128,1,0,0,0,6,6,0
1788435130.181877,4171808,1984005,4.4344,ERROR-PASSIVE,128,1,0,0,0,6,6,0
1788435130.19886,4171808,1984005,4.4444,ERROR-PASSIVE,128,1,0,0,0,6,6,0
1788435130.2018006,4171808,1984005,4.4543,ERROR-PASSIVE,128,1,0,0,0,6,6,0
1788435130.2118416,4171808,1984005,4.4644,ERROR-PASSIVE,128,1,0,0,0,6,6,0
1788435130.22181,4171808,1984005,4.4744,ERROR-PASSIVE,128,1,0,0,0,6,6,0
1788435130.2318163,4171808,1984005,4.4844,ERROR-PASSIVE,128,1,0,0,0,6,6,0
1788435130.2418647,4171808,1984005,4.4944,ERROR-PASSIVE,128,1,0,0,0,6,6,0
1788435130.2598927,4171808,1984005,4.5044,ERROR-PASSIVE,128,1,0,0,0,6,6,0
1788435130.2618337,4171808,1984005,4.5144,ERROR-PASSIVE,128,1,0,0,0,6,6,0
1788435130.271832,4171808,1984005,4.5244,ERROR-PASSIVE,128,1,0,0,0,6,6,0
1788435130.2819266,4171808,1984005,4.5344,ERROR-PASSIVE,128,1,0,0,0,6,6,0
1788435130.2918136,4171808,1984005,4.5444,ERROR-PASSIVE,128,1,0,0,0,6,6,0
1788435130.309191,4171808,1984005,4.5544,ERROR-PASSIVE,128,1,0,0,0,6,6,0
1788435130.3118172,4171808,1984005,4.5644,ERROR-PASSIVE,128,1,0,0,0,6,6,0
1788435130.3218248,4171808,1984005,4.5744,ERROR-PASSIVE,128,1,0,0,0,6,6,0
1788435130.3318067,4171808,1984005,4.5844,ERROR-PASSIVE,128,1,0,0,0,6,6,0
1788435130.341801,4171808,1984005,4.5944,ERROR-PASSIVE,128,1,0,0,0,6,6,0
1788435130.3518116,4171808,1984005,4.6044,ERROR-PASSIVE,128,1,0,0,0,6,6,0
1788435130.3675675,4171808,1984005,4.6144,ERROR-PASSIVE,128,1,0,0,0,6,6,0
1788435130.3718646,4171808,1984005,4.6244,ERROR-PASSIVE,128,1,0,0,0,6,6,0
1788435130.3818223,4171808,1984005,4.6344,ERROR-PASSIVE,128,1,0,0,0,6,6,0
1788435130.391813,4171808,1984005,4.6444,ERROR-PASSIVE,128,1,0,0,0,6,6,0
1788435130.4018006,4171808,1984005,4.6544,ERROR-PASSIVE,128,1,0,0,0,6,6,0
1788435130.4118133,4171808,1984005,4.6644,ERROR-PASSIVE,128,1,0,0,0,6,6,0
1788435130.4289408,4171808,1984005,4.6744,ERROR-PASSIVE,128,1,0,0,0,6,6,0
1788435130.431796,4171808,1984005,4.6843,ERROR-PASSIVE,128,1,0,0,0,6,6,0
1788435130.4418454,4171808,1984005,4.6944,ERROR-PASSIVE,128,1,0,0,0,6,6,0
1788435130.4518487,4171808,1984005,4.7044,ERROR-PASSIVE,128,1,0,0,0,6,6,0
1788435130.4618018,4171808,1984005,4.7144,ERROR-PASSIVE,128,1,0,0,0,6,6,0
1788435130.4718912,4171808,1984005,4.7244,ERROR-PASSIVE,128,1,0,0,0,6,6,0
1788435130.4871364,4171808,1984005,4.7344,ERROR-PASSIVE,128,1,0,0,0,6,6,0
1788435130.4917963,4171808,1984005,4.7444,ERROR-PASSIVE,128,1,0,0,0,6,6,0
1788435130.5017598,4171808,1984005,4.7543,ERROR-PASSIVE,128,1,0,0,0,6,6,0
1788435130.5118248,4171808,1984005,4.7644,ERROR-PASSIVE,128,1,0,0,0,6,6,0
1788435130.5217993,4171808,1984005,4.7744,ERROR-PASSIVE,128,1,0,0,0,6,6,0
1788435130.5367496,4171808,1984005,4.7844,ERROR-PASSIVE,128,1,0,0,0,6,6,0
1788435130.5417852,4171808,1984005,4.7943,ERROR-PASSIVE,128,1,0,0,0,6,6,0
1788435130.5517612,4171808,1984005,4.8043,ERROR-PASSIVE,128,1,0,0,0,6,6,0
1788435130.5618868,4171808,1984005,4.8144,ERROR-PASSIVE,128,1,0,0,0,6,6,0
1788435130.571806,4171808,1984005,4.8244,ERROR-PASSIVE,128,1,0,0,0,6,6,0
1788435130.5817585,4171808,1984005,4.8343,ERROR-PASSIVE,128,1,0,0,0,6,6,0
1788435130.5971806,4171808,1984005,4.8444,ERROR-PASSIVE,128,1,0,0,0,6,6,0
1788435130.6017807,4171808,1984005,4.8544,ERROR-PASSIVE,128,1,0,0,0,6,6,0
1788435130.6118667,4171808,1984005,4.8644,ERROR-PASSIVE,128,1,0,0,0,6,6,0
1788435130.6217752,4171808,1984005,4.8743,ERROR-PASSIVE,128,1,0,0,0,6,6,0
1788435130.6317923,4171808,1984005,4.8843,ERROR-PASSIVE,128,1,0,0,0,6,6,0
1788435130.6471646,4171808,1984005,4.8944,ERROR-PASSIVE,128,1,0,0,0,6,6,0
1788435130.6518452,4171808,1984005,4.9044,ERROR-PASSIVE,128,1,0,0,0,6,6,0
1788435130.661837,4171808,1984005,4.9144,ERROR-PASSIVE,128,1,0,0,0,6,6,0
1788435130.6718252,4171808,1984005,4.9244,ERROR-PASSIVE,128,1,0,0,0,6,6,0
1788435130.6818342,4171808,1984005,4.9344,ERROR-PASSIVE,128,1,0,0,0,6,6,0
1788435130.6960986,4171808,1984005,4.9444,ERROR-PASSIVE,128,1,0,0,0,6,6,0
1788435130.7018988,4171808,1984005,4.9544,ERROR-PASSIVE,128,1,0,0,0,6,6,0
1788435130.7117908,4171808,1984005,4.9644,ERROR-PASSIVE,128,1,0,0,0,6,6,0
1788435130.7218804,4171808,1984005,4.9744,ERROR-PASSIVE,128,1,0,0,0,6,6,0
1788435130.731846,4171808,1984005,4.9844,ERROR-PASSIVE,128,1,0,0,0,6,6,0
1788435130.7417839,4171808,1984005,4.9944,ERROR-PASSIVE,128,1,0,0,0,6,6,0
1788435130.7588425,4171808,1984005,5.0044,ERROR-PASSIVE,128,1,0,0,0,6,6,0
1788435130.7618268,4171808,1984005,5.0144,ERROR-PASSIVE,128,1,0,0,0,6,6,0
1788435130.771837,4171808,1984005,5.0244,ERROR-PASSIVE,128,1,0,0,0,6,6,0
1788435130.7818313,4171808,1984005,5.0344,ERROR-PASSIVE,128,1,0,0,0,6,6,0
1788435130.7918124,4171808,1984005,5.0444,ERROR-PASSIVE,128,1,0,0,0,6,6,0
1788435130.8072145,4171808,1984005,5.0544,ERROR-PASSIVE,128,1,0,0,0,6,6,0
1788435130.8117726,4171808,1984005,5.0643,ERROR-PASSIVE,128,1,0,0,0,6,6,0
1788435130.821888,4171808,1984005,5.0744,ERROR-PASSIVE,128,1,0,0,0,6,6,0
1788435130.831848,4171808,1984005,5.0844,ERROR-PASSIVE,128,1,0,0,0,6,6,0
1788435130.841857,4171808,1984005,5.0944,ERROR-PASSIVE,128,1,0,0,0,6,6,0
1788435130.8518407,4171808,1984005,5.1044,ERROR-PASSIVE,128,1,0,0,0,6,6,0
1788435130.867111,4171808,1984005,5.1144,ERROR-PASSIVE,128,1,0,0,0,6,6,0
1788435130.8718438,4171808,1984005,5.1244,ERROR-PASSIVE,128,1,0,0,0,6,6,0
1788435130.881845,4171808,1984005,5.1344,ERROR-PASSIVE,128,1,0,0,0,6,6,0
1788435130.8918417,4171808,1984005,5.1444,ERROR-PASSIVE,128,1,0,0,0,6,6,0
1788435130.9018066,4171808,1984005,5.1544,ERROR-PASSIVE,128,1,0,0,0,6,6,0
1788435130.9164386,4171808,1984005,5.1644,ERROR-PASSIVE,128,1,0,0,0,6,6,0
1788435130.9217644,4171808,1984005,5.1743,ERROR-PASSIVE,128,1,0,0,0,6,6,0
1788435130.9317887,4171808,1984005,5.1844,ERROR-PASSIVE,128,1,0,0,0,6,6,0
1788435130.9418662,4171808,1984005,5.1944,ERROR-PASSIVE,128,1,0,0,0,6,6,0
1788435130.9518778,4171808,1984005,5.2044,ERROR-PASSIVE,128,1,0,0,0,6,6,0
1788435130.9704807,4171808,1984005,5.2144,ERROR-PASSIVE,128,1,0,0,0,6,6,0
1788435130.9717922,4171808,1984005,5.2244,ERROR-PASSIVE,128,1,0,0,0,6,6,0
1788435130.9817903,4171808,1984005,5.2344,ERROR-PASSIVE,128,1,0,0,0,6,6,0
1788435130.9919283,4171808,1984005,5.2444,ERROR-PASSIVE,128,1,0,0,0,6,6,0
1788435131.0018458,4171808,1984005,5.2544,ERROR-PASSIVE,128,1,0,0,0,6,6,0
1788435131.0118196,4171808,1984005,5.2644,ERROR-PASSIVE,128,1,0,0,0,6,6,0
1788435131.0277374,4171808,1984005,5.2743,ERROR-PASSIVE,128,1,0,0,0,6,6,0
1788435131.0317738,4171808,1984005,5.2843,ERROR-PASSIVE,128,1,0,0,0,6,6,0
1788435131.0417566,4171808,1984005,5.2943,ERROR-PASSIVE,128,1,0,0,0,6,6,0
1788435131.051816,4171808,1984005,5.3044,ERROR-PASSIVE,128,1,0,0,0,6,6,0
1788435131.0618248,4171808,1984005,5.3144,ERROR-PASSIVE,128,1,0,0,0,6,6,0
1788435131.077537,4171808,1984005,5.3244,ERROR-PASSIVE,128,1,0,0,0,6,6,0
1788435131.0817943,4171808,1984005,5.3343,ERROR-PASSIVE,128,1,0,0,0,6,6,0
1788435131.091933,4171808,1984005,5.3444,ERROR-PASSIVE,128,1,0,0,0,6,6,0
1788435131.1018314,4171808,1984005,5.3544,ERROR-PASSIVE,128,1,0,0,0,6,6,0
1788435131.1117976,4171808,1984005,5.3644,ERROR-PASSIVE,128,1,0,0,0,6,6,0
1788435131.1218135,4171808,1984005,5.3744,ERROR-PASSIVE,128,1,0,0,0,6,6,0
1788435131.1374798,4171808,1984005,5.3844,ERROR-PASSIVE,128,1,0,0,0,6,6,0
1788435131.1419005,4171808,1984005,5.3944,ERROR-PASSIVE,128,1,0,0,0,6,6,0
1788435131.1518528,4171808,1984005,5.4044,ERROR-PASSIVE,128,1,0,0,0,6,6,0
1788435131.1618743,4171808,1984005,5.4144,ERROR-PASSIVE,128,1,0,0,0,6,6,0
1788435131.17186,4171808,1984005,5.4244,ERROR-PASSIVE,128,1,0,0,0,6,6,0
1788435131.1818736,4171808,1984005,5.4344,ERROR-PASSIVE,128,1,0,0,0,6,6,0
1788435131.1968198,4171808,1984005,5.4444,ERROR-PASSIVE,128,1,0,0,0,6,6,0
1788435131.2018852,4171808,1984005,5.4544,ERROR-PASSIVE,128,1,0,0,0,6,6,0
1788435131.2118542,4171808,1984005,5.4644,ERROR-PASSIVE,128,1,0,0,0,6,6,0
1788435131.2218783,4171808,1984005,5.4744,ERROR-PASSIVE,128,1,0,0,0,6,6,0
1788435131.2318552,4171808,1984005,5.4844,ERROR-PASSIVE,128,1,0,0,0,6,6,0
1788435131.241791,4171808,1984005,5.4944,ERROR-PASSIVE,128,1,0,0,0,6,6,0
1788435131.2589962,4171808,1984005,5.5044,ERROR-PASSIVE,128,1,0,0,0,6,6,0
1788435131.2617953,4171808,1984005,5.5144,ERROR-PASSIVE,128,1,0,0,0,6,6,0
1788435131.271823,4171808,1984005,5.5244,ERROR-PASSIVE,128,1,0,0,0,6,6,0
1788435131.281814,4171808,1984005,5.5344,ERROR-PASSIVE,128,1,0,0,0,6,6,0
1788435131.2918167,4171808,1984005,5.5444,ERROR-PASSIVE,128,1,0,0,0,6,6,0
1788435131.3018186,4171808,1984005,5.5544,ERROR-PASSIVE,128,1,0,0,0,6,6,0
1788435131.3175783,4171808,1984005,5.5644,ERROR-PASSIVE,128,1,0,0,0,6,6,0
1788435131.3217695,4171808,1984005,5.5743,ERROR-PASSIVE,128,1,0,0,0,6,6,0
1788435131.3319054,4171808,1984005,5.5844,ERROR-PASSIVE,128,1,0,0,0,6,6,0
1788435131.341858,4171808,1984005,5.5944,ERROR-PASSIVE,128,1,0,0,0,6,6,0
1788435131.351881,4171808,1984005,5.6044,ERROR-PASSIVE,128,1,0,0,0,6,6,0
1788435131.3618078,4171808,1984005,5.6144,ERROR-PASSIVE,128,1,0,0,0,6,6,0
1788435131.3797483,4171808,1984005,5.6244,ERROR-PASSIVE,128,1,0,0,0,6,6,0
1788435131.3818245,4171808,1984005,5.6344,ERROR-PASSIVE,128,1,0,0,0,6,6,0
1788435131.3918502,4171808,1984005,5.6444,ERROR-PASSIVE,128,1,0,0,0,6,6,0
1788435131.4018998,4171808,1984005,5.6544,ERROR-PASSIVE,128,1,0,0,0,6,6,0
1788435131.4117887,4171808,1984005,5.6644,ERROR-PASSIVE,128,1,0,0,0,6,6,0
1788435131.4284348,4171808,1984005,5.6744,ERROR-PASSIVE,128,1,0,0,0,6,6,0
1788435131.4318163,4171808,1984005,5.6844,ERROR-PASSIVE,128,1,0,0,0,6,6,0
1788435131.4418566,4171808,1984005,5.6944,ERROR-PASSIVE,128,1,0,0,0,6,6,0
1788435131.4518306,4171808,1984005,5.7044,ERROR-PASSIVE,128,1,0,0,0,6,6,0
1788435131.461808,4171808,1984005,5.7144,ERROR-PASSIVE,128,1,0,0,0,6,6,0
1788435131.4718006,4171808,1984005,5.7244,ERROR-PASSIVE,128,1,0,0,0,6,6,0
1788435131.4867394,4171808,1984005,5.7344,ERROR-PASSIVE,128,1,0,0,0,6,6,0
1788435131.4919565,4171808,1984005,5.7444,ERROR-PASSIVE,128,1,0,0,0,6,6,0
1788435131.5018475,4171808,1984005,5.7544,ERROR-PASSIVE,128,1,0,0,0,6,6,0
1788435131.511838,4171808,1984005,5.7644,ERROR-PASSIVE,128,1,0,0,0,6,6,0
1788435131.5218503,4171808,1984005,5.7744,ERROR-PASSIVE,128,1,0,0,0,6,6,0
1788435131.5368974,4171808,1984005,5.7844,ERROR-PASSIVE,128,1,0,0,0,6,6,0
1788435131.5419006,4171808,1984005,5.7944,ERROR-PASSIVE,128,1,0,0,0,6,6,0
1788435131.5518248,4171808,1984005,5.8044,ERROR-PASSIVE,128,1,0,0,0,6,6,0
1788435131.5619152,4171808,1984005,5.8144,ERROR-PASSIVE,128,1,0,0,0,6,6,0
1788435131.571863,4171808,1984005,5.8244,ERROR-PASSIVE,128,1,0,0,0,6,6,0
1788435131.589381,4171808,1984005,5.8344,ERROR-PASSIVE,128,1,0,0,0,6,6,0
1788435131.591781,4171808,1984005,5.8443,ERROR-PASSIVE,128,1,0,0,0,6,6,0
1788435131.601891,4171808,1984005,5.8544,ERROR-PASSIVE,128,1,0,0,0,6,6,0
1788435131.6118166,4171808,1984005,5.8644,ERROR-PASSIVE,128,1,0,0,0,6,6,0
1788435131.6218843,4171808,1984005,5.8744,ERROR-PASSIVE,128,1,0,0,0,6,6,0
1788435131.6385791,4171808,1984005,5.8844,ERROR-PASSIVE,128,1,0,0,0,6,6,0
1788435131.6418262,4171808,1984005,5.8943,ERROR-PASSIVE,128,1,0,0,0,6,6,0
1788435131.6518502,4171808,1984005,5.9044,ERROR-PASSIVE,128,1,0,0,0,6,6,0
1788435131.661866,4171808,1984005,5.9144,ERROR-PASSIVE,128,1,0,0,0,6,6,0
1788435131.67183,4171808,1984005,5.9244,ERROR-PASSIVE,128,1,0,0,0,6,6,0
1788435131.6882806,4171808,1984005,5.9344,ERROR-PASSIVE,128,1,0,0,0,6,6,0
1788435131.6918106,4171808,1984005,5.9443,ERROR-PASSIVE,128,1,0,0,0,6,6,0
1788435131.7019503,4171808,1984005,5.9544,ERROR-PASSIVE,128,1,0,0,0,6,6,0
1788435131.7118235,4171808,1984005,5.9644,ERROR-PASSIVE,128,1,0,0,0,6,6,0
1788435131.7218707,4171808,1984005,5.9744,ERROR-PASSIVE,128,1,0,0,0,6,6,0
1788435131.7318242,4171808,1984005,5.9844,ERROR-PASSIVE,128,1,0,0,0,6,6,0
1788435131.7493122,4171808,1984005,5.9944,ERROR-PASSIVE,128,1,0,0,0,6,6,0
1788435131.7518091,4171808,1984005,6.0044,ERROR-PASSIVE,128,1,0,0,0,6,6,0
1788435131.761815,4171808,1984005,6.0144,ERROR-PASSIVE,128,1,0,0,0,6,6,0
1788435131.771839,4171808,1984005,6.0244,ERROR-PASSIVE,128,1,0,0,0,6,6,0
1788435131.7817702,4171808,1984005,6.0343,ERROR-PASSIVE,128,1,0,0,0,6,6,0
1788435131.8006396,4171808,1984005,6.0444,ERROR-PASSIVE,128,1,0,0,0,6,6,0
1788435131.801767,4171808,1984005,6.0543,ERROR-PASSIVE,128,1,0,0,0,6,6,0
1788435131.8117585,4171808,1984005,6.0643,ERROR-PASSIVE,128,1,0,0,0,6,6,0
1788435131.8218179,4171808,1984005,6.0744,ERROR-PASSIVE,128,1,0,0,0,6,6,0
1788435131.8317251,4171808,1984005,6.0843,ERROR-PASSIVE,128,1,0,0,0,6,6,0
1788435131.8418155,4171808,1984005,6.0944,ERROR-PASSIVE,128,1,0,0,0,6,6,0
1788435131.8588421,4171808,1984005,6.1043,ERROR-PASSIVE,128,1,0,0,0,6,6,0
1788435131.8617682,4171808,1984005,6.1143,ERROR-PASSIVE,128,1,0,0,0,6,6,0
1788435131.8717632,4171808,1984005,6.1243,ERROR-PASSIVE,128,1,0,0,0,6,6,0
1788435131.881823,4171808,1984005,6.1344,ERROR-PASSIVE,128,1,0,0,0,6,6,0
1788435131.8918219,4171808,1984005,6.1444,ERROR-PASSIVE,128,1,0,0,0,6,6,0
1788435131.9065628,4171808,1984005,6.1543,ERROR-PASSIVE,128,1,0,0,0,6,6,0
1788435131.9118154,4171808,1984005,6.1644,ERROR-PASSIVE,128,1,0,0,0,6,6,0
1788435131.9217427,4171808,1984005,6.1743,ERROR-PASSIVE,128,1,0,0,0,6,6,0
1788435131.931757,4171808,1984005,6.1843,ERROR-PASSIVE,128,1,0,0,0,6,6,0
1788435131.941784,4171808,1984005,6.1944,ERROR-PASSIVE,128,1,0,0,0,6,6,0
1788435131.951727,4171808,1984005,6.2043,ERROR-PASSIVE,128,1,0,0,0,6,6,0
1788435131.9680912,4171808,1984005,6.2144,ERROR-PASSIVE,128,1,0,0,0,6,6,0
1788435131.9718685,4171808,1984005,6.2244,ERROR-PASSIVE,128,1,0,0,0,6,6,0
1788435131.98186,4171808,1984005,6.2344,ERROR-PASSIVE,128,1,0,0,0,6,6,0
1788435131.9919157,4171808,1984005,6.2444,ERROR-PASSIVE,128,1,0,0,0,6,6,0
1788435132.0018964,4171808,1984005,6.2544,ERROR-PASSIVE,128,1,0,0,0,6,6,0
1788435132.0188253,4171808,1984005,6.2644,ERROR-PASSIVE,128,1,0,0,0,6,6,0
1788435132.0218072,4171808,1984005,6.2743,ERROR-PASSIVE,128,1,0,0,0,6,6,0
1788435132.0318432,4171808,1984005,6.2844,ERROR-PASSIVE,128,1,0,0,0,6,6,0
1788435132.0418315,4171808,1984005,6.2944,ERROR-PASSIVE,128,1,0,0,0,6,6,0
1788435132.051945,4171808,1984005,6.3044,ERROR-PASSIVE,128,1,0,0,0,6,6,0
1788435132.0617692,4171808,1984005,6.3143,ERROR-PASSIVE,128,1,0,0,0,6,6,0
1788435132.078698,4171808,1984005,6.3244,ERROR-PASSIVE,128,1,0,0,0,6,6,0
1788435132.0818071,4171808,1984005,6.3343,ERROR-PASSIVE,128,1,0,0,0,6,6,0
1788435132.0920942,4171808,1984005,6.3446,ERROR-PASSIVE,128,1,0,0,0,6,6,0
1788435132.1018906,4171808,1984005,6.3544,ERROR-PASSIVE,128,1,0,0,0,6,6,0
1788435132.111782,4171808,1984005,6.3644,ERROR-PASSIVE,128,1,0,0,0,6,6,0
1788435132.1218438,4171808,1984005,6.3744,ERROR-PASSIVE,128,1,0,0,0,6,6,0
1788435132.1389573,4171808,1984005,6.3843,ERROR-PASSIVE,128,1,0,0,0,6,6,0
1788435132.1417778,4171808,1984005,6.3944,ERROR-PASSIVE,128,1,0,0,0,6,6,0
1788435132.151873,4171808,1984005,6.4044,ERROR-PASSIVE,128,1,0,0,0,6,6,0
1788435132.161832,4171808,1984005,6.4144,ERROR-PASSIVE,128,1,0,0,0,6,6,0
1788435132.1718543,4171808,1984005,6.4244,ERROR-PASSIVE,128,1,0,0,0,6,6,0
1788435132.1892323,4171808,1984005,6.4344,ERROR-PASSIVE,128,1,0,0,0,6,6,0
1788435132.191819,4171808,1984005,6.4444,ERROR-PASSIVE,128,1,0,0,0,6,6,0
1788435132.2018654,4171808,1984005,6.4544,ERROR-PASSIVE,128,1,0,0,0,6,6,0
1788435132.2118368,4171808,1984005,6.4644,ERROR-PASSIVE,128,1,0,0,0,6,6,0
1788435132.2218256,4171808,1984005,6.4744,ERROR-PASSIVE,128,1,0,0,0,6,6,0
1788435132.2318304,4171808,1984005,6.4844,ERROR-PASSIVE,128,1,0,0,0,6,6,0
1788435132.2506497,4171808,1984005,6.4944,ERROR-PASSIVE,128,1,0,0,0,6,6,0
1788435132.25181,4171808,1984005,6.5044,ERROR-PASSIVE,128,1,0,0,0,6,6,0
1788435132.2618742,4171808,1984005,6.5144,ERROR-PASSIVE,128,1,0,0,0,6,6,0
1788435132.2718174,4171808,1984005,6.5244,ERROR-PASSIVE,128,1,0,0,0,6,6,0
1788435132.281856,4171808,1984005,6.5344,ERROR-PASSIVE,128,1,0,0,0,6,6,0
1788435132.2917924,4171808,1984005,6.5444,ERROR-PASSIVE,128,1,0,0,0,6,6,0
1788435132.3091662,4171808,1984005,6.5543,ERROR-PASSIVE,128,1,0,0,0,6,6,0
1788435132.3118296,4171808,1984005,6.5644,ERROR-PASSIVE,128,1,0,0,0,6,6,0
1788435132.321768,4171808,1984005,6.5743,ERROR-PASSIVE,128,1,0,0,0,6,6,0
1788435132.3318202,4171808,1984005,6.5843,ERROR-PASSIVE,128,1,0,0,0,6,6,0
1788435132.3417752,4171808,1984005,6.5943,ERROR-PASSIVE,128,1,0,0,0,6,6,0
1788435132.358901,4171808,1984005,6.6044,ERROR-PASSIVE,128,1,0,0,0,6,6,0
1788435132.3617682,4171808,1984005,6.6143,ERROR-PASSIVE,128,1,0,0,0,6,6,0
1788435132.3718715,4171808,1984005,6.6244,ERROR-PASSIVE,128,1,0,0,0,6,6,0
1788435132.381798,4171808,1984005,6.6344,ERROR-PASSIVE,128,1,0,0,0,6,6,0
1788435132.3917723,4171808,1984005,6.6444,ERROR-PASSIVE,128,1,0,0,0,6,6,0
1788435132.4090867,4171808,1984005,6.6544,ERROR-PASSIVE,128,1,0,0,0,6,6,0
1788435132.4117815,4171808,1984005,6.6643,ERROR-PASSIVE,128,1,0,0,0,6,6,0
1788435132.421879,4171808,1984005,6.6744,ERROR-PASSIVE,128,1,0,0,0,6,6,0
1788435132.4318528,4171808,1984005,6.6844,ERROR-PASSIVE,128,1,0,0,0,6,6,0
1788435132.4418569,4171808,1984005,6.6944,ERROR-PASSIVE,128,1,0,0,0,6,6,0
1788435132.4518802,4171808,1984005,6.7044,ERROR-PASSIVE,128,1,0,0,0,6,6,0
1788435132.469222,4171808,1984005,6.7147,ERROR-PASSIVE,128,1,0,0,0,6,6,0
1788435132.4717932,4171808,1984005,6.7243,ERROR-PASSIVE,128,1,0,0,0,6,6,0
1788435132.4817746,4171808,1984005,6.7343,ERROR-PASSIVE,128,1,0,0,0,6,6,0
1788435132.4918604,4171808,1984005,6.7444,ERROR-PASSIVE,128,1,0,0,0,6,6,0
1788435132.5017986,4171808,1984005,6.7544,ERROR-PASSIVE,128,1,0,0,0,6,6,0
1788435132.5118287,4171808,1984005,6.7644,ERROR-PASSIVE,128,1,0,0,0,6,6,0
1788435132.526763,4171808,1984005,6.7744,ERROR-PASSIVE,128,1,0,0,0,6,6,0
1788435132.531768,4171808,1984005,6.7843,ERROR-PASSIVE,128,1,0,0,0,6,6,0
1788435132.5418632,4171808,1984005,6.7944,ERROR-PASSIVE,128,1,0,0,0,6,6,0
1788435132.5517926,4171808,1984005,6.8044,ERROR-PASSIVE,128,1,0,0,0,6,6,0
1788435132.5618353,4171808,1984005,6.8144,ERROR-PASSIVE,128,1,0,0,0,6,6,0
1788435132.5717897,4171808,1984005,6.8244,ERROR-PASSIVE,128,1,0,0,0,6,6,0
1788435132.5890677,4171808,1984005,6.8344,ERROR-PASSIVE,128,1,0,0,0,6,6,0
1788435132.591802,4171808,1984005,6.8444,ERROR-PASSIVE,128,1,0,0,0,6,6,0
1788435132.6018498,4171808,1984005,6.8544,ERROR-PASSIVE,128,1,0,0,0,6,6,0
1788435132.6118653,4171808,1984005,6.8644,ERROR-PASSIVE,128,1,0,0,0,6,6,0
1788435132.6218548,4171808,1984005,6.8744,ERROR-PASSIVE,128,1,0,0,0,6,6,0
1788435132.6404898,4171808,1984005,6.8844,ERROR-PASSIVE,128,1,0,0,0,6,6,0
1788435132.6418383,4171808,1984005,6.8944,ERROR-PASSIVE,128,1,0,0,0,6,6,0
1788435132.6518264,4171808,1984005,6.9044,ERROR-PASSIVE,128,1,0,0,0,6,6,0
1788435132.661889,4171808,1984005,6.9144,ERROR-PASSIVE,128,1,0,0,0,6,6,0
1788435132.6718361,4171808,1984005,6.9244,ERROR-PASSIVE,128,1,0,0,0,6,6,0
1788435132.6818836,4171808,1984005,6.9344,ERROR-PASSIVE,128,1,0,0,0,6,6,0
1788435132.6960695,4171808,1984005,6.9444,ERROR-PASSIVE,128,1,0,0,0,6,6,0
1788435132.7018826,4171808,1984005,6.9544,ERROR-PASSIVE,128,1,0,0,0,6,6,0
1788435132.7118616,4171808,1984005,6.9644,ERROR-PASSIVE,128,1,0,0,0,6,6,0
1788435132.7218776,4171808,1984005,6.9744,ERROR-PASSIVE,128,1,0,0,0,6,6,0
1788435132.7318552,4171808,1984005,6.9844,ERROR-PASSIVE,128,1,0,0,0,6,6,0
1788435132.7418299,4171808,1984005,6.9944,ERROR-PASSIVE,128,1,0,0,0,6,6,0
1788435132.7567763,4171808,1984005,7.0044,ERROR-PASSIVE,128,1,0,0,0,6,6,0
1788435132.7618475,4171808,1984005,7.0144,ERROR-PASSIVE,128,1,0,0,0,6,6,0
1788435132.7718892,4171808,1984005,7.0244,ERROR-PASSIVE,128,1,0,0,0,6,6,0
1788435132.7818866,4171808,1984005,7.0344,ERROR-PASSIVE,128,1,0,0,0,6,6,0
1788435132.7918563,4171808,1984005,7.0444,ERROR-PASSIVE,128,1,0,0,0,6,6,0
1788435132.8018467,4171808,1984005,7.0544,ERROR-PASSIVE,128,1,0,0,0,6,6,0
1788435132.8191419,4171808,1984005,7.0644,ERROR-PASSIVE,128,1,0,0,0,6,6,0
1788435132.8219821,4171808,1984005,7.0744,ERROR-PASSIVE,128,1,0,0,0,6,6,0
1788435132.8317752,4171808,1984005,7.0843,ERROR-PASSIVE,128,1,0,0,0,6,6,0
1788435132.8417795,4171808,1984005,7.0943,ERROR-PASSIVE,128,1,0,0,0,6,6,0
1788435132.8517468,4171808,1984005,7.1043,ERROR-PASSIVE,128,1,0,0,0,6,6,0
1788435132.861851,4171808,1984005,7.1144,ERROR-PASSIVE,128,1,0,0,0,6,6,0
1788435132.8773828,4171808,1984005,7.1244,ERROR-PASSIVE,128,1,0,0,0,6,6,0
1788435132.881818,4171808,1984005,7.1343,ERROR-PASSIVE,128,1,0,0,0,6,6,0
1788435132.8919258,4171808,1984005,7.1444,ERROR-PASSIVE,128,1,0,0,0,6,6,0
1788435132.901955,4171808,1984005,7.1544,ERROR-PASSIVE,128,1,0,0,0,6,6,0
1788435132.9118416,4171808,1984005,7.1644,ERROR-PASSIVE,128,1,0,0,0,6,6,0
1788435132.9218087,4171808,1984005,7.1744,ERROR-PASSIVE,128,1,0,0,0,6,6,0
1788435132.9376872,4171808,1984005,7.1844,ERROR-PASSIVE,128,1,0,0,0,6,6,0
1788435132.9419036,4171808,1984005,7.1944,ERROR-PASSIVE,128,1,0,0,0,6,6,0
1788435132.9518259,4171808,1984005,7.2044,ERROR-PASSIVE,128,1,0,0,0,6,6,0
1788435132.9618955,4171808,1984005,7.2144,ERROR-PASSIVE,128,1,0,0,0,6,6,0
1788435132.971831,4171808,1984005,7.2244,ERROR-PASSIVE,128,1,0,0,0,6,6,0
1788435132.9818375,4171808,1984005,7.2344,ERROR-PASSIVE,128,1,0,0,0,6,6,0
1788435132.9984717,4171808,1984005,7.2444,ERROR-PASSIVE,128,1,0,0,0,6,6,0
1788435133.0018735,4171808,1984005,7.2544,ERROR-PASSIVE,128,1,0,0,0,6,6,0
1788435133.0118637,4171808,1984005,7.2644,ERROR-PASSIVE,128,1,0,0,0,6,6,0
1788435133.0218773,4171808,1984005,7.2744,ERROR-PASSIVE,128,1,0,0,0,6,6,0
1788435133.031832,4171808,1984005,7.2844,ERROR-PASSIVE,128,1,0,0,0,6,6,0
1788435133.0418687,4171808,1984005,7.2944,ERROR-PASSIVE,128,1,0,0,0,6,6,0
1788435133.058236,4171808,1984005,7.3044,ERROR-PASSIVE,128,1,0,0,0,6,6,0
1788435133.0617743,4171808,1984005,7.3143,ERROR-PASSIVE,128,1,0,0,0,6,6,0
1788435133.0718622,4171808,1984005,7.3244,ERROR-PASSIVE,128,1,0,0,0,6,6,0
1788435133.0818126,4171808,1984005,7.3344,ERROR-PASSIVE,128,1,0,0,0,6,6,0
1788435133.0918229,4171808,1984005,7.3444,ERROR-PASSIVE,128,1,0,0,0,6,6,0
1788435133.1018138,4171808,1984005,7.3544,ERROR-PASSIVE,128,1,0,0,0,6,6,0
1788435133.1188035,4171808,1984005,7.3644,ERROR-PASSIVE,128,1,0,0,0,6,6,0
1788435133.1218545,4171808,1984005,7.3744,ERROR-PASSIVE,128,1,0,0,0,6,6,0
1788435133.1318045,4171808,1984005,7.3844,ERROR-PASSIVE,128,1,0,0,0,6,6,0
1788435133.141838,4171808,1984005,7.3944,ERROR-PASSIVE,128,1,0,0,0,6,6,0
1788435133.1518083,4171808,1984005,7.4044,ERROR-PASSIVE,128,1,0,0,0,6,6,0
1788435133.1618245,4171808,1984005,7.4144,ERROR-PASSIVE,128,1,0,0,0,6,6,0
1788435133.1771955,4171808,1984005,7.4244,ERROR-PASSIVE,128,1,0,0,0,6,6,0
1788435133.1818588,4171808,1984005,7.4344,ERROR-PASSIVE,128,1,0,0,0,6,6,0
1788435133.1918972,4171808,1984005,7.4444,ERROR-PASSIVE,128,1,0,0,0,6,6,0
1788435133.2018983,4171808,1984005,7.4544,ERROR-PASSIVE,128,1,0,0,0,6,6,0
1788435133.212008,4171808,1984005,7.4645,ERROR-PASSIVE,128,1,0,0,0,6,6,0
1788435133.2217913,4171808,1984005,7.4743,ERROR-PASSIVE,128,1,0,0,0,6,6,0
1788435133.2388341,4171808,1984005,7.4844,ERROR-PASSIVE,128,1,0,0,0,6,6,0
1788435133.2418294,4171808,1984005,7.4944,ERROR-PASSIVE,128,1,0,0,0,6,6,0
1788435133.2518547,4171808,1984005,7.5044,ERROR-PASSIVE,128,1,0,0,0,6,6,0
1788435133.2618394,4171808,1984005,7.5144,ERROR-PASSIVE,128,1,0,0,0,6,6,0
1788435133.2718925,4171808,1984005,7.5244,ERROR-PASSIVE,128,1,0,0,0,6,6,0
1788435133.288297,4171808,1984005,7.5344,ERROR-PASSIVE,128,1,0,0,0,6,6,0
1788435133.2918167,4171808,1984005,7.5444,ERROR-PASSIVE,128,1,0,0,0,6,6,0
1788435133.3018334,4171808,1984005,7.5544,ERROR-PASSIVE,128,1,0,0,0,6,6,0
1788435133.3118727,4171808,1984005,7.5644,ERROR-PASSIVE,128,1,0,0,0,6,6,0
1788435133.3218431,4171808,1984005,7.5744,ERROR-PASSIVE,128,1,0,0,0,6,6,0
1788435133.3318555,4171808,1984005,7.5844,ERROR-PASSIVE,128,1,0,0,0,6,6,0
1788435133.3466427,4171808,1984005,7.5944,ERROR-PASSIVE,128,1,0,0,0,6,6,0
1788435133.3518105,4171808,1984005,7.6044,ERROR-PASSIVE,128,1,0,0,0,6,6,0
1788435133.361832,4171808,1984005,7.6144,ERROR-PASSIVE,128,1,0,0,0,6,6,0
1788435133.3718321,4171808,1984005,7.6244,ERROR-PASSIVE,128,1,0,0,0,6,6,0
1788435133.3818576,4171808,1984005,7.6344,ERROR-PASSIVE,128,1,0,0,0,6,6,0
1788435133.3918183,4171808,1984005,7.6444,ERROR-PASSIVE,128,1,0,0,0,6,6,0
1788435133.4080591,4171808,1984005,7.6544,ERROR-PASSIVE,128,1,0,0,0,6,6,0
1788435133.4118032,4171808,1984005,7.6643,ERROR-PASSIVE,128,1,0,0,0,6,6,0
1788435133.421832,4171808,1984005,7.6744,ERROR-PASSIVE,128,1,0,0,0,6,6,0
1788435133.4318228,4171808,1984005,7.6844,ERROR-PASSIVE,128,1,0,0,0,6,6,0
1788435133.4418142,4171808,1984005,7.6944,ERROR-PASSIVE,128,1,0,0,0,6,6,0
1788435133.4585602,4171808,1984005,7.7044,ERROR-PASSIVE,128,1,0,0,0,6,6,0
1788435133.461786,4171808,1984005,7.7143,ERROR-PASSIVE,128,1,0,0,0,6,6,0
1788435133.4717684,4171808,1984005,7.7243,ERROR-PASSIVE,128,1,0,0,0,6,6,0
1788435133.481806,4171808,1984005,7.7344,ERROR-PASSIVE,128,1,0,0,0,6,6,0
1788435133.491773,4171808,1984005,7.7444,ERROR-PASSIVE,128,1,0,0,0,6,6,0
1788435133.5082633,4171808,1984005,7.7544,ERROR-PASSIVE,128,1,0,0,0,6,6,0
1788435133.5117621,4171808,1984005,7.7643,ERROR-PASSIVE,128,1,0,0,0,6,6,0
1788435133.5217547,4171808,1984005,7.7743,ERROR-PASSIVE,128,1,0,0,0,6,6,0
1788435133.531809,4171808,1984005,7.7844,ERROR-PASSIVE,128,1,0,0,0,6,6,0
1788435133.5419006,4171808,1984005,7.7944,ERROR-PASSIVE,128,1,0,0,0,6,6,0
1788435133.5569735,4171808,1984005,7.8044,ERROR-PASSIVE,128,1,0,0,0,6,6,0
1788435133.5618057,4171808,1984005,7.8144,ERROR-PASSIVE,128,1,0,0,0,6,6,0
1788435133.5717928,4171808,1984005,7.8243,ERROR-PASSIVE,128,1,0,0,0,6,6,0
1788435133.5817778,4171808,1984005,7.8343,ERROR-PASSIVE,128,1,0,0,0,6,6,0
1788435133.5917475,4171808,1984005,7.8443,ERROR-PASSIVE,128,1,0,0,0,6,6,0
1788435133.60177,4171808,1984005,7.8543,ERROR-PASSIVE,128,1,0,0,0,6,6,0
1788435133.617088,4171808,1984005,7.8644,ERROR-PASSIVE,128,1,0,0,0,6,6,0
1788435133.6217432,4171808,1984005,7.8743,ERROR-PASSIVE,128,1,0,0,0,6,6,0
1788435133.6317708,4171808,1984005,7.8843,ERROR-PASSIVE,128,1,0,0,0,6,6,0
1788435133.6417642,4171808,1984005,7.8943,ERROR-PASSIVE,128,1,0,0,0,6,6,0
1788435133.651884,4171808,1984005,7.9044,ERROR-PASSIVE,128,1,0,0,0,6,6,0
1788435133.6668441,4171808,1984005,7.9144,ERROR-PASSIVE,128,1,0,0,0,6,6,0
1788435133.6717858,4171808,1984005,7.9244,ERROR-PASSIVE,128,1,0,0,0,6,6,0
1788435133.6817813,4171808,1984005,7.9344,ERROR-PASSIVE,128,1,0,0,0,6,6,0
1788435133.6918757,4171808,1984005,7.9444,ERROR-PASSIVE,128,1,0,0,0,6,6,0
1788435133.7018547,4171808,1984005,7.9544,ERROR-PASSIVE,128,1,0,0,0,6,6,0
1788435133.7182035,4171808,1984005,7.9644,ERROR-PASSIVE,128,1,0,0,0,6,6,0
1788435133.7218568,4171808,1984005,7.9744,ERROR-PASSIVE,128,1,0,0,0,6,6,0
1788435133.7318165,4171808,1984005,7.9844,ERROR-PASSIVE,128,1,0,0,0,6,6,0
1788435133.74185,4171808,1984005,7.9944,ERROR-PASSIVE,128,1,0,0,0,6,6,0
1788435133.7518265,4171808,1984005,8.0043,ERROR-PASSIVE,128,1,0,0,0,6,6,0
1788435133.761778,4171808,1984005,8.0144,ERROR-PASSIVE,128,1,0,0,0,6,6,0
1788435133.7782652,4171808,1984005,8.0244,ERROR-PASSIVE,128,1,0,0,0,6,6,0
1788435133.781798,4171808,1984005,8.0343,ERROR-PASSIVE,128,1,0,0,0,6,6,0
1788435133.791844,4171808,1984005,8.0444,ERROR-PASSIVE,128,1,0,0,0,6,6,0
1788435133.8018482,4171808,1984005,8.0544,ERROR-PASSIVE,128,1,0,0,0,6,6,0
1788435133.8118124,4171808,1984005,8.0644,ERROR-PASSIVE,128,1,0,0,0,6,6,0
1788435133.8218236,4171808,1984005,8.0744,ERROR-PASSIVE,128,1,0,0,0,6,6,0
1788435133.8375456,4171808,1984005,8.0844,ERROR-PASSIVE,128,1,0,0,0,6,6,0
1788435133.841839,4171808,1984005,8.0944,ERROR-PASSIVE,128,1,0,0,0,6,6,0
1788435133.851832,4171808,1984005,8.1044,ERROR-PASSIVE,128,1,0,0,0,6,6,0
1788435133.8618107,4171808,1984005,8.1144,ERROR-PASSIVE,128,1,0,0,0,6,6,0
1788435133.8718154,4171808,1984005,8.1244,ERROR-PASSIVE,128,1,0,0,0,6,6,0
1788435133.881799,4171808,1984005,8.1344,ERROR-PASSIVE,128,1,0,0,0,6,6,0
1788435133.8986087,4171808,1984005,8.1444,ERROR-PASSIVE,128,1,0,0,0,6,6,0
1788435133.9018657,4171808,1984005,8.1544,ERROR-PASSIVE,128,1,0,0,0,6,6,0
1788435133.91198,4171808,1984005,8.1644,ERROR-PASSIVE,128,1,0,0,0,6,6,0
1788435133.9218745,4171808,1984005,8.1744,ERROR-PASSIVE,128,1,0,0,0,6,6,0
1788435133.9318416,4171808,1984005,8.1844,ERROR-PASSIVE,128,1,0,0,0,6,6,0
1788435133.9468956,4171808,1984005,8.1944,ERROR-PASSIVE,128,1,0,0,0,6,6,0
1788435133.9518912,4171808,1984005,8.2044,ERROR-PASSIVE,128,1,0,0,0,6,6,0
1788435133.9618118,4171808,1984005,8.2144,ERROR-PASSIVE,128,1,0,0,0,6,6,0
1788435133.9718945,4171808,1984005,8.2244,ERROR-PASSIVE,128,1,0,0,0,6,6,0
1788435133.9818,4171808,1984005,8.2344,ERROR-PASSIVE,128,1,0,0,0,6,6,0
1788435133.9918272,4171808,1984005,8.2444,ERROR-PASSIVE,128,1,0,0,0,6,6,0
1788435134.0074246,4171808,1984005,8.2544,ERROR-PASSIVE,128,1,0,0,0,6,6,0
1788435134.011774,4171808,1984005,8.2643,ERROR-PASSIVE,128,1,0,0,0,6,6,0
1788435134.0219324,4171808,1984005,8.2744,ERROR-PASSIVE,128,1,0,0,0,6,6,0
1788435134.0318317,4171808,1984005,8.2844,ERROR-PASSIVE,128,1,0,0,0,6,6,0
1788435134.0418887,4171808,1984005,8.2944,ERROR-PASSIVE,128,1,0,0,0,6,6,0
1788435134.058516,4171808,1984005,8.3044,ERROR-PASSIVE,128,1,0,0,0,6,6,0
1788435134.061847,4171808,1984005,8.3143,ERROR-PASSIVE,128,1,0,0,0,6,6,0
1788435134.0717752,4171808,1984005,8.3244,ERROR-PASSIVE,128,1,0,0,0,6,6,0
1788435134.081773,4171808,1984005,8.3344,ERROR-PASSIVE,128,1,0,0,0,6,6,0
1788435134.0918326,4171808,1984005,8.3444,ERROR-PASSIVE,128,1,0,0,0,6,6,0
1788435134.107825,4171808,1984005,8.3544,ERROR-PASSIVE,128,1,0,0,0,6,6,0
1788435134.111786,4171808,1984005,8.3644,ERROR-PASSIVE,128,1,0,0,0,6,6,0
1788435134.1218336,4171808,1984005,8.3744,ERROR-PASSIVE,128,1,0,0,0,6,6,0
1788435134.131812,4171808,1984005,8.3844,ERROR-PASSIVE,128,1,0,0,0,6,6,0
1788435134.14182,4171808,1984005,8.3944,ERROR-PASSIVE,128,1,0,0,0,6,6,0
1788435134.1585672,4171808,1984005,8.4044,ERROR-PASSIVE,128,1,0,0,0,6,6,0
1788435134.1617942,4171808,1984005,8.4143,ERROR-PASSIVE,128,1,0,0,0,6,6,0
1788435134.1718676,4171808,1984005,8.4244,ERROR-PASSIVE,128,1,0,0,0,6,6,0
1788435134.1817813,4171808,1984005,8.4344,ERROR-PASSIVE,128,1,0,0,0,6,6,0
1788435134.1917589,4171808,1984005,8.4443,ERROR-PASSIVE,128,1,0,0,0,6,6,0
1788435134.201763,4171808,1984005,8.4544,ERROR-PASSIVE,128,1,0,0,0,6,6,0
1788435134.2159467,4171808,1984005,8.4644,ERROR-PASSIVE,128,1,0,0,0,6,6,0
1788435134.2219021,4171808,1984005,8.4744,ERROR-PASSIVE,128,1,0,0,0,6,6,0
1788435134.2318037,4171808,1984005,8.4844,ERROR-PASSIVE,128,1,0,0,0,6,6,0
1788435134.241905,4171808,1984005,8.4944,ERROR-PASSIVE,128,1,0,0,0,6,6,0
1788435134.2518246,4171808,1984005,8.5044,ERROR-PASSIVE,128,1,0,0,0,6,6,0
1788435134.261778,4171808,1984005,8.5144,ERROR-PASSIVE,128,1,0,0,0,6,6,0
1788435134.2783954,4171808,1984005,8.5244,ERROR-PASSIVE,128,1,0,0,0,6,6,0
1788435134.2818077,4171808,1984005,8.5344,ERROR-PASSIVE,128,1,0,0,0,6,6,0
1788435134.2918127,4171808,1984005,8.5444,ERROR-PASSIVE,128,1,0,0,0,6,6,0
1788435134.301817,4171808,1984005,8.5544,ERROR-PASSIVE,128,1,0,0,0,6,6,0
1788435134.3118258,4171808,1984005,8.5644,ERROR-PASSIVE,128,1,0,0,0,6,6,0
1788435134.3218071,4171808,1984005,8.5744,ERROR-PASSIVE,128,1,0,0,0,6,6,0
1788435134.3400893,4171808,1984005,8.5844,ERROR-PASSIVE,128,1,0,0,0,6,6,0
1788435134.3418326,4171808,1984005,8.5944,ERROR-PASSIVE,128,1,0,0,0,6,6,0
1788435134.3518002,4171808,1984005,8.6044,ERROR-PASSIVE,128,1,0,0,0,6,6,0
1788435134.361877,4171808,1984005,8.6144,ERROR-PASSIVE,128,1,0,0,0,6,6,0
1788435134.37189,4171808,1984005,8.6244,ERROR-PASSIVE,128,1,0,0,0,6,6,0
1788435134.3818247,4171808,1984005,8.6344,ERROR-PASSIVE,128,1,0,0,0,6,6,0
1788435134.399035,4171808,1984005,8.6444,ERROR-PASSIVE,128,1,0,0,0,6,6,0
1788435134.4018025,4171808,1984005,8.6543,ERROR-PASSIVE,128,1,0,0,0,6,6,0
1788435134.4118314,4171808,1984005,8.6644,ERROR-PASSIVE,128,1,0,0,0,6,6,0
1788435134.4218295,4171808,1984005,8.6744,ERROR-PASSIVE,128,1,0,0,0,6,6,0
1788435134.4318047,4171808,1984005,8.6844,ERROR-PASSIVE,128,1,0,0,0,6,6,0
1788435134.4418247,4171808,1984005,8.6944,ERROR-PASSIVE,128,1,0,0,0,6,6,0
1788435134.4569852,4171808,1984005,8.7044,ERROR-PASSIVE,128,1,0,0,0,6,6,0
1788435134.461803,4171808,1984005,8.7144,ERROR-PASSIVE,128,1,0,0,0,6,6,0
1788435134.4718645,4171808,1984005,8.7244,ERROR-PASSIVE,128,1,0,0,0,6,6,0
1788435134.4818478,4171808,1984005,8.7344,ERROR-PASSIVE,128,1,0,0,0,6,6,0
1788435134.4918756,4171808,1984005,8.7444,ERROR-PASSIVE,128,1,0,0,0,6,6,0
1788435134.5070622,4171808,1984005,8.7544,ERROR-PASSIVE,128,1,0,0,0,6,6,0
1788435134.5118043,4171808,1984005,8.7644,ERROR-PASSIVE,128,1,0,0,0,6,6,0
1788435134.521761,4171808,1984005,8.7743,ERROR-PASSIVE,128,1,0,0,0,6,6,0
1788435134.531815,4171808,1984005,8.7844,ERROR-PASSIVE,128,1,0,0,0,6,6,0
1788435134.5418124,4171808,1984005,8.7944,ERROR-PASSIVE,128,1,0,0,0,6,6,0
1788435134.5518117,4171808,1984005,8.8044,ERROR-PASSIVE,128,1,0,0,0,6,6,0
1788435134.5670373,4171808,1984005,8.8144,ERROR-PASSIVE,128,1,0,0,0,6,6,0
1788435134.5717995,4171808,1984005,8.8243,ERROR-PASSIVE,128,1,0,0,0,6,6,0
1788435134.5818925,4171808,1984005,8.8344,ERROR-PASSIVE,128,1,0,0,0,6,6,0
1788435134.5918279,4171808,1984005,8.8444,ERROR-PASSIVE,128,1,0,0,0,6,6,0
1788435134.6018462,4171808,1984005,8.8544,ERROR-PASSIVE,128,1,0,0,0,6,6,0
1788435134.6179066,4171808,1984005,8.8644,ERROR-PASSIVE,128,1,0,0,0,6,6,0
1788435134.6218379,4171808,1984005,8.8744,ERROR-PASSIVE,128,1,0,0,0,6,6,0
1788435134.631774,4171808,1984005,8.8844,ERROR-PASSIVE,128,1,0,0,0,6,6,0
1788435134.6417532,4171808,1984005,8.8943,ERROR-PASSIVE,128,1,0,0,0,6,6,0
1788435134.6517708,4171808,1984005,8.9044,ERROR-PASSIVE,128,1,0,0,0,6,6,0
1788435134.6665518,4171808,1984005,8.9144,ERROR-PASSIVE,128,1,0,0,0,6,6,0
1788435134.6718483,4171808,1984005,8.9244,ERROR-PASSIVE,128,1,0,0,0,6,6,0
1788435134.681776,4171808,1984005,8.9344,ERROR-PASSIVE,128,1,0,0,0,6,6,0
1788435134.6918135,4171808,1984005,8.9443,ERROR-PASSIVE,128,1,0,0,0,6,6,0
1788435134.7018726,4171808,1984005,8.9544,ERROR-PASSIVE,128,1,0,0,0,6,6,0
1788435134.7118318,4171808,1984005,8.9644,ERROR-PASSIVE,128,1,0,0,0,6,6,0
1788435134.728068,4171808,1984005,8.9744,ERROR-PASSIVE,128,1,0,0,0,6,6,0
1788435134.731792,4171808,1984005,8.9843,ERROR-PASSIVE,128,1,0,0,0,6,6,0
1788435134.7417645,4171808,1984005,8.9943,ERROR-PASSIVE,128,1,0,0,0,6,6,0
1788435134.7517624,4171808,1984005,9.0043,ERROR-PASSIVE,128,1,0,0,0,6,6,0
1788435134.7618225,4171808,1984005,9.0144,ERROR-PASSIVE,128,1,0,0,0,6,6,0
1788435134.7771287,4171808,1984005,9.0244,ERROR-PASSIVE,128,1,0,0,0,6,6,0
1788435134.7817755,4171808,1984005,9.0343,ERROR-PASSIVE,128,1,0,0,0,6,6,0
1788435134.7918017,4171808,1984005,9.0444,ERROR-PASSIVE,128,1,0,0,0,6,6,0
1788435134.8018641,4171808,1984005,9.0544,ERROR-PASSIVE,128,1,0,0,0,6,6,0
1788435134.8118744,4171808,1984005,9.0644,ERROR-PASSIVE,128,1,0,0,0,6,6,0
1788435134.821823,4171808,1984005,9.0744,ERROR-PASSIVE,128,1,0,0,0,6,6,0
1788435134.8393734,4171808,1984005,9.0844,ERROR-PASSIVE,128,1,0,0,0,6,6,0
1788435134.8418038,4171808,1984005,9.0943,ERROR-PASSIVE,128,1,0,0,0,6,6,0
1788435134.8518198,4171808,1984005,9.1044,ERROR-PASSIVE,128,1,0,0,0,6,6,0
1788435134.86181,4171808,1984005,9.1144,ERROR-PASSIVE,128,1,0,0,0,6,6,0
1788435134.8718016,4171808,1984005,9.1244,ERROR-PASSIVE,128,1,0,0,0,6,6,0
1788435134.8872447,4171808,1984005,9.1344,ERROR-PASSIVE,128,1,0,0,0,6,6,0
1788435134.8918478,4171808,1984005,9.1444,ERROR-PASSIVE,128,1,0,0,0,6,6,0
1788435134.9018517,4171808,1984005,9.1544,ERROR-PASSIVE,128,1,0,0,0,6,6,0
1788435134.9117887,4171808,1984005,9.1644,ERROR-PASSIVE,128,1,0,0,0,6,6,0
1788435134.9218695,4171808,1984005,9.1744,ERROR-PASSIVE,128,1,0,0,0,6,6,0
1788435134.9318068,4171808,1984005,9.1844,ERROR-PASSIVE,128,1,0,0,0,6,6,0
1788435134.9475987,4171808,1984005,9.1944,ERROR-PASSIVE,128,1,0,0,0,6,6,0
1788435134.9518642,4171808,1984005,9.2044,ERROR-PASSIVE,128,1,0,0,0,6,6,0
1788435134.961727,4171808,1984005,9.2143,ERROR-PASSIVE,128,1,0,0,0,6,6,0
1788435134.9719388,4171808,1984005,9.2244,ERROR-PASSIVE,128,1,0,0,0,6,6,0
1788435134.9817686,4171808,1984005,9.2344,ERROR-PASSIVE,128,1,0,0,0,6,6,0
1788435134.9982092,4171808,1984005,9.2444,ERROR-PASSIVE,128,1,0,0,0,6,6,0
1788435135.001831,4171808,1984005,9.2544,ERROR-PASSIVE,128,1,0,0,0,6,6,0
1788435135.0118756,4171808,1984005,9.2644,ERROR-PASSIVE,128,1,0,0,0,6,6,0
1788435135.0219293,4171808,1984005,9.2744,ERROR-PASSIVE,128,1,0,0,0,6,6,0
1788435135.0318744,4171808,1984005,9.2844,ERROR-PASSIVE,128,1,0,0,0,6,6,0
1788435135.0418947,4171808,1984005,9.2944,ERROR-PASSIVE,128,1,0,0,0,6,6,0
1788435135.058444,4171808,1984005,9.3044,ERROR-PASSIVE,128,1,0,0,0,6,6,0
1788435135.0617738,4171808,1984005,9.3143,ERROR-PASSIVE,128,1,0,0,0,6,6,0
1788435135.07174,4171808,1984005,9.3243,ERROR-PASSIVE,128,1,0,0,0,6,6,0
1788435135.0818062,4171808,1984005,9.3344,ERROR-PASSIVE,128,1,0,0,0,6,6,0
1788435135.091798,4171808,1984005,9.3444,ERROR-PASSIVE,128,1,0,0,0,6,6,0
1788435135.1061609,4171808,1984005,9.3544,ERROR-PASSIVE,128,1,0,0,0,6,6,0
1788435135.1117685,4171808,1984005,9.3643,ERROR-PASSIVE,128,1,0,0,0,6,6,0
1788435135.1217873,4171808,1984005,9.3744,ERROR-PASSIVE,128,1,0,0,0,6,6,0
1788435135.131772,4171808,1984005,9.3843,ERROR-PASSIVE,128,1,0,0,0,6,6,0
1788435135.1418147,4171808,1984005,9.3944,ERROR-PASSIVE,128,1,0,0,0,6,6,0
1788435135.1517694,4171808,1984005,9.4044,ERROR-PASSIVE,128,1,0,0,0,6,6,0
1788435135.1686592,4171808,1984005,9.4144,ERROR-PASSIVE,128,1,0,0,0,6,6,0
1788435135.1717668,4171808,1984005,9.4243,ERROR-PASSIVE,128,1,0,0,0,6,6,0
1788435135.1818862,4171808,1984005,9.4344,ERROR-PASSIVE,128,1,0,0,0,6,6,0
1788435135.191809,4171808,1984005,9.4444,ERROR-PASSIVE,128,1,0,0,0,6,6,0
1788435135.201788,4171808,1984005,9.4543,ERROR-PASSIVE,128,1,0,0,0,6,6,0
1788435135.2118154,4171808,1984005,9.4644,ERROR-PASSIVE,128,1,0,0,0,6,6,0
1788435135.2274098,4171808,1984005,9.4743,ERROR-PASSIVE,128,1,0,0,0,6,6,0
1788435135.2318485,4171808,1984005,9.4844,ERROR-PASSIVE,128,1,0,0,0,6,6,0
1788435135.2420218,4171808,1984005,9.4945,ERROR-PASSIVE,128,1,0,0,0,6,6,0
1788435135.2518458,4171808,1984005,9.5044,ERROR-PASSIVE,128,1,0,0,0,6,6,0
1788435135.2618403,4171808,1984005,9.5144,ERROR-PASSIVE,128,1,0,0,0,6,6,0
1788435135.2782228,4171808,1984005,9.5244,ERROR-PASSIVE,128,1,0,0,0,6,6,0
1788435135.2818046,4171808,1984005,9.5343,ERROR-PASSIVE,128,1,0,0,0,6,6,0
1788435135.2917738,4171808,1984005,9.5443,ERROR-PASSIVE,128,1,0,0,0,6,6,0
1788435135.3017626,4171808,1984005,9.5543,ERROR-PASSIVE,128,1,0,0,0,6,6,0
1788435135.3117573,4171808,1984005,9.5643,ERROR-PASSIVE,128,1,0,0,0,6,6,0
1788435135.321828,4171808,1984005,9.5744,ERROR-PASSIVE,128,1,0,0,0,6,6,0
1788435135.3385596,4171808,1984005,9.5844,ERROR-PASSIVE,128,1,0,0,0,6,6,0
1788435135.3417811,4171808,1984005,9.5943,ERROR-PASSIVE,128,1,0,0,0,6,6,0
1788435135.3517926,4171808,1984005,9.6044,ERROR-PASSIVE,128,1,0,0,0,6,6,0
1788435135.3618064,4171808,1984005,9.6144,ERROR-PASSIVE,128,1,0,0,0,6,6,0
1788435135.3718429,4171808,1984005,9.6244,ERROR-PASSIVE,128,1,0,0,0,6,6,0
1788435135.3818207,4171808,1984005,9.6344,ERROR-PASSIVE,128,1,0,0,0,6,6,0
1788435135.398367,4171808,1984005,9.6444,ERROR-PASSIVE,128,1,0,0,0,6,6,0
1788435135.4017687,4171808,1984005,9.6543,ERROR-PASSIVE,128,1,0,0,0,6,6,0
1788435135.4117727,4171808,1984005,9.6643,ERROR-PASSIVE,128,1,0,0,0,6,6,0
1788435135.4218352,4171808,1984005,9.6744,ERROR-PASSIVE,128,1,0,0,0,6,6,0
1788435135.4318218,4171808,1984005,9.6844,ERROR-PASSIVE,128,1,0,0,0,6,6,0
1788435135.4476163,4171808,1984005,9.6944,ERROR-PASSIVE,128,1,0,0,0,6,6,0
1788435135.451774,4171808,1984005,9.7044,ERROR-PASSIVE,128,1,0,0,0,6,6,0
1788435135.4617453,4171808,1984005,9.7143,ERROR-PASSIVE,128,1,0,0,0,6,6,0
1788435135.471742,4171808,1984005,9.7243,ERROR-PASSIVE,128,1,0,0,0,6,6,0
1788435135.4817996,4171808,1984005,9.7344,ERROR-PASSIVE,128,1,0,0,0,6,6,0
1788435135.4917994,4171808,1984005,9.7444,ERROR-PASSIVE,128,1,0,0,0,6,6,0
1788435135.5073884,4171808,1984005,9.7544,ERROR-PASSIVE,128,1,0,0,0,6,6,0
1788435135.5117638,4171808,1984005,9.7643,ERROR-PASSIVE,128,1,0,0,0,6,6,0
1788435135.5218668,4171808,1984005,9.7744,ERROR-PASSIVE,128,1,0,0,0,6,6,0
1788435135.5318203,4171808,1984005,9.7844,ERROR-PASSIVE,128,1,0,0,0,6,6,0
1788435135.54182,4171808,1984005,9.7944,ERROR-PASSIVE,128,1,0,0,0,6,6,0
1788435135.5586348,4171808,1984005,9.8044,ERROR-PASSIVE,128,1,0,0,0,6,6,0
1788435135.5617716,4171808,1984005,9.8143,ERROR-PASSIVE,128,1,0,0,0,6,6,0
1788435135.571849,4171808,1984005,9.8244,ERROR-PASSIVE,128,1,0,0,0,6,6,0
1788435135.5818124,4171808,1984005,9.8344,ERROR-PASSIVE,128,1,0,0,0,6,6,0
1788435135.5917952,4171808,1984005,9.8444,ERROR-PASSIVE,128,1,0,0,0,6,6,0
1788435135.6017966,4171808,1984005,9.8544,ERROR-PASSIVE,128,1,0,0,0,6,6,0
1788435135.6164894,4171808,1984005,9.8644,ERROR-PASSIVE,128,1,0,0,0,6,6,0
1788435135.6218336,4171808,1984005,9.8744,ERROR-PASSIVE,128,1,0,0,0,6,6,0
1788435135.6318488,4171808,1984005,9.8844,ERROR-PASSIVE,128,1,0,0,0,6,6,0
1788435135.6418185,4171808,1984005,9.8944,ERROR-PASSIVE,128,1,0,0,0,6,6,0
1788435135.6518087,4171808,1984005,9.9044,ERROR-PASSIVE,128,1,0,0,0,6,6,0
1788435135.6663923,4171808,1984005,9.9144,ERROR-PASSIVE,128,1,0,0,0,6,6,0
1788435135.6717916,4171808,1984005,9.9244,ERROR-PASSIVE,128,1,0,0,0,6,6,0
1788435135.681832,4171808,1984005,9.9344,ERROR-PASSIVE,128,1,0,0,0,6,6,0
1788435135.6918263,4171808,1984005,9.9444,ERROR-PASSIVE,128,1,0,0,0,6,6,0
1788435135.7017686,4171808,1984005,9.9544,ERROR-PASSIVE,128,1,0,0,0,6,6,0
1788435135.7117872,4171808,1984005,9.9644,ERROR-PASSIVE,128,1,0,0,0,6,6,0
1788435135.728301,4171808,1984005,9.9744,ERROR-PASSIVE,128,1,0,0,0,6,6,0
1788435135.7318149,4171808,1984005,9.9844,ERROR-PASSIVE,128,1,0,0,0,6,6,0
1788435135.7418213,4171808,1984005,9.9944,ERROR-PASSIVE,128,1,0,0,0,6,6,0
1788435135.75181,4171808,1984005,10.0044,ERROR-PASSIVE,128,1,0,0,0,6,6,0
1788435135.7618337,4171808,1984005,10.0144,ERROR-PASSIVE,128,1,0,0,0,6,6,0
1788435135.7785308,4171808,1984005,10.0244,ERROR-PASSIVE,128,1,0,0,0,6,6,0
1788435135.781773,4171808,1984005,10.0343,ERROR-PASSIVE,128,1,0,0,0,6,6,0
1788435135.791772,4171808,1984005,10.0444,ERROR-PASSIVE,128,1,0,0,0,6,6,0
1788435135.8018184,4171808,1984005,10.0544,ERROR-PASSIVE,128,1,0,0,0,6,6,0
1788435135.8117683,4171808,1984005,10.0644,ERROR-PASSIVE,128,1,0,0,0,6,6,0
1788435135.8217692,4171808,1984005,10.0744,ERROR-PASSIVE,128,1,0,0,0,6,6,0
1788435135.8364158,4171808,1984005,10.0843,ERROR-PASSIVE,128,1,0,0,0,6,6,0
1788435135.8417666,4171808,1984005,10.0943,ERROR-PASSIVE,128,1,0,0,0,6,6,0
1788435135.8517325,4171808,1984005,10.1043,ERROR-PASSIVE,128,1,0,0,0,6,6,0
1788435135.8617618,4171808,1984005,10.1143,ERROR-PASSIVE,128,1,0,0,0,6,6,0
1788435135.8717518,4171808,1984005,10.1243,ERROR-PASSIVE,128,1,0,0,0,6,6,0
1788435135.8860836,4171808,1984005,10.1343,ERROR-PASSIVE,128,1,0,0,0,6,6,0
1788435135.8918443,4171808,1984005,10.1444,ERROR-PASSIVE,128,1,0,0,0,6,6,0
1788435135.9017665,4171808,1984005,10.1543,ERROR-PASSIVE,128,1,0,0,0,6,6,0
1788435135.911762,4171808,1984005,10.1643,ERROR-PASSIVE,128,1,0,0,0,6,6,0
1788435135.9217513,4171808,1984005,10.1743,ERROR-PASSIVE,128,1,0,0,0,6,6,0
1788435135.9317563,4171808,1984005,10.1843,ERROR-PASSIVE,128,1,0,0,0,6,6,0
1788435135.9464834,4171808,1984005,10.1944,ERROR-PASSIVE,128,1,0,0,0,6,6,0
1788435135.9517646,4171808,1984005,10.2043,ERROR-PASSIVE,128,1,0,0,0,6,6,0
1788435135.9618454,4171808,1984005,10.2144,ERROR-PASSIVE,128,1,0,0,0,6,6,0
1788435135.9719045,4171808,1984005,10.2244,ERROR-PASSIVE,128,1,0,0,0,6,6,0
1788435135.9819057,4171808,1984005,10.2344,ERROR-PASSIVE,128,1,0,0,0,6,6,0
1788435135.9971087,4171808,1984005,10.2444,ERROR-PASSIVE,128,1,0,0,0,6,6,0
1788435136.0018172,4171808,1984005,10.2544,ERROR-PASSIVE,128,1,0,0,0,6,6,0
1788435136.0118053,4171808,1984005,10.2644,ERROR-PASSIVE,128,1,0,0,0,6,6,0
1788435136.021852,4171808,1984005,10.2744,ERROR-PASSIVE,128,1,0,0,0,6,6,0
1788435136.0322704,4171808,1984005,10.2847,ERROR-PASSIVE,128,1,0,0,0,6,6,0
1788435136.041785,4171808,1984005,10.2944,ERROR-PASSIVE,128,1,0,0,0,6,6,0
1788435136.0573745,4171808,1984005,10.3044,ERROR-PASSIVE,128,1,0,0,0,6,6,0
1788435136.0618198,4171808,1984005,10.3143,ERROR-PASSIVE,128,1,0,0,0,6,6,0
1788435136.0718284,4171808,1984005,10.3244,ERROR-PASSIVE,128,1,0,0,0,6,6,0
1788435136.0817552,4171808,1984005,10.3343,ERROR-PASSIVE,128,1,0,0,0,6,6,0
1788435136.0918217,4171808,1984005,10.3444,ERROR-PASSIVE,128,1,0,0,0,6,6,0
1788435136.101769,4171808,1984005,10.3543,ERROR-PASSIVE,128,1,0,0,0,6,6,0
1788435136.1194499,4171808,1984005,10.3644,ERROR-PASSIVE,128,1,0,0,0,6,6,0
1788435136.121765,4171808,1984005,10.3743,ERROR-PASSIVE,128,1,0,0,0,6,6,0
1788435136.1318686,4171808,1984005,10.3844,ERROR-PASSIVE,128,1,0,0,0,6,6,0
1788435136.1417816,4171808,1984005,10.3943,ERROR-PASSIVE,128,1,0,0,0,6,6,0
1788435136.1520185,4171808,1984005,10.4046,ERROR-PASSIVE,128,1,0,0,0,6,6,0
1788435136.1617498,4171808,1984005,10.4143,ERROR-PASSIVE,128,1,0,0,0,6,6,0
1788435136.1760993,4171808,1984005,10.4243,ERROR-PASSIVE,128,1,0,0,0,6,6,0
1788435136.1818068,4171808,1984005,10.4344,ERROR-PASSIVE,128,1,0,0,0,6,6,0
1788435136.1917996,4171808,1984005,10.4444,ERROR-PASSIVE,128,1,0,0,0,6,6,0
1788435136.2019029,4171808,1984005,10.4544,ERROR-PASSIVE,128,1,0,0,0,6,6,0
1788435136.2121067,4171808,1984005,10.4646,ERROR-PASSIVE,128,1,0,0,0,6,6,0
1788435136.2287421,4171808,1984005,10.4744,ERROR-PASSIVE,128,1,0,0,0,6,6,0
1788435136.23182,4171808,1984005,10.4844,ERROR-PASSIVE,128,1,0,0,0,6,6,0
1788435136.2418294,4171808,1984005,10.4944,ERROR-PASSIVE,128,1,0,0,0,6,6,0
1788435136.2518358,4171808,1984005,10.5044,ERROR-PASSIVE,128,1,0,0,0,6,6,0
1788435136.2617314,4171808,1984005,10.5143,ERROR-PASSIVE,128,1,0,0,0,6,6,0
1788435136.2717762,4171808,1984005,10.5244,ERROR-PASSIVE,128,1,0,0,0,6,6,0
1788435136.2870202,4171808,1984005,10.5344,ERROR-PASSIVE,128,1,0,0,0,6,6,0
1788435136.2917428,4171808,1984005,10.5443,ERROR-PASSIVE,128,1,0,0,0,6,6,0
1788435136.30178,4171808,1984005,10.5543,ERROR-PASSIVE,128,1,0,0,0,6,6,0
1788435136.3117282,4171808,1984005,10.5643,ERROR-PASSIVE,128,1,0,0,0,6,6,0
1788435136.3217764,4171808,1984005,10.5743,ERROR-PASSIVE,128,1,0,0,0,6,6,0
1788435136.3317287,4171808,1984005,10.5843,ERROR-PASSIVE,128,1,0,0,0,6,6,0
1788435136.3485343,4171808,1984005,10.5944,ERROR-PASSIVE,128,1,0,0,0,6,6,0
1788435136.3517737,4171808,1984005,10.6044,ERROR-PASSIVE,128,1,0,0,0,6,6,0
1788435136.361744,4171808,1984005,10.6143,ERROR-PASSIVE,128,1,0,0,0,6,6,0
1788435136.3718224,4171818,1984005,0.0,ERROR-PASSIVE,128,1,0,0,0,6,6,0
1788435136.3818028,4171841,1984005,0.0,ERROR-PASSIVE,128,1,0,0,0,6,6,0
1788435136.3973653,4171856,1984005,0.0,ERROR-PASSIVE,128,0,0,0,0,6,6,0
1788435136.401877,4171872,1984005,0.0,ERROR-PASSIVE,128,0,0,0,0,6,6,0
1788435136.4118671,4171888,1984005,0.0,ERROR-PASSIVE,128,0,0,0,0,6,6,0
1788435136.4218953,4171908,1984005,0.0,ERROR-PASSIVE,128,0,0,0,0,6,6,0
1788435136.4319007,4171921,1984005,0.0,ERROR-PASSIVE,128,0,0,0,0,6,6,0
1788435136.4466357,4171937,1984005,0.0,ERROR-PASSIVE,128,0,0,0,0,6,6,0
1788435136.4518485,4171951,1984005,0.0,ERROR-PASSIVE,128,0,0,0,0,6,6,0
1788435136.4617815,4171968,1984005,0.0,ERROR-PASSIVE,128,0,0,0,0,6,6,0
1788435136.4717796,4171983,1984005,0.0,ERROR-PASSIVE,128,0,0,0,0,6,6,0
1788435136.4818223,4172000,1984005,0.0,ERROR-PASSIVE,128,0,0,0,0,6,6,0
1788435136.4918149,4172021,1984005,0.0,ERROR-PASSIVE,128,0,0,0,0,6,6,0
1788435136.5078082,4172040,1984005,0.0,ERROR-PASSIVE,128,0,0,0,0,6,6,0
1788435136.5118032,4172053,1984005,0.0,ERROR-PASSIVE,128,0,0,0,0,6,6,0
1788435136.5218627,4172069,1984005,0.0,ERROR-PASSIVE,128,0,0,0,0,6,6,0
1788435136.5318258,4172089,1984005,0.0,ERROR-PASSIVE,128,0,0,0,0,6,6,0
1788435136.5418408,4172104,1984005,0.0,ERROR-PASSIVE,128,0,0,0,0,6,6,0
1788435136.551814,4172118,1984005,0.0,ERROR-PASSIVE,128,0,0,0,0,6,6,0
1788435136.5665615,4172134,1984005,0.0,ERROR-PASSIVE,128,0,0,0,0,6,6,0
1788435136.571993,4172150,1984005,0.0,ERROR-PASSIVE,128,0,0,0,0,6,6,0
1788435136.581853,4172164,1984005,0.0,ERROR-PASSIVE,128,0,0,0,0,6,6,0
1788435136.5918067,4172180,1984005,0.0,ERROR-PASSIVE,128,0,0,0,0,6,6,0
1788435136.601812,4172201,1984005,0.0,ERROR-PASSIVE,128,0,0,0,0,6,6,0
1788435136.616401,4172217,1984005,0.0,ERROR-PASSIVE,128,0,0,0,0,6,6,0
1788435136.6217878,4172233,1984005,0.0,ERROR-PASSIVE,128,0,0,0,0,6,6,0
1788435136.6318512,4172262,1984005,0.0,ERROR-PASSIVE,128,0,0,0,0,6,6,0
1788435136.6418183,4172297,1984005,0.0,ERROR-PASSIVE,128,0,0,0,0,6,6,0
1788435136.651797,4172335,1984005,0.0,ERROR-PASSIVE,128,0,0,0,0,6,6,0
1788435136.6618168,4172373,1984005,0.0,ERROR-PASSIVE,128,0,0,0,0,6,6,0
1788435136.677967,4172408,1984005,0.0,ERROR-PASSIVE,128,0,0,0,0,6,6,0
1788435136.681807,4172439,1984005,0.0,ERROR-PASSIVE,128,0,0,0,0,6,6,0
1788435136.691828,4172473,1984005,0.0,ERROR-PASSIVE,128,0,0,0,0,6,6,0
1788435136.7018166,4172506,1984005,0.0,ERROR-PASSIVE,128,0,0,0,0,6,6,0
1788435136.711812,4172542,1984005,0.0,ERROR-PASSIVE,128,0,0,0,0,6,6,0
1788435136.7280166,4172578,1984005,0.0,ERROR-PASSIVE,128,0,0,0,0,6,6,0
1788435136.7317786,4172601,1984005,0.0,ERROR-PASSIVE,128,0,0,0,0,6,6,0
1788435136.7418478,4172624,1984005,0.0,ERROR-PASSIVE,128,0,0,0,0,6,6,0
1788435136.7518284,4172646,1984005,0.0,ERROR-PASSIVE,128,0,0,0,0,6,6,0
1788435136.7618244,4172669,1984005,0.0,ERROR-PASSIVE,128,0,0,0,0,6,6,0
1788435136.7718496,4172690,1984005,0.0,ERROR-PASSIVE,128,0,0,0,0,6,6,0
1788435136.7879817,4172712,1984005,0.0,ERROR-PASSIVE,128,0,0,0,0,6,6,0
1788435136.7917886,4172735,1984005,0.0,ERROR-PASSIVE,128,0,0,0,0,6,6,0
1788435136.8018627,4172756,1984005,0.0,ERROR-PASSIVE,128,0,0,0,0,6,6,0
1788435136.8118174,4172771,1984005,0.0,ERROR-PASSIVE,128,0,0,0,0,6,6,0
1788435136.821859,4172785,1984005,0.0,ERROR-PASSIVE,128,0,0,0,0,6,6,0
1788435136.837979,4172801,1984005,0.0,ERROR-PASSIVE,128,0,0,0,0,6,6,0
1788435136.841798,4172816,1984005,0.0,ERROR-PASSIVE,128,0,0,0,0,6,6,0
1788435136.8518512,4172836,1984005,0.0,ERROR-PASSIVE,128,0,0,0,0,6,6,0
1788435136.861794,4172873,1984005,0.0,ERROR-PASSIVE,128,0,0,0,0,6,6,0
1788435136.8718328,4172905,1984005,0.0,ERROR-PASSIVE,128,0,0,0,0,6,6,0
1788435136.8817987,4172927,1984005,0.0,ERROR-PASSIVE,128,0,0,0,0,6,6,0
1788435136.8989456,4172948,1984005,0.0,ERROR-PASSIVE,128,0,0,0,0,6,6,0
1788435136.9018452,4172972,1984005,0.0,ERROR-PASSIVE,128,0,0,0,0,6,6,0
1788435136.9118817,4172994,1984005,0.0,ERROR-PASSIVE,128,0,0,0,0,6,6,0
1788435136.9218736,4173017,1984005,0.0,ERROR-PASSIVE,128,0,0,0,0,6,6,0
1788435136.9319265,4173037,1984005,0.0,ERROR-PASSIVE,128,0,0,0,0,6,6,0
1788435136.9487262,4173060,1984005,0.0,ERROR-PASSIVE,128,0,0,0,0,6,6,0
1788435136.951888,4173081,1984005,0.0,ERROR-PASSIVE,128,0,0,0,0,6,6,0
1788435136.9618113,4173102,1984005,0.0,ERROR-PASSIVE,128,0,0,0,0,6,6,0
1788435136.971829,4173119,1984005,0.0,ERROR-PASSIVE,128,0,0,0,0,6,6,0
1788435136.981829,4173131,1984005,0.0,ERROR-PASSIVE,128,0,0,0,0,6,6,0
1788435136.9918272,4173147,1984005,0.0,ERROR-PASSIVE,128,0,0,0,0,6,6,0
1788435137.0066552,4173165,1984005,0.0,ERROR-PASSIVE,128,0,0,0,0,6,6,0
1788435137.0117965,4173178,1984005,0.0,ERROR-PASSIVE,128,0,0,0,0,6,6,0
1788435137.021801,4173192,1984005,0.0,ERROR-PASSIVE,128,0,0,0,0,6,6,0
1788435137.0318544,4173215,1984005,0.0,ERROR-PASSIVE,128,0,0,0,0,6,6,0
1788435137.0418053,4173231,1984005,0.0,ERROR-PASSIVE,128,0,0,0,0,6,6,0
1788435137.0518694,4173252,1984005,0.0,ERROR-PASSIVE,128,0,0,0,0,6,6,0
1788435137.0681498,4173274,1984005,0.0,ERROR-PASSIVE,128,0,0,0,0,6,6,0
1788435137.0718296,4173299,1984005,0.0,ERROR-PASSIVE,128,0,0,0,0,6,6,0
1788435137.0818567,4173332,1984005,0.0,ERROR-PASSIVE,128,0,0,0,0,6,6,0
1788435137.0917945,4173365,1984005,0.0,ERROR-PASSIVE,128,0,0,0,0,6,6,0
1788435137.1018476,4173400,1984005,0.0,ERROR-PASSIVE,128,0,0,0,0,6,6,0
1788435137.1117914,4173426,1984005,0.0,ERROR-PASSIVE,128,0,0,0,0,6,6,0
1788435137.1294093,4173448,1984005,0.0,ERROR-PASSIVE,128,0,0,0,0,6,6,0
1788435137.1317856,4173469,1984005,0.0,ERROR-PASSIVE,128,0,0,0,0,6,6,0
1788435137.1418576,4173492,1984005,0.0,ERROR-PASSIVE,128,0,0,0,0,6,6,0
1788435137.1518047,4173514,1984005,0.0,ERROR-PASSIVE,128,0,0,0,0,6,6,0
1788435137.161849,4173535,1984005,0.0,ERROR-PASSIVE,128,0,0,0,0,6,6,0
1788435137.1718075,4173557,1984005,0.0,ERROR-PASSIVE,128,0,0,0,0,6,6,0
1788435137.189305,4173579,1984005,0.0,ERROR-PASSIVE,128,0,0,0,0,6,6,0
1788435137.1917975,4173595,1984005,0.0,ERROR-PASSIVE,128,0,0,0,0,6,6,0
1788435137.2018228,4173609,1984005,0.0,ERROR-PASSIVE,128,0,0,0,0,6,6,0
1788435137.2118444,4173623,1984005,0.0,ERROR-PASSIVE,128,0,0,0,0,6,6,0
1788435137.2217996,4173646,1984005,0.0,ERROR-PASSIVE,128,0,0,0,0,6,6,0
1788435137.23672,4173661,1984005,0.0,ERROR-PASSIVE,128,0,0,0,0,6,6,0
1788435137.241827,4173677,1984005,0.0,ERROR-PASSIVE,128,0,0,0,0,6,6,0
1788435137.2518227,4173693,1984005,0.0,ERROR-PASSIVE,128,0,0,0,0,6,6,0
1788435137.261777,4173709,1984005,0.0,ERROR-PASSIVE,128,0,0,0,0,6,6,0
1788435137.2718043,4173725,1984005,0.0,ERROR-PASSIVE,128,0,0,0,0,6,6,0
1788435137.2871797,4173742,1984005,0.0,ERROR-PASSIVE,128,0,0,0,0,6,6,0
1788435137.2917616,4173763,1984005,0.0,ERROR-PASSIVE,128,0,0,0,0,6,6,0
1788435137.301856,4173779,1984005,0.0,ERROR-PASSIVE,128,0,0,0,0,6,6,0
1788435137.3117912,4173792,1984005,0.0,ERROR-PASSIVE,128,0,0,0,0,6,6,0
1788435137.321856,4173810,1984005,0.0,ERROR-PASSIVE,128,0,0,0,0,6,6,0
1788435137.3381486,4173826,1984005,0.0,ERROR-PASSIVE,128,0,0,0,0,6,6,0
1788435137.341776,4173848,1984005,0.0,ERROR-PASSIVE,128,0,0,0,0,6,6,0
1788435137.3517926,4173885,1984005,0.0,ERROR-PASSIVE,128,0,0,0,0,6,6,0
1788435137.361763,4173922,1984005,0.0,ERROR-PASSIVE,128,0,0,0,0,6,6,0
1788435137.3717544,4173950,1984005,0.0,ERROR-PASSIVE,128,0,0,0,0,6,6,0
1788435137.3817563,4173972,1984005,0.0,ERROR-PASSIVE,128,0,0,0,0,6,6,0
1788435137.3973525,4174007,1984005,0.0,ERROR-PASSIVE,128,0,0,0,0,6,6,0
1788435137.4018207,4174041,1984005,0.0,ERROR-PASSIVE,128,0,0,0,0,6,6,0
1788435137.411761,4174076,1984005,0.0,ERROR-PASSIVE,128,0,0,0,0,6,6,0
1788435137.4217606,4174103,1984005,0.0,ERROR-PASSIVE,128,0,0,0,0,6,6,0
1788435137.4317563,4174122,1984005,0.0,ERROR-PASSIVE,128,0,0,0,0,6,6,0
1788435137.4465947,4174135,1984005,0.0,ERROR-PASSIVE,128,0,0,0,0,6,6,0
1788435137.4518201,4174158,1984005,0.0,ERROR-PASSIVE,128,0,0,0,0,6,6,0
1788435137.46178,4174190,1984005,0.0,ERROR-PASSIVE,128,0,0,0,0,6,6,0
1788435137.4717696,4174213,1984005,0.0,ERROR-PASSIVE,128,0,0,0,0,6,6,0
1788435137.4817605,4174236,1984005,0.0,ERROR-PASSIVE,128,0,0,0,0,6,6,0
1788435137.491761,4174258,1984005,0.0,ERROR-PASSIVE,128,0,0,0,0,6,6,0
1788435137.5081606,4174273,1984005,0.0,ERROR-PASSIVE,128,0,0,0,0,6,6,0
1788435137.511806,4174282,1984005,0.0,ERROR-PASSIVE,128,0,0,0,0,6,6,0
1788435137.521774,4174299,1984005,0.0,ERROR-PASSIVE,128,0,0,0,0,6,6,0
1788435137.5318215,4174331,1984005,0.0,ERROR-PASSIVE,128,0,0,0,0,6,6,0
1788435137.5417707,4174355,1984005,0.0,ERROR-PASSIVE,128,0,0,0,0,6,6,0
1788435137.5587952,4174367,1984005,0.0,ERROR-PASSIVE,128,0,0,0,0,6,6,0
1788435137.5617847,4174383,1984005,0.0,ERROR-PASSIVE,128,0,0,0,0,6,6,0
1788435137.5717688,4174399,1984005,0.0,ERROR-PASSIVE,128,0,0,0,0,6,6,0
1788435137.5817578,4174420,1984005,0.0,ERROR-PASSIVE,128,0,0,0,0,6,6,0
1788435137.5917563,4174436,1984005,0.0,ERROR-PASSIVE,128,0,0,0,0,6,6,0
1788435137.6017625,4174448,1984005,0.0,ERROR-PASSIVE,128,0,0,0,0,6,6,0
1788435137.6164033,4174468,1984005,0.0,ERROR-PASSIVE,128,0,0,0,0,6,6,0
1788435137.621765,4174482,1984005,0.0,ERROR-PASSIVE,128,0,0,0,0,6,6,0
1788435137.6317372,4174497,1984005,0.0,ERROR-PASSIVE,128,0,0,0,0,6,6,0
1788435137.6417735,4174514,1984005,0.0,ERROR-PASSIVE,128,0,0,0,0,6,6,0
1788435137.6517713,4174533,1984005,0.0,ERROR-PASSIVE,128,0,0,0,0,6,6,0
1788435137.6662822,4174549,1984005,0.0,ERROR-PASSIVE,128,0,0,0,0,6,6,0
1788435137.6717808,4174562,1984005,0.0,ERROR-PASSIVE,128,0,0,0,0,6,6,0
1788435137.6818297,4174579,1984005,0.0,ERROR-PASSIVE,128,0,0,0,0,6,6,0
1788435137.6918454,4174599,1984005,0.0,ERROR-PASSIVE,128,0,0,0,0,6,6,0
1788435137.701829,4174616,1984005,0.0,ERROR-PASSIVE,128,0,0,0,0,6,6,0
1788435137.711813,4174630,1984005,0.0,ERROR-PASSIVE,128,0,0,0,0,6,6,0
1788435137.7288375,4174646,1984005,0.0,ERROR-PASSIVE,128,0,0,0,0,6,6,0
1788435137.7318192,4174662,1984005,0.0,ERROR-PASSIVE,128,0,0,0,0,6,6,0
1788435137.7418818,4174678,1984005,0.0,ERROR-PASSIVE,128,0,0,0,0,6,6,0
1788435137.751932,4174692,1984005,0.0,ERROR-PASSIVE,128,0,0,0,0,6,6,0
1788435137.7618396,4174712,1984005,0.0,ERROR-PASSIVE,128,0,0,0,0,6,6,0
1788435137.7775548,4174724,1984005,0.0,ERROR-PASSIVE,128,0,0,0,0,6,6,0
1788435137.781764,4174737,1984005,0.0,ERROR-PASSIVE,128,0,0,0,0,6,6,0
1788435137.791873,4174763,1984005,0.0,ERROR-PASSIVE,128,0,0,0,0,6,6,0
1788435137.8017724,4174798,1984005,0.0,ERROR-PASSIVE,128,0,0,0,0,6,6,0
1788435137.811789,4174835,1984005,0.0,ERROR-PASSIVE,128,0,0,0,0,6,6,0
1788435137.8218632,4174870,1984005,0.0,ERROR-PASSIVE,128,0,0,0,0,6,6,0
1788435137.8379135,4174907,1984005,0.0,ERROR-PASSIVE,128,0,0,0,0,6,6,0
1788435137.8418396,4174933,1984005,0.0,ERROR-PASSIVE,128,0,0,0,0,6,6,0
1788435137.851799,4174964,1984005,0.0,ERROR-PASSIVE,128,0,0,0,0,6,6,0
1788435137.86181,4174998,1984005,0.0,ERROR-PASSIVE,128,0,0,0,0,6,6,0
1788435137.8718581,4175033,1984005,0.0,ERROR-PASSIVE,128,0,0,0,0,6,6,0
1788435137.888167,4175071,1984005,0.0,ERROR-PASSIVE,128,0,0,0,0,6,6,0
1788435137.891798,4175105,1984005,0.0,ERROR-PASSIVE,128,0,0,0,0,6,6,0
1788435137.9018805,4175138,1984005,0.0,ERROR-PASSIVE,128,0,0,0,0,6,6,0
1788435137.9118743,4175161,1984005,0.0,ERROR-PASSIVE,128,0,0,0,0,6,6,0
1788435137.921886,4175184,1984005,0.0,ERROR-PASSIVE,128,0,0,0,0,6,6,0
1788435137.938115,4175206,1984005,0.0,ERROR-PASSIVE,128,0,0,0,0,6,6,0
1788435137.9418795,4175227,1984005,0.0,ERROR-PASSIVE,128,0,0,0,0,6,6,0
1788435137.951872,4175250,1984005,0.0,ERROR-PASSIVE,128,0,0,0,0,6,6,0
1788435137.961755,4175273,1984005,0.0,ERROR-PASSIVE,128,0,0,0,0,6,6,0
1788435137.971862,4175296,1984005,0.0,ERROR-PASSIVE,128,0,0,0,0,6,6,0
1788435137.9818063,4175310,1984005,0.0,ERROR-PASSIVE,128,0,0,0,0,6,6,0
1788435137.997874,4175336,1984005,0.0,ERROR-PASSIVE,128,0,0,0,0,6,6,0
1788435138.0018039,4175359,1984005,0.0,ERROR-PASSIVE,128,0,0,0,0,6,6,0
1788435138.0118477,4175381,1984005,0.0,ERROR-PASSIVE,128,0,0,0,0,6,6,0
1788435138.0218325,4175403,1984005,0.0,ERROR-PASSIVE,128,0,0,0,0,6,6,0
1788435138.0318234,4175426,1984005,0.0,ERROR-PASSIVE,128,0,0,0,0,6,6,0
1788435138.0484607,4175449,1984005,0.0,ERROR-PASSIVE,128,0,0,0,0,6,6,0
1788435138.0518231,4175472,1984005,0.0,ERROR-PASSIVE,128,0,0,0,0,6,6,0
1788435138.0618455,4175495,1984005,0.0,ERROR-PASSIVE,128,0,0,0,0,6,6,0
1788435138.0718594,4175517,1984005,0.0,ERROR-PASSIVE,128,0,0,0,0,6,6,0
1788435138.0818408,4175540,1984005,0.0,ERROR-PASSIVE,128,0,0,0,0,6,6,0
1788435138.0992126,4175557,1984005,0.0,ERROR-PASSIVE,128,0,0,0,0,6,6,0
1788435138.101825,4175579,1984005,0.0,ERROR-PASSIVE,128,0,0,0,0,6,6,0
1788435138.1117876,4175600,1984005,0.0,ERROR-PASSIVE,128,0,0,0,0,6,6,0
1788435138.1217968,4175622,1984005,0.0,ERROR-PASSIVE,128,0,0,0,0,6,6,0
1788435138.1318378,4175645,1984005,0.0,ERROR-PASSIVE,128,0,0,0,0,6,6,0
1788435138.1418326,4175668,1984005,0.0,ERROR-PASSIVE,128,0,0,0,0,6,6,0
1788435138.1575918,4175688,1984005,0.0,ERROR-PASSIVE,128,0,0,0,0,6,6,0
1788435138.1623948,4175700,1984005,0.0,ERROR-PASSIVE,128,0,0,0,0,6,6,0
1788435138.1718786,4175717,1984005,0.0,ERROR-PASSIVE,128,0,0,0,0,6,6,0
1788435138.181817,4175730,1984005,0.0,ERROR-PASSIVE,128,0,0,0,0,6,6,0
1788435138.1919262,4175746,1984005,0.0,ERROR-PASSIVE,128,0,0,0,0,6,6,0
1788435138.2018023,4175765,1984005,0.0,ERROR-PASSIVE,128,0,0,0,0,6,6,0
1788435138.2180865,4175778,1984005,0.0,ERROR-PASSIVE,128,0,0,0,0,6,6,0
1788435138.2218618,4175793,1984005,0.0,ERROR-PASSIVE,128,0,0,0,0,6,6,0
1788435138.2318847,4175808,1984005,0.0,ERROR-PASSIVE,128,0,0,0,0,6,6,0
1788435138.241878,4175824,1984005,0.0,ERROR-PASSIVE,128,0,0,0,0,6,6,0
1788435138.251835,4175848,1984005,0.0,ERROR-PASSIVE,128,0,0,0,0,6,6,0
1788435138.2683623,4175871,1984005,0.0,ERROR-PASSIVE,128,0,0,0,0,6,6,0
1788435138.2718034,4175899,1984005,0.0,ERROR-PASSIVE,128,0,0,0,0,6,6,0
1788435138.2818441,4175922,1984005,0.0,ERROR-PASSIVE,128,0,0,0,0,6,6,0
1788435138.2918403,4175949,1984005,0.0,ERROR-PASSIVE,128,0,0,0,0,6,6,0
1788435138.3018317,4175980,1984005,0.0,ERROR-PASSIVE,128,0,0,0,0,6,6,0
1788435138.3118398,4176014,1984005,0.0,ERROR-PASSIVE,128,0,0,0,0,6,6,0
1788435138.3282497,4176050,1984005,0.0,ERROR-PASSIVE,128,0,0,0,0,6,6,0
1788435138.3318064,4176064,1984005,0.0,ERROR-PASSIVE,128,0,0,0,0,6,6,0
1788435138.3418875,4176083,1984005,0.0,ERROR-PASSIVE,128,0,0,0,0,6,6,0
1788435138.3518293,4176114,1984005,0.0,ERROR-PASSIVE,128,0,0,0,0,6,6,0
1788435138.3618507,4176147,1984005,0.0,ERROR-PASSIVE,128,0,0,0,0,6,6,0
1788435138.377201,4176170,1984005,0.0,ERROR-PASSIVE,128,0,0,0,0,6,6,0
1788435138.3818452,4176193,1984005,0.0,ERROR-PASSIVE,128,0,0,0,0,6,6,0
1788435138.391867,4176206,1984005,0.0,ERROR-PASSIVE,128,0,0,0,0,6,6,0
1788435138.401835,4176218,1984005,0.0,ERROR-PASSIVE,128,0,0,0,0,6,6,0
1788435138.4118435,4176240,1984005,0.0,ERROR-PASSIVE,128,0,0,0,0,6,6,0
1788435138.429191,4176277,1984005,0.0,ERROR-PASSIVE,128,0,0,0,0,6,6,0
1788435138.431838,4176305,1984005,0.0,ERROR-PASSIVE,128,0,0,0,0,6,6,0
1788435138.4418757,4176328,1984005,0.0,ERROR-PASSIVE,128,0,0,0,0,6,6,0
1788435138.451841,4176349,1984005,0.0,ERROR-PASSIVE,128,0,0,0,0,6,6,0
1788435138.4618163,4176372,1984005,0.0,ERROR-PASSIVE,128,0,0,0,0,6,6,0
1788435138.4718568,4176395,1984005,0.0,ERROR-PASSIVE,128,0,0,0,0,6,6,0
1788435138.4870439,4176417,1984005,0.0,ERROR-PASSIVE,128,0,0,0,0,6,6,0
1788435138.4918242,4176440,1984005,0.0,ERROR-PASSIVE,128,0,0,0,0,6,6,0
1788435138.5017996,4176462,1984005,0.0,ERROR-PASSIVE,128,0,0,0,0,6,6,0
1788435138.5117276,4176479,1984005,0.0,ERROR-PASSIVE,128,0,0,0,0,6,6,0
1788435138.5218308,4176504,1984005,0.0,ERROR-PASSIVE,128,0,0,0,0,6,6,0
1788435138.5317197,4176527,1984005,0.0,ERROR-PASSIVE,128,0,0,0,0,6,6,0
1788435138.548467,4176549,1984005,0.0,ERROR-PASSIVE,128,0,0,0,0,6,6,0
1788435138.5518174,4176563,1984005,0.0,ERROR-PASSIVE,128,0,0,0,0,6,6,0
1788435138.5618384,4176579,1984005,0.0,ERROR-PASSIVE,128,0,0,0,0,6,6,0
1788435138.5718906,4176592,1984005,0.0,ERROR-PASSIVE,128,0,0,0,0,6,6,0
1788435138.581791,4176609,1984005,0.0,ERROR-PASSIVE,128,0,0,0,0,6,6,0
1788435138.5980117,4176642,1984005,0.0,ERROR-PASSIVE,128,0,0,0,0,6,6,0
1788435138.6017811,4176678,1984005,0.0,ERROR-PASSIVE,128,0,0,0,0,6,6,0
1788435138.6117902,4176703,1984005,0.0,ERROR-PASSIVE,128,0,0,0,0,6,6,0
1788435138.6218717,4176726,1984005,0.0,ERROR-PASSIVE,128,0,0,0,0,6,6,0
1788435138.6317558,4176749,1984005,0.0,ERROR-PASSIVE,128,0,0,0,0,6,6,0
1788435138.6417758,4176767,1984005,0.0,ERROR-PASSIVE,128,0,0,0,0,6,6,0
1788435138.6598616,4176784,1984005,0.0,ERROR-PASSIVE,128,0,0,0,0,6,6,0
1788435138.6618397,4176801,1984005,0.0,ERROR-PASSIVE,128,0,0,0,0,6,6,0
1788435138.6718957,4176818,1984005,0.0,ERROR-PASSIVE,128,0,0,0,0,6,6,0
1788435138.6819222,4176839,1984005,0.0,ERROR-PASSIVE,128,0,0,0,0,6,6,0
1788435138.691878,4176851,1984005,0.0,ERROR-PASSIVE,128,0,0,0,0,6,6,0
1788435138.7118468,4176887,1984005,0.0,ERROR-PASSIVE,128,0,0,0,0,6,6,0
1788435138.7121177,4176918,1984005,0.0,ERROR-PASSIVE,128,0,0,0,0,6,6,0
1788435138.722233,4176948,1984005,0.0,ERROR-PASSIVE,128,0,0,0,0,6,6,0
1788435138.7322168,4176971,1984005,0.0,ERROR-PASSIVE,128,0,0,0,0,6,6,0
1788435138.7421713,4176993,1984005,0.0,ERROR-PASSIVE,128,0,0,0,0,6,6,0
1788435138.7611554,4177016,1984005,0.0,ERROR-PASSIVE,128,0,0,0,0,6,6,0
1788435138.7621675,4177037,1984005,0.0,ERROR-PASSIVE,128,0,0,0,0,6,6,0
1788435138.7721913,4177053,1984005,0.0,ERROR-PASSIVE,128,0,0,0,0,6,6,0
1788435138.782183,4177076,1984005,0.0,ERROR-PASSIVE,128,0,0,0,0,6,6,0
1788435138.7921908,4177096,1984005,0.0,ERROR-PASSIVE,128,0,0,0,0,6,6,0
1788435138.8021796,4177119,1984005,0.0,ERROR-PASSIVE,128,0,0,0,0,6,6,0
1788435138.8173454,4177140,1984005,0.0,ERROR-PASSIVE,128,0,0,0,0,6,6,0
1788435138.8222306,4177163,1984005,0.0,ERROR-PASSIVE,128,0,0,0,0,6,6,0
1788435138.8323343,4177179,1984005,0.0,ERROR-PASSIVE,128,0,0,0,0,6,6,0
1788435138.8421464,4177204,1984005,0.0,ERROR-PASSIVE,128,0,0,0,0,6,6,0
1788435138.8522162,4177229,1984005,0.0,ERROR-PASSIVE,128,0,0,0,0,6,6,0
1788435138.868253,4177250,1984005,0.0,ERROR-PASSIVE,128,0,0,0,0,6,6,0
1788435138.8721285,4177273,1984005,0.0,ERROR-PASSIVE,128,0,0,0,0,6,6,0
1788435138.8821645,4177296,1984005,0.0,ERROR-PASSIVE,128,0,0,0,0,6,6,0
1788435138.8922594,4177319,1984005,0.0,ERROR-PASSIVE,128,0,0,0,0,6,6,0
1788435138.9021637,4177340,1984005,0.0,ERROR-PASSIVE,128,0,0,0,0,6,6,0
1788435138.9121616,4177363,1984005,0.0,ERROR-PASSIVE,128,0,0,0,0,6,6,0
1788435138.9272563,4177377,1984005,0.0,ERROR-PASSIVE,128,0,0,0,0,6,6,0
1788435138.9322197,4177393,1984005,0.0,ERROR-PASSIVE,128,0,0,0,0,6,6,0
1788435138.9422555,4177408,1984005,0.0,ERROR-PASSIVE,128,0,0,0,0,6,6,0
1788435138.9527316,4177425,1984005,0.0,ERROR-PASSIVE,128,0,0,0,0,6,6,0
1788435138.9622352,4177453,1984005,0.0,ERROR-PASSIVE,128,0,0,0,0,6,6,0
1788435138.9721794,4177489,1984005,0.0,ERROR-PASSIVE,128,0,0,0,0,6,6,0
1788435138.9856853,4177518,1984005,0.0,ERROR-PASSIVE,128,0,0,0,0,6,6,0
1788435138.992278,4177540,1984005,0.0,ERROR-PASSIVE,128,0,0,0,0,6,6,0
1788435139.0021381,4177563,1984005,0.0,ERROR-PASSIVE,128,0,0,0,0,6,6,0
1788435139.0121367,4177584,1984005,0.0,ERROR-PASSIVE,128,0,0,0,0,6,6,0
1788435139.0221486,4177604,1984005,0.0,ERROR-PASSIVE,128,0,0,0,0,6,6,0
1788435139.038752,4177627,1984005,0.0,ERROR-PASSIVE,128,0,0,0,0,6,6,0
1788435139.0422466,4177650,1984005,0.0,ERROR-PASSIVE,128,0,0,0,0,6,6,0
1788435139.052243,4177671,1984005,0.0,ERROR-PASSIVE,128,0,0,0,0,6,6,0
1788435139.0622134,4177693,1984005,0.0,ERROR-PASSIVE,128,0,0,0,0,6,6,0
1788435139.0721219,4177716,1984005,0.0,ERROR-PASSIVE,128,0,0,0,0,6,6,0
1788435139.0821624,4177739,1984005,0.0,ERROR-PASSIVE,128,0,0,0,0,6,6,0
1788435139.097409,4177762,1984005,0.0,ERROR-PASSIVE,128,0,0,0,0,6,6,0
1788435139.1021607,4177785,1984005,0.0,ERROR-PASSIVE,128,0,0,0,0,6,6,0
1788435139.112244,4177807,1984005,0.0,ERROR-PASSIVE,128,0,0,0,0,6,6,0
1788435139.1221118,4177827,1984005,0.0,ERROR-PASSIVE,128,0,0,0,0,6,6,0
1788435139.1321404,4177853,1984005,0.0,ERROR-PASSIVE,128,0,0,0,0,6,6,0
1788435139.1421068,4177876,1984005,0.0,ERROR-PASSIVE,128,0,0,0,0,6,6,0
1788435139.1609483,4177899,1984005,0.0,ERROR-PASSIVE,128,0,0,0,0,6,6,0
1788435139.162153,4177922,1984005,0.0,ERROR-PASSIVE,128,0,0,0,0,6,6,0
1788435139.1723678,4177945,1984005,0.0,ERROR-PASSIVE,128,0,0,0,0,6,6,0
1788435139.1823049,4177968,1984005,0.0,ERROR-PASSIVE,128,0,0,0,0,6,6,0
1788435139.192295,4177990,1984005,0.0,ERROR-PASSIVE,128,0,0,0,0,6,6,0
1788435139.2079906,4178004,1984005,0.0,ERROR-PASSIVE,128,0,0,0,0,6,6,0
1788435139.212257,4178018,1984005,0.0,ERROR-PASSIVE,128,0,0,0,0,6,6,0
1788435139.2222137,4178032,1984005,0.0,ERROR-PASSIVE,128,0,0,0,0,6,6,0
1788435139.2322156,4178062,1984005,0.0,ERROR-PASSIVE,128,0,0,0,0,6,6,0
1788435139.2422025,4178098,1984005,0.0,ERROR-PASSIVE,128,0,0,0,0,6,6,0
1788435139.2522256,4178121,1984005,0.0,ERROR-PASSIVE,128,0,0,0,0,6,6,0
1788435139.2672844,4178144,1984005,0.0,ERROR-PASSIVE,128,0,0,0,0,6,6,0
1788435139.2721546,4178162,1984005,0.0,ERROR-PASSIVE,128,0,0,0,0,6,6,0
1788435139.2821643,4178179,1984005,0.0,ERROR-PASSIVE,128,0,0,0,0,6,6,0
1788435139.2921753,4178195,1984005,0.0,ERROR-PASSIVE,128,0,0,0,0,6,6,0
1788435139.3021796,4178211,1984005,0.0,ERROR-PASSIVE,128,0,0,0,0,6,6,0
1788435139.312178,4178229,1984005,0.0,ERROR-PASSIVE,128,0,0,0,0,6,6,0
1788435139.328341,4178242,1984005,0.0,ERROR-PASSIVE,128,0,0,0,0,6,6,0
1788435139.3321693,4178258,1984005,0.0,ERROR-PASSIVE,128,0,0,0,0,6,6,0
1788435139.342202,4178281,1984005,0.0,ERROR-PASSIVE,128,0,0,0,0,6,6,0
1788435139.3521905,4178294,1984005,0.0,ERROR-PASSIVE,128,0,0,0,0,6,6,0
1788435139.3621807,4178311,1984005,0.0,ERROR-PASSIVE,128,0,0,0,0,6,6,0
1788435139.3782766,4178344,1984005,0.0,ERROR-PASSIVE,128,0,0,0,0,6,6,0
1788435139.3821478,4178375,1984005,0.0,ERROR-PASSIVE,128,0,0,0,0,6,6,0
1788435139.3922238,4178409,1984005,0.0,ERROR-PASSIVE,128,0,0,0,0,6,6,0
1788435139.4021857,4178442,1984005,0.0,ERROR-PASSIVE,128,0,0,0,0,6,6,0
1788435139.4121912,4178477,1984005,0.0,ERROR-PASSIVE,128,0,0,0,0,6,6,0
1788435139.4299378,4178499,1984005,0.0,ERROR-PASSIVE,128,0,0,0,0,6,6,0
1788435139.4321551,4178521,1984005,0.0,ERROR-PASSIVE,128,0,0,0,0,6,6,0
1788435139.442139,4178539,1984005,0.0,ERROR-PASSIVE,128,0,0,0,0,6,6,0
1788435139.452191,4178556,1984005,0.0,ERROR-PASSIVE,128,0,0,0,0,6,6,0
1788435139.462187,4178580,1984005,0.0,ERROR-PASSIVE,128,0,0,0,0,6,6,0
1788435139.4722238,4178610,1984005,0.0,ERROR-PASSIVE,128,0,0,0,0,6,6,0
1788435139.4872127,4178632,1984005,0.0,ERROR-PASSIVE,128,0,0,0,0,6,6,0
1788435139.4922693,4178651,1984005,0.0,ERROR-PASSIVE,128,0,0,0,0,6,6,0
1788435139.502194,4178674,1984005,0.0,ERROR-PASSIVE,128,0,0,0,0,6,6,0
1788435139.5122392,4178697,1984005,0.0,ERROR-PASSIVE,128,0,0,0,0,6,6,0
1788435139.5222235,4178719,1984005,0.0,ERROR-PASSIVE,128,0,0,0,0,6,6,0
1788435139.53859,4178742,1984005,0.0,ERROR-PASSIVE,128,0,0,0,0,6,6,0
1788435139.5421546,4178765,1984005,0.0,ERROR-PASSIVE,128,0,0,0,0,6,6,0
1788435139.552184,4178780,1984005,0.0,ERROR-PASSIVE,128,0,0,0,0,6,6,0
1788435139.562341,4178792,1984005,0.0,ERROR-PASSIVE,128,0,0,0,0,6,6,0
1788435139.5728326,4178823,1984005,0.0,ERROR-PASSIVE,128,0,0,0,0,6,6,0
1788435139.5886633,4178855,1984005,0.0,ERROR-PASSIVE,128,0,0,0,0,6,6,0
1788435139.5922937,4178877,1984005,0.0,ERROR-PASSIVE,128,0,0,0,0,6,6,0
1788435139.6021345,4178900,1984005,0.0,ERROR-PASSIVE,128,0,0,0,0,6,6,0
1788435139.6121569,4178923,1984005,0.0,ERROR-PASSIVE,128,0,0,0,0,6,6,0
1788435139.622225,4178944,1984005,0.0,ERROR-PASSIVE,128,0,0,0,0,6,6,0
1788435139.632339,4178967,1984005,0.0,ERROR-PASSIVE,128,0,0,0,0,6,6,0
1788435139.6481626,4178990,1984005,0.0,ERROR-PASSIVE,128,0,0,0,0,6,6,0
1788435139.6521688,4179013,1984005,0.0,ERROR-PASSIVE,128,0,0,0,0,6,6,0
1788435139.6622114,4179035,1984005,0.0,ERROR-PASSIVE,128,0,0,0,0,6,6,0
1788435139.6721227,4179057,1984005,0.0,ERROR-PASSIVE,128,0,0,0,0,6,6,0
1788435139.6822534,4179080,1984005,0.0,ERROR-PASSIVE,128,0,0,0,0,6,6,0
1788435139.6921713,4179099,1984005,0.0,ERROR-PASSIVE,128,0,0,0,0,6,6,0
1788435139.7066336,4179121,1984005,0.0,ERROR-PASSIVE,128,0,0,0,0,6,6,0
1788435139.7121415,4179144,1984005,0.0,ERROR-PASSIVE,128,0,0,0,0,6,6,0
1788435139.7221966,4179166,1984005,0.0,ERROR-PASSIVE,128,0,0,0,0,6,6,0
1788435139.7322245,4179188,1984005,0.0,ERROR-PASSIVE,128,0,0,0,0,6,6,0
1788435139.7422547,4179209,1984005,0.0,ERROR-PASSIVE,128,0,0,0,0,6,6,0
1788435139.7575595,4179229,1984005,0.0,ERROR-PASSIVE,128,0,0,0,0,6,6,0
1788435139.7622437,4179252,1984005,0.0,ERROR-PASSIVE,128,0,0,0,0,6,6,0
1788435139.7723634,4179273,1984005,0.0,ERROR-PASSIVE,128,0,0,0,0,6,6,0
1788435139.7822678,4179295,1984005,0.0,ERROR-PASSIVE,128,0,0,0,0,6,6,0
1788435139.7923083,4179316,1984005,0.0,ERROR-PASSIVE,128,0,0,0,0,6,6,0
1788435139.806806,4179328,1984005,0.0,ERROR-PASSIVE,128,0,0,0,0,6,6,0
1788435139.8122127,4179351,1984005,0.0,ERROR-PASSIVE,128,0,0,0,0,6,6,0
1788435139.8222575,4179373,1984005,0.0,ERROR-PASSIVE,128,0,0,0,0,6,6,0
1788435139.8322864,4179396,1984005,0.0,ERROR-PASSIVE,128,0,0,0,0,6,6,0
1788435139.8422601,4179419,1984005,0.0,ERROR-PASSIVE,128,0,0,0,0,6,6,0
1788435139.852291,4179441,1984005,0.0,ERROR-PASSIVE,128,0,0,0,0,6,6,0
1788435139.8677802,4179464,1984005,0.0,ERROR-PASSIVE,128,0,0,0,0,6,6,0
1788435139.8721337,4179487,1984005,0.0,ERROR-PASSIVE,128,0,0,0,0,6,6,0
1788435139.8821514,4179509,1984005,0.0,ERROR-PASSIVE,128,0,0,0,0,6,6,0
1788435139.892094,4179530,1984005,0.0,ERROR-PASSIVE,128,0,0,0,0,6,6,0
1788435139.902135,4179546,1984005,0.0,ERROR-PASSIVE,128,0,0,0,0,6,6,0
1788435139.9121475,4179563,1984005,0.0,ERROR-PASSIVE,128,0,0,0,0,6,6,0
1788435139.9308662,4179576,1984005,0.0,ERROR-PASSIVE,128,0,0,0,0,6,6,0
1788435139.932259,4179594,1984005,0.0,ERROR-PASSIVE,128,0,0,0,0,6,6,0
1788435139.9421992,4179610,1984005,0.0,ERROR-PASSIVE,128,0,0,0,0,6,6,0
1788435139.9522784,4179643,1984005,0.0,ERROR-PASSIVE,128,0,0,0,0,6,6,0
1788435139.9622464,4179678,1984005,0.0,ERROR-PASSIVE,128,0,0,0,0,6,6,0
1788435139.9767358,4179709,1984005,0.0,ERROR-PASSIVE,128,0,0,0,0,6,6,0
1788435139.982226,4179726,1984005,0.0,ERROR-PASSIVE,128,0,0,0,0,6,6,0
1788435139.9922476,4179737,1984005,0.0,ERROR-PASSIVE,128,0,0,0,0,6,6,0
1788435140.0022533,4179761,1984005,0.0,ERROR-PASSIVE,128,0,0,0,0,6,6,0
1788435140.012167,4179795,1984005,0.0,ERROR-PASSIVE,128,0,0,0,0,6,6,0
1788435140.026789,4179818,1984005,0.0,ERROR-PASSIVE,128,0,0,0,0,6,6,0
1788435140.032618,4179841,1984005,0.0,ERROR-PASSIVE,128,0,0,0,0,6,6,0
1788435140.0421705,4179864,1984005,0.0,ERROR-PASSIVE,128,0,0,0,0,6,6,0
1788435140.0521698,4179887,1984005,0.0,ERROR-PASSIVE,128,0,0,0,0,6,6,0
1788435140.0622418,4179909,1984005,0.0,ERROR-PASSIVE,128,0,0,0,0,6,6,0
1788435140.0722258,4179932,1984005,0.0,ERROR-PASSIVE,128,0,0,0,0,6,6,0
1788435140.0879254,4179954,1984005,0.0,ERROR-PASSIVE,128,0,0,0,0,6,6,0
1788435140.0921416,4179977,1984005,0.0,ERROR-PASSIVE,128,0,0,0,0,6,6,0
1788435140.1021938,4180000,1984005,0.0,ERROR-PASSIVE,128,0,0,0,0,6,6,0
1788435140.112139,4180023,1984005,0.0,ERROR-PASSIVE,128,0,0,0,0,6,6,0
1788435140.1221812,4180046,1984005,0.0,ERROR-PASSIVE,128,0,0,0,0,6,6,0
1788435140.1321106,4180069,1984005,0.0,ERROR-PASSIVE,128,0,0,0,0,6,6,0
1788435140.1528258,4180090,1984005,0.0,ERROR-PASSIVE,128,0,0,0,0,6,6,0
1788435140.1530402,4180113,1984005,0.0,ERROR-PASSIVE,128,0,0,0,0,6,6,0
1788435140.1631534,4180133,1984005,0.0,ERROR-PASSIVE,128,0,0,0,0,6,6,0
1788435140.1731975,4180151,1984005,0.0,ERROR-PASSIVE,128,0,0,0,0,6,6,0
1788435140.1831293,4180174,1984005,0.0,ERROR-PASSIVE,128,0,0,0,0,6,6,0
1788435140.1990871,4180197,1984005,0.0,ERROR-PASSIVE,128,0,0,0,0,6,6,0
1788435140.2031274,4180220,1984005,0.0,ERROR-PASSIVE,128,0,0,0,0,6,6,0
1788435140.2130663,4180234,1984005,0.0,ERROR-PASSIVE,128,0,0,0,0,6,6,0
1788435140.2230668,4180248,1984005,0.0,ERROR-PASSIVE,128,0,0,0,0,6,6,0
1788435140.2331758,4180269,1984005,0.0,ERROR-PASSIVE,128,0,0,0,0,6,6,0
1788435140.2490394,4180304,1984005,0.0,ERROR-PASSIVE,128,0,0,0,0,6,6,0
1788435140.2531016,4180328,1984005,0.0,ERROR-PASSIVE,128,0,0,0,0,6,6,0
1788435140.2632332,4180338,1984005,0.0,ERROR-PASSIVE,128,0,0,0,0,6,6,0
1788435140.2731843,4180352,1984005,0.0,ERROR-PASSIVE,128,0,0,0,0,6,6,0
1788435140.2831588,4180365,1984005,0.0,ERROR-PASSIVE,128,0,0,0,0,6,6,0
1788435140.2931511,4180395,1984005,0.0,ERROR-PASSIVE,128,0,0,0,0,6,6,0
1788435140.3084357,4180419,1984005,0.0,ERROR-PASSIVE,128,0,0,0,0,6,6,0
1788435140.3131552,4180441,1984005,0.0,ERROR-PASSIVE,128,0,0,0,0,6,6,0
1788435140.3230734,4180450,1984005,0.0,ERROR-PASSIVE,128,0,0,0,0,6,6,0
1788435140.3330977,4180472,1984005,0.0,ERROR-PASSIVE,128,0,0,0,0,6,6,0
1788435140.3431463,4180492,1984005,0.0,ERROR-PASSIVE,128,0,0,0,0,6,6,0
1788435140.3581347,4180509,1984005,0.0,ERROR-PASSIVE,128,0,0,0,0,6,6,0
1788435140.36313,4180538,1984005,0.0,ERROR-PASSIVE,128,0,0,0,0,6,6,0
1788435140.3731349,4180561,1984005,0.0,ERROR-PASSIVE,128,0,0,0,0,6,6,0
1788435140.3831697,4180582,1984005,0.0,ERROR-PASSIVE,128,0,0,0,0,6,6,0
1788435140.393141,4180604,1984005,0.0,ERROR-PASSIVE,128,0,0,0,0,6,6,0
1788435140.4081888,4180620,1984005,0.0,ERROR-PASSIVE,128,0,0,0,0,6,6,0
1788435140.4131095,4180633,1984005,0.0,ERROR-PASSIVE,128,0,0,0,0,6,6,0
1788435140.4231384,4180656,1984005,0.0,ERROR-PASSIVE,128,0,0,0,0,6,6,0
1788435140.4331372,4180684,1984005,0.0,ERROR-PASSIVE,128,0,0,0,0,6,6,0
1788435140.4431279,4180695,1984005,0.0,ERROR-PASSIVE,128,0,0,0,0,6,6,0
1788435140.453142,4180717,1984005,0.0,ERROR-PASSIVE,128,0,0,0,0,6,6,0
1788435140.4677262,4180733,1984005,0.0,ERROR-PASSIVE,128,0,0,0,0,6,6,0
1788435140.473148,4180740,1984005,0.0,ERROR-PASSIVE,128,0,0,0,0,6,6,0
1788435140.4831698,4180743,1984005,0.0,ERROR-PASSIVE,128,0,0,0,0,6,6,0
1788435140.493137,4180778,1984005,0.0,ERROR-PASSIVE,128,0,0,0,0,6,6,0
1788435140.503144,4180809,1984005,0.0,ERROR-PASSIVE,128,0,0,0,0,6,6,0
1788435140.517657,4180838,1984005,0.0,ERROR-PASSIVE,128,0,0,0,0,6,6,0
1788435140.52311,4180872,1984005,0.0,ERROR-PASSIVE,128,0,0,0,0,6,6,0
1788435140.533138,4180893,1984005,0.0,ERROR-PASSIVE,128,0,0,0,0,6,6,0
1788435140.543131,4180923,1984005,0.0,ERROR-PASSIVE,128,0,0,0,0,6,6,0
1788435140.5530815,4180952,1984005,0.0,ERROR-PASSIVE,128,0,0,0,0,6,6,0
1788435140.563083,4180975,1984005,0.0,ERROR-PASSIVE,128,0,0,0,0,6,6,0
1788435140.5800433,4180995,1984005,0.0,ERROR-PASSIVE,128,0,0,0,0,6,6,0
1788435140.5831623,4181011,1984005,0.0,ERROR-PASSIVE,128,0,0,0,0,6,6,0
1788435140.5931847,4181027,1984005,0.0,ERROR-PASSIVE,128,0,0,0,0,6,6,0
1788435140.603169,4181043,1984005,0.0,ERROR-PASSIVE,128,0,0,0,0,6,6,0
1788435140.6131842,4181066,1984005,0.0,ERROR-PASSIVE,128,0,0,0,0,6,6,0
1788435140.6291225,4181077,1984005,0.0,ERROR-PASSIVE,128,0,0,0,0,6,6,0
1788435140.6331904,4181106,1984005,0.0,ERROR-PASSIVE,128,0,0,0,0,6,6,0
1788435140.6432986,4181142,1984005,0.0,ERROR-PASSIVE,128,0,0,0,0,6,6,0
1788435140.653221,4181174,1984005,0.0,ERROR-PASSIVE,128,0,0,0,0,6,6,0
1788435140.663101,4181196,1984005,0.0,ERROR-PASSIVE,128,0,0,0,0,6,6,0
1788435140.6812665,4181218,1984005,0.0,ERROR-PASSIVE,128,0,0,0,0,6,6,0
1788435140.6831343,4181241,1984005,0.0,ERROR-PASSIVE,128,0,0,0,0,6,6,0
1788435140.6931605,4181263,1984005,0.0,ERROR-PASSIVE,128,0,0,0,0,6,6,0
1788435140.7032094,4181285,1984005,0.0,ERROR-PASSIVE,128,0,0,0,0,6,6,0
1788435140.713173,4181308,1984005,0.0,ERROR-PASSIVE,128,0,0,0,0,6,6,0
1788435140.723099,4181331,1984005,0.0,ERROR-PASSIVE,128,0,0,0,0,6,6,0
1788435140.740667,4181353,1984005,0.0,ERROR-PASSIVE,128,0,0,0,0,6,6,0
1788435140.7431655,4181376,1984005,0.0,ERROR-PASSIVE,128,0,0,0,0,6,6,0
1788435140.7531717,4181399,1984005,0.0,ERROR-PASSIVE,128,0,0,0,0,6,6,0
1788435140.7631998,4181418,1984005,0.0,ERROR-PASSIVE,128,0,0,0,0,6,6,0
1788435140.7731411,4181440,1984005,0.0,ERROR-PASSIVE,128,0,0,0,0,6,6,0
1788435140.7896745,4181449,1984005,0.0,ERROR-PASSIVE,128,0,0,0,0,6,6,0
1788435140.7931364,4181471,1984005,0.0,ERROR-PASSIVE,128,0,0,0,0,6,6,0
1788435140.8031495,4181494,1984005,0.0,ERROR-PASSIVE,128,0,0,0,0,6,6,0
1788435140.8131456,4181516,1984005,0.0,ERROR-PASSIVE,128,0,0,0,0,6,6,0
1788435140.8231921,4181537,1984005,0.0,ERROR-PASSIVE,128,0,0,0,0,6,6,0
1788435140.833161,4181560,1984005,0.0,ERROR-PASSIVE,128,0,0,0,0,6,6,0
1788435140.8477495,4181577,1984005,0.0,ERROR-PASSIVE,128,0,0,0,0,6,6,0
1788435140.853139,4181601,1984005,0.0,ERROR-PASSIVE,128,0,0,0,0,6,6,0
1788435140.8633516,4181622,1984005,0.0,ERROR-PASSIVE,128,0,0,0,0,6,6,0
1788435140.8732078,4181641,1984005,0.0,ERROR-PASSIVE,128,0,0,0,0,6,6,0
1788435140.8832066,4181659,1984005,0.0,ERROR-PASSIVE,128,0,0,0,0,6,6,0
1788435140.893132,4181682,1984005,0.0,ERROR-PASSIVE,128,0,0,0,0,6,6,0
1788435140.910046,4181704,1984005,0.0,ERROR-PASSIVE,128,0,0,0,0,6,6,0
1788435140.913105,4181727,1984005,0.0,ERROR-PASSIVE,128,0,0,0,0,6,6,0
1788435140.9231756,4181750,1984005,0.0,ERROR-PASSIVE,128,0,0,0,0,6,6,0
1788435140.9332008,4181773,1984005,0.0,ERROR-PASSIVE,128,0,0,0,0,6,6,0
1788435140.943167,4181795,1984005,0.0,ERROR-PASSIVE,128,0,0,0,0,6,6,0
1788435140.9531994,4181817,1984005,0.0,ERROR-PASSIVE,128,0,0,0,0,6,6,0
1788435140.9695902,4181840,1984005,0.0,ERROR-PASSIVE,128,0,0,0,0,6,6,0
1788435140.97311,4181861,1984005,0.0,ERROR-PASSIVE,128,0,0,0,0,6,6,0
1788435140.9831972,4181884,1984005,0.0,ERROR-PASSIVE,128,0,0,0,0,6,6,0
1788435140.9932318,4181906,1984005,0.0,ERROR-PASSIVE,128,0,0,0,0,6,6,0
1788435141.0031915,4181929,1984005,0.0,ERROR-PASSIVE,128,0,0,0,0,6,6,0
1788435141.0131466,4181941,1984005,0.0,ERROR-PASSIVE,128,0,0,0,0,6,6,0
1788435141.0294845,4181956,1984005,0.0,ERROR-PASSIVE,128,0,0,0,0,6,6,0
1788435141.033145,4181972,1984005,0.0,ERROR-PASSIVE,128,0,0,0,0,6,6,0
1788435141.0431108,4181995,1984005,0.0,ERROR-PASSIVE,128,0,0,0,0,6,6,0
1788435141.0531497,4182011,1984005,0.0,ERROR-PASSIVE,128,0,0,0,0,6,6,0
1788435141.0631688,4182023,1984005,0.0,ERROR-PASSIVE,128,0,0,0,0,6,6,0
1788435141.0731342,4182053,1984005,0.0,ERROR-PASSIVE,128,0,0,0,0,6,6,0
1788435141.0878954,4182086,1984005,0.0,ERROR-PASSIVE,128,0,0,0,0,6,6,0
1788435141.093168,4182123,1984005,0.0,ERROR-PASSIVE,128,0,0,0,0,6,6,0
1788435141.1031373,4182149,1984005,0.0,ERROR-PASSIVE,128,0,0,0,0,6,6,0
1788435141.1131184,4182160,1984005,0.0,ERROR-PASSIVE,128,0,0,0,0,6,6,0
1788435141.1232681,4182175,1984005,0.0,ERROR-PASSIVE,128,0,0,0,0,6,6,0
1788435141.1331165,4182193,1984005,0.0,ERROR-PASSIVE,128,0,0,0,0,6,6,0
1788435141.1492274,4182212,1984005,0.0,ERROR-PASSIVE,128,0,0,0,0,6,6,0
1788435141.1531668,4182224,1984005,0.0,ERROR-PASSIVE,128,0,0,0,0,6,6,0
1788435141.163209,4182250,1984005,0.0,ERROR-PASSIVE,128,0,0,0,0,6,6,0
1788435141.1731677,4182283,1984005,0.0,ERROR-PASSIVE,128,0,0,0,0,6,6,0
1788435141.1832273,4182314,1984005,0.0,ERROR-PASSIVE,128,0,0,0,0,6,6,0
1788435141.1996198,4182337,1984005,0.0,ERROR-PASSIVE,128,0,0,0,0,6,6,0
1788435141.203161,4182360,1984005,0.0,ERROR-PASSIVE,128,0,0,0,0,6,6,0
1788435141.2132015,4182382,1984005,0.0,ERROR-PASSIVE,128,0,0,0,0,6,6,0
1788435141.2231758,4182405,1984005,0.0,ERROR-PASSIVE,128,0,0,0,0,6,6,0
1788435141.2331953,4182426,1984005,0.0,ERROR-PASSIVE,128,0,0,0,0,6,6,0
1788435141.2498975,4182449,1984005,0.0,ERROR-PASSIVE,128,0,0,0,0,6,6,0
1788435141.2531853,4182472,1984005,0.0,ERROR-PASSIVE,128,0,0,0,0,6,6,0
1788435141.2631888,4182494,1984005,0.0,ERROR-PASSIVE,128,0,0,0,0,6,6,0
1788435141.2732162,4182517,1984005,0.0,ERROR-PASSIVE,128,0,0,0,0,6,6,0
1788435141.2832015,4182540,1984005,0.0,ERROR-PASSIVE,128,0,0,0,0,6,6,0
1788435141.2931962,4182562,1984005,0.0,ERROR-PASSIVE,128,0,0,0,0,6,6,0
1788435141.3096426,4182585,1984005,0.0,ERROR-PASSIVE,128,0,0,0,0,6,6,0
1788435141.3131678,4182605,1984005,0.0,ERROR-PASSIVE,128,0,0,0,0,6,6,0
1788435141.3231034,4182627,1984005,0.0,ERROR-PASSIVE,128,0,0,0,0,6,6,0
1788435141.3331513,4182648,1984005,0.0,ERROR-PASSIVE,128,0,0,0,0,6,6,0
1788435141.3430817,4182669,1984005,0.0,ERROR-PASSIVE,128,0,0,0,0,6,6,0
1788435141.3531668,4182691,1984005,0.0,ERROR-PASSIVE,128,0,0,0,0,6,6,0
1788435141.3695862,4182713,1984005,0.0,ERROR-PASSIVE,128,0,0,0,0,6,6,0
1788435141.3731618,4182736,1984005,0.0,ERROR-PASSIVE,128,0,0,0,0,6,6,0
1788435141.383131,4182758,1984005,0.0,ERROR-PASSIVE,128,0,0,0,0,6,6,0
1788435141.3930464,4182781,1984005,0.0,ERROR-PASSIVE,128,0,0,0,0,6,6,0
1788435141.4030917,4182804,1984005,0.0,ERROR-PASSIVE,128,0,0,0,0,6,6,0
1788435141.4182177,4182826,1984005,0.0,ERROR-PASSIVE,128,0,0,0,0,6,6,0
1788435141.4230747,4182849,1984005,0.0,ERROR-PASSIVE,128,0,0,0,0,6,6,0
1788435141.4331644,4182872,1984005,0.0,ERROR-PASSIVE,128,0,0,0,0,6,6,0
1788435141.443059,4182895,1984005,0.0,ERROR-PASSIVE,128,0,0,0,0,6,6,0
1788435141.453147,4182918,1984005,0.0,ERROR-PASSIVE,128,0,0,0,0,6,6,0
1788435141.463069,4182941,1984005,0.0,ERROR-PASSIVE,128,0,0,0,0,6,6,0
1788435141.4801586,4182963,1984005,0.0,ERROR-PASSIVE,128,0,0,0,0,6,6,0
1788435141.4831111,4182986,1984005,0.0,ERROR-PASSIVE,128,0,0,0,0,6,6,0
1788435141.4931467,4183006,1984005,0.0,ERROR-PASSIVE,128,0,0,0,0,6,6,0
1788435141.503064,4183029,1984005,0.0,ERROR-PASSIVE,128,0,0,0,0,6,6,0
1788435141.5130496,4183050,1984005,0.0,ERROR-PASSIVE,128,0,0,0,0,6,6,0
1788435141.5231495,4183072,1984005,0.0,ERROR-PASSIVE,128,0,0,0,0,6,6,0
1788435141.5381727,4183095,1984005,0.0,ERROR-PASSIVE,128,0,0,0,0,6,6,0
1788435141.5431511,4183118,1984005,0.0,ERROR-PASSIVE,128,0,0,0,0,6,6,0
1788435141.5530798,4183136,1984005,0.0,ERROR-PASSIVE,128,0,0,0,0,6,6,0
1788435141.563144,4183150,1984005,0.0,ERROR-PASSIVE,128,0,0,0,0,6,6,0
1788435141.57316,4183165,1984005,0.0,ERROR-PASSIVE,128,0,0,0,0,6,6,0
1788435141.5881932,4183186,1984005,0.0,ERROR-PASSIVE,128,0,0,0,0,6,6,0
1788435141.593162,4183221,1984005,0.0,ERROR-PASSIVE,128,0,0,0,0,6,6,0
1788435141.6031334,4183244,1984005,0.0,ERROR-PASSIVE,128,0,0,0,0,6,6,0
1788435141.613051,4183267,1984005,0.0,ERROR-PASSIVE,128,0,0,0,0,6,6,0
1788435141.6231606,4183290,1984005,0.0,ERROR-PASSIVE,128,0,0,0,0,6,6,0
1788435141.6330793,4183312,1984005,0.0,ERROR-PASSIVE,128,0,0,0,0,6,6,0
1788435141.6526282,4183335,1984005,0.0,ERROR-PASSIVE,128,0,0,0,0,6,6,0
1788435141.6531112,4183355,1984005,0.0,ERROR-PASSIVE,128,0,0,0,0,6,6,0
1788435141.6631253,4183377,1984005,0.0,ERROR-PASSIVE,128,0,0,0,0,6,6,0
1788435141.6731994,4183400,1984005,0.0,ERROR-PASSIVE,128,0,0,0,0,6,6,0
1788435141.6831288,4183413,1984005,0.0,ERROR-PASSIVE,128,0,0,0,0,6,6,0
1788435141.7006745,4183427,1984005,0.0,ERROR-PASSIVE,128,0,0,0,0,6,6,0
1788435141.7031493,4183450,1984005,0.0,ERROR-PASSIVE,128,0,0,0,0,6,6,0
1788435141.7131953,4183482,1984005,0.0,ERROR-PASSIVE,128,0,0,0,0,6,6,0
1788435141.7232149,4183505,1984005,0.0,ERROR-PASSIVE,128,0,0,0,0,6,6,0
1788435141.7332306,4183528,1984005,0.0,ERROR-PASSIVE,128,0,0,0,0,6,6,0
1788435141.7479966,4183542,1984005,0.0,ERROR-PASSIVE,128,0,0,0,0,6,6,0
1788435141.7531443,4183572,1984005,0.0,ERROR-PASSIVE,128,0,0,0,0,6,6,0
1788435141.7632005,4183592,1984005,0.0,ERROR-PASSIVE,128,0,0,0,0,6,6,0
1788435141.773104,4183615,1984005,0.0,ERROR-PASSIVE,128,0,0,0,0,6,6,0
1788435141.7832422,4183637,1984005,0.0,ERROR-PASSIVE,128,0,0,0,0,6,6,0
1788435141.7931519,4183659,1984005,0.0,ERROR-PASSIVE,128,0,0,0,0,6,6,0
1788435141.8104367,4183680,1984005,0.0,ERROR-PASSIVE,128,0,0,0,0,6,6,0
1788435141.8131726,4183696,1984005,0.0,ERROR-PASSIVE,128,0,0,0,0,6,6,0
1788435141.8231976,4183719,1984005,0.0,ERROR-PASSIVE,128,0,0,0,0,6,6,0
1788435141.8331609,4183742,1984005,0.0,ERROR-PASSIVE,128,0,0,0,0,6,6,0
1788435141.8431122,4183764,1984005,0.0,ERROR-PASSIVE,128,0,0,0,0,6,6,0
1788435141.8530905,4183787,1984005,0.0,ERROR-PASSIVE,128,0,0,0,0,6,6,0
1788435141.867671,4183808,1984005,0.0,ERROR-PASSIVE,128,0,0,0,0,6,6,0
1788435141.8731856,4183829,1984005,0.0,ERROR-PASSIVE,128,0,0,0,0,6,6,0
1788435141.8832357,4183853,1984005,0.0,ERROR-PASSIVE,128,0,0,0,0,6,6,0
1788435141.8932078,4183873,1984005,0.0,ERROR-PASSIVE,128,0,0,0,0,6,6,0
1788435141.903154,4183888,1984005,0.0,ERROR-PASSIVE,128,0,0,0,0,6,6,0
1788435141.917641,4183904,1984005,0.0,ERROR-PASSIVE,128,0,0,0,0,6,6,0
1788435141.923177,4183920,1984005,0.0,ERROR-PASSIVE,128,0,0,0,0,6,6,0
1788435141.933144,4183941,1984005,0.0,ERROR-PASSIVE,128,0,0,0,0,6,6,0
1788435141.9432213,4183976,1984005,0.0,ERROR-PASSIVE,128,0,0,0,0,6,6,0
1788435141.9532392,4184000,1984005,0.0,ERROR-PASSIVE,128,0,0,0,0,6,6,0
1788435141.9694135,4184023,1984005,0.0,ERROR-PASSIVE,128,0,0,0,0,6,6,0
1788435141.973126,4184046,1984005,0.0,ERROR-PASSIVE,128,0,0,0,0,6,6,0
1788435141.9832518,4184069,1984005,0.0,ERROR-PASSIVE,128,0,0,0,0,6,6,0
1788435141.993226,4184091,1984005,0.0,ERROR-PASSIVE,128,0,0,0,0,6,6,0
1788435142.0031846,4184111,1984005,0.0,ERROR-PASSIVE,128,0,0,0,0,6,6,0
1788435142.013167,4184133,1984005,0.0,ERROR-PASSIVE,128,0,0,0,0,6,6,0
1788435142.0278952,4184155,1984005,0.0,ERROR-PASSIVE,128,0,0,0,0,6,6,0
1788435142.0331736,4184173,1984005,0.0,ERROR-PASSIVE,128,0,0,0,0,6,6,0
1788435142.04318,4184185,1984005,0.0,ERROR-PASSIVE,128,0,0,0,0,6,6,0
1788435142.0531871,4184210,1984005,0.0,ERROR-PASSIVE,128,0,0,0,0,6,6,0
1788435142.0631435,4184243,1984005,0.0,ERROR-PASSIVE,128,0,0,0,0,6,6,0
1788435142.0731246,4184264,1984005,0.0,ERROR-PASSIVE,128,0,0,0,0,6,6,0
1788435142.0906901,4184287,1984005,0.0,ERROR-PASSIVE,128,0,0,0,0,6,6,0
1788435142.0931664,4184310,1984005,0.0,ERROR-PASSIVE,128,0,0,0,0,6,6,0
1788435142.103173,4184330,1984005,0.0,ERROR-PASSIVE,128,0,0,0,0,6,6,0
1788435142.1132214,4184356,1984005,0.0,ERROR-PASSIVE,128,0,0,0,0,6,6,0
1788435142.123205,4184378,1984005,0.0,ERROR-PASSIVE,128,0,0,0,0,6,6,0
1788435142.133163,4184401,1984005,0.0,ERROR-PASSIVE,128,0,0,0,0,6,6,0
1788435142.151243,4184424,1984005,0.0,ERROR-PASSIVE,128,0,0,0,0,6,6,0
1788435142.1531837,4184446,1984005,0.0,ERROR-PASSIVE,128,0,0,0,0,6,6,0
1788435142.1631627,4184469,1984005,0.0,ERROR-PASSIVE,128,0,0,0,0,6,6,0
1788435142.1731868,4184492,1984005,0.0,ERROR-PASSIVE,128,0,0,0,0,6,6,0
1788435142.1831646,4184514,1984005,0.0,ERROR-PASSIVE,128,0,0,0,0,6,6,0
1788435142.1931894,4184536,1984005,0.0,ERROR-PASSIVE,128,0,0,0,0,6,6,0
1788435142.2077215,4184557,1984005,0.0,ERROR-PASSIVE,128,0,0,0,0,6,6,0
1788435142.2131302,4184579,1984005,0.0,ERROR-PASSIVE,128,0,0,0,0,6,6,0
1788435142.2231772,4184602,1984005,0.0,ERROR-PASSIVE,128,0,0,0,0,6,6,0
1788435142.2331333,4184614,1984005,0.0,ERROR-PASSIVE,128,0,0,0,0,6,6,0
1788435142.2431486,4184635,1984005,0.0,ERROR-PASSIVE,128,0,0,0,0,6,6,0
1788435142.2531378,4184651,1984005,0.0,ERROR-PASSIVE,128,0,0,0,0,6,6,0
1788435142.2682676,4184674,1984005,0.0,ERROR-PASSIVE,128,0,0,0,0,6,6,0
1788435142.2731166,4184696,1984005,0.0,ERROR-PASSIVE,128,0,0,0,0,6,6,0
1788435142.283206,4184710,1984005,0.0,ERROR-PASSIVE,128,0,0,0,0,6,6,0
1788435142.2931094,4184724,1984005,0.0,ERROR-PASSIVE,128,0,0,0,0,6,6,0
1788435142.3031018,4184755,1984005,0.0,ERROR-PASSIVE,128,0,0,0,0,6,6,0
1788435142.3130858,4184777,1984005,0.0,ERROR-PASSIVE,128,0,0,0,0,6,6,0
1788435142.3284535,4184800,1984005,0.0,ERROR-PASSIVE,128,0,0,0,0,6,6,0
1788435142.3331673,4184823,1984005,0.0,ERROR-PASSIVE,128,0,0,0,0,6,6,0
1788435142.3431654,4184846,1984005,0.0,ERROR-PASSIVE,128,0,0,0,0,6,6,0
1788435142.3530996,4184868,1984005,0.0,ERROR-PASSIVE,128,0,0,0,0,6,6,0
1788435142.3631506,4184891,1984005,0.0,ERROR-PASSIVE,128,0,0,0,0,6,6,0
1788435142.3779645,4184912,1984005,0.0,ERROR-PASSIVE,128,0,0,0,0,6,6,0
1788435142.3831477,4184928,1984005,0.0,ERROR-PASSIVE,128,0,0,0,0,6,6,0
1788435142.3932407,4184951,1984005,0.0,ERROR-PASSIVE,128,0,0,0,0,6,6,0
1788435142.4032168,4184972,1984005,0.0,ERROR-PASSIVE,128,0,0,0,0,6,6,0
1788435142.4131517,4184995,1984005,0.0,ERROR-PASSIVE,128,0,0,0,0,6,6,0
1788435142.423146,4185017,1984005,0.0,ERROR-PASSIVE,128,0,0,0,0,6,6,0
1788435142.4389737,4185038,1984005,0.0,ERROR-PASSIVE,128,0,0,0,0,6,6,0
1788435142.4431467,4185061,1984005,0.0,ERROR-PASSIVE,128,0,0,0,0,6,6,0
1788435142.4532194,4185084,1984005,0.0,ERROR-PASSIVE,128,0,0,0,0,6,6,0
1788435142.4630902,4185096,1984005,0.0,ERROR-PASSIVE,128,0,0,0,0,6,6,0
1788435142.4731462,4185106,1984005,0.0,ERROR-PASSIVE,128,0,0,0,0,6,6,0
1788435142.4831665,4185123,1984005,0.0,ERROR-PASSIVE,128,0,0,0,0,6,6,0
1788435142.4980845,4185139,1984005,0.0,ERROR-PASSIVE,128,0,0,0,0,6,6,0
1788435142.5031796,4185164,1984005,0.0,ERROR-PASSIVE,128,0,0,0,0,6,6,0
1788435142.5131137,4185194,1984005,0.0,ERROR-PASSIVE,128,0,0,0,0,6,6,0
1788435142.5231335,4185223,1984005,0.0,ERROR-PASSIVE,128,0,0,0,0,6,6,0
1788435142.5331748,4185241,1984005,0.0,ERROR-PASSIVE,128,0,0,0,0,6,6,0
1788435142.5431163,4185257,1984005,0.0,ERROR-PASSIVE,128,0,0,0,0,6,6,0
1788435142.5588293,4185273,1984005,0.0,ERROR-PASSIVE,128,0,0,0,0,6,6,0
1788435142.563165,4185289,1984005,0.0,ERROR-PASSIVE,128,0,0,0,0,6,6,0
1788435142.5731401,4185305,1984005,0.0,ERROR-PASSIVE,128,0,0,0,0,6,6,0
1788435142.583163,4185327,1984005,0.0,ERROR-PASSIVE,128,0,0,0,0,6,6,0
1788435142.5931368,4185338,1984005,0.0,ERROR-PASSIVE,128,0,0,0,0,6,6,0
1788435142.609394,4185374,1984005,0.0,ERROR-PASSIVE,128,0,0,0,0,6,6,0
1788435142.6131058,4185410,1984005,0.0,ERROR-PASSIVE,128,0,0,0,0,6,6,0
1788435142.623148,4185450,1984005,0.0,ERROR-PASSIVE,128,0,0,0,0,6,6,0
1788435142.6331408,4185478,1984005,0.0,ERROR-PASSIVE,128,0,0,0,0,6,6,0
1788435142.6431394,4185500,1984005,0.0,ERROR-PASSIVE,128,0,0,0,0,6,6,0
1788435142.6587918,4185523,1984005,0.0,ERROR-PASSIVE,128,0,0,0,0,6,6,0
1788435142.6631389,4185545,1984005,0.0,ERROR-PASSIVE,128,0,0,0,0,6,6,0
1788435142.6731617,4185568,1984005,0.0,ERROR-PASSIVE,128,0,0,0,0,6,6,0
1788435142.6832075,4185589,1984005,0.0,ERROR-PASSIVE,128,0,0,0,0,6,6,0
1788435142.6931858,4185612,1984005,0.0,ERROR-PASSIVE,128,0,0,0,0,6,6,0
1788435142.7090302,4185634,1984005,0.0,ERROR-PASSIVE,128,0,0,0,0,6,6,0
1788435142.7132287,4185657,1984005,0.0,ERROR-PASSIVE,128,0,0,0,0,6,6,0
1788435142.7231677,4185678,1984005,0.0,ERROR-PASSIVE,128,0,0,0,0,6,6,0
1788435142.7331402,4185700,1984005,0.0,ERROR-PASSIVE,128,0,0,0,0,6,6,0
1788435142.7431371,4185723,1984005,0.0,ERROR-PASSIVE,128,0,0,0,0,6,6,0
1788435142.7531428,4185744,1984005,0.0,ERROR-PASSIVE,128,0,0,0,0,6,6,0
1788435142.7688212,4185767,1984005,0.0,ERROR-PASSIVE,128,0,0,0,0,6,6,0
1788435142.773171,4185790,1984005,0.0,ERROR-PASSIVE,128,0,0,0,0,6,6,0
1788435142.7832072,4185813,1984005,0.0,ERROR-PASSIVE,128,0,0,0,0,6,6,0
1788435142.7930703,4185836,1984005,0.0,ERROR-PASSIVE,128,0,0,0,0,6,6,0
1788435142.8031092,4185858,1984005,0.0,ERROR-PASSIVE,128,0,0,0,0,6,6,0
1788435142.8130543,4185881,1984005,0.0,ERROR-PASSIVE,128,0,0,0,0,6,6,0
1788435142.8284223,4185904,1984005,0.0,ERROR-PASSIVE,128,0,0,0,0,6,6,0
1788435142.8332024,4185923,1984005,0.0,ERROR-PASSIVE,128,0,0,0,0,6,6,0
1788435142.8431432,4185945,1984005,0.0,ERROR-PASSIVE,128,0,0,0,0,6,6,0
1788435142.8531237,4185968,1984005,0.0,ERROR-PASSIVE,128,0,0,0,0,6,6,0
1788435142.8631325,4185990,1984005,0.0,ERROR-PASSIVE,128,0,0,0,0,6,6,0
1788435142.8779438,4186013,1984005,0.0,ERROR-PASSIVE,128,0,0,0,0,6,6,0
1788435142.8831756,4186034,1984005,0.0,ERROR-PASSIVE,128,0,0,0,0,6,6,0
1788435142.893154,4186055,1984005,0.0,ERROR-PASSIVE,128,0,0,0,0,6,6,0
1788435142.903143,4186075,1984005,0.0,ERROR-PASSIVE,128,0,0,0,0,6,6,0
1788435142.9131439,4186097,1984005,0.0,ERROR-PASSIVE,128,0,0,0,0,6,6,0
1788435142.9231439,4186119,1984005,0.0,ERROR-PASSIVE,128,0,0,0,0,6,6,0
1788435142.937901,4186142,1984005,0.0,ERROR-PASSIVE,128,0,0,0,0,6,6,0
1788435142.9432023,4186164,1984005,0.0,ERROR-PASSIVE,128,0,0,0,0,6,6,0
1788435142.9531705,4186186,1984005,0.0,ERROR-PASSIVE,128,0,0,0,0,6,6,0
1788435142.9631474,4186208,1984005,0.0,ERROR-PASSIVE,128,0,0,0,0,6,6,0
1788435142.9731393,4186225,1984005,0.0,ERROR-PASSIVE,128,0,0,0,0,6,6,0
1788435142.987851,4186241,1984005,0.0,ERROR-PASSIVE,128,0,0,0,0,6,6,0
1788435142.9931479,4186259,1984005,0.0,ERROR-PASSIVE,128,0,0,0,0,6,6,0
1788435143.0030968,4186275,1984005,0.0,ERROR-PASSIVE,128,0,0,0,0,6,6,0
1788435143.0130887,4186298,1984005,0.0,ERROR-PASSIVE,128,0,0,0,0,6,6,0
1788435143.0231552,4186311,1984005,0.0,ERROR-PASSIVE,128,0,0,0,0,6,6,0
1788435143.0331445,4186322,1984005,0.0,ERROR-PASSIVE,128,0,0,0,0,6,6,0
1788435143.0477095,4186345,1984005,0.0,ERROR-PASSIVE,128,0,0,0,0,6,6,0
1788435143.0531673,4186360,1984005,0.0,ERROR-PASSIVE,128,0,0,0,0,6,6,0
1788435143.063128,4186376,1984005,0.0,ERROR-PASSIVE,128,0,0,0,0,6,6,0
1788435143.07314,4186395,1984005,0.0,ERROR-PASSIVE,128,0,0,0,0,6,6,0
1788435143.083126,4186414,1984005,0.0,ERROR-PASSIVE,128,0,0,0,0,6,6,0
1788435143.0931306,4186429,1984005,0.0,ERROR-PASSIVE,128,0,0,0,0,6,6,0
1788435143.1077774,4186456,1984005,0.0,ERROR-PASSIVE,128,0,0,0,0,6,6,0
1788435143.1131642,4186490,1984005,0.0,ERROR-PASSIVE,128,0,0,0,0,6,6,0
1788435143.123141,4186523,1984005,0.0,ERROR-PASSIVE,128,0,0,0,0,6,6,0
1788435143.1331327,4186556,1984005,0.0,ERROR-PASSIVE,128,0,0,0,0,6,6,0
1788435143.143093,4186584,1984005,0.0,ERROR-PASSIVE,128,0,0,0,0,6,6,0
1788435143.1530848,4186614,1984005,0.0,ERROR-PASSIVE,128,0,0,0,0,6,6,0
1788435143.1676252,4186640,1984005,0.0,ERROR-PASSIVE,128,0,0,0,0,6,6,0
1788435143.1731665,4186669,1984005,0.0,ERROR-PASSIVE,128,0,0,0,0,6,6,0
1788435143.1831298,4186692,1984005,0.0,ERROR-PASSIVE,128,0,0,0,0,6,6,0
1788435143.1931386,4186708,1984005,0.0,ERROR-PASSIVE,128,0,0,0,0,6,6,0
1788435143.2031333,4186731,1984005,0.0,ERROR-PASSIVE,128,0,0,0,0,6,6,0
1788435143.2174256,4186754,1984005,0.0,ERROR-PASSIVE,128,0,0,0,0,6,6,0
1788435143.2231374,4186777,1984005,0.0,ERROR-PASSIVE,128,0,0,0,0,6,6,0
1788435143.2331388,4186799,1984005,0.0,ERROR-PASSIVE,128,0,0,0,0,6,6,0
1788435143.243172,4186822,1984005,0.0,ERROR-PASSIVE,128,0,0,0,0,6,6,0
1788435143.253154,4186843,1984005,0.0,ERROR-PASSIVE,128,0,0,0,0,6,6,0
1788435143.2675767,4186865,1984005,0.0,ERROR-PASSIVE,128,0,0,0,0,6,6,0
1788435143.2731586,4186888,1984005,0.0,ERROR-PASSIVE,128,0,0,0,0,6,6,0
1788435143.2831419,4186910,1984005,0.0,ERROR-PASSIVE,128,0,0,0,0,6,6,0
1788435143.2931285,4186932,1984005,0.0,ERROR-PASSIVE,128,0,0,0,0,6,6,0
1788435143.3031306,4186954,1984005,0.0,ERROR-PASSIVE,128,0,0,0,0,6,6,0
1788435143.313138,4186977,1984005,0.0,ERROR-PASSIVE,128,0,0,0,0,6,6,0
1788435143.3296266,4186999,1984005,0.0,ERROR-PASSIVE,128,0,0,0,0,6,6,0
1788435143.333157,4187018,1984005,0.0,ERROR-PASSIVE,128,0,0,0,0,6,6,0
1788435143.3431337,4187045,1984005,0.0,ERROR-PASSIVE,128,0,0,0,0,6,6,0
1788435143.3531415,4187068,1984005,0.0,ERROR-PASSIVE,128,0,0,0,0,6,6,0
1788435143.363131,4187089,1984005,0.0,ERROR-PASSIVE,128,0,0,0,0,6,6,0
1788435143.3731327,4187111,1984005,0.0,ERROR-PASSIVE,128,0,0,0,0,6,6,0
1788435143.3875346,4187134,1984005,0.0,ERROR-PASSIVE,128,0,0,0,0,6,6,0
1788435143.393136,4187157,1984005,0.0,ERROR-PASSIVE,128,0,0,0,0,6,6,0
1788435143.4030902,4187174,1984005,0.0,ERROR-PASSIVE,128,0,0,0,0,6,6,0
1788435143.4130907,4187191,1984005,0.0,ERROR-PASSIVE,128,0,0,0,0,6,6,0
1788435143.4230804,4187207,1984005,0.0,ERROR-PASSIVE,128,0,0,0,0,6,6,0
1788435143.437551,4187225,1984005,0.0,ERROR-PASSIVE,128,0,0,0,0,6,6,0
1788435143.443157,4187245,1984005,0.0,ERROR-PASSIVE,128,0,0,0,0,6,6,0
1788435143.4531422,4187257,1984005,0.0,ERROR-PASSIVE,128,0,0,0,0,6,6,0
1788435143.4631312,4187269,1984005,0.0,ERROR-PASSIVE,128,0,0,0,0,6,6,0
1788435143.4731266,4187291,1984005,0.0,ERROR-PASSIVE,128,0,0,0,0,6,6,0
1788435143.4831178,4187310,1984005,0.0,ERROR-PASSIVE,128,0,0,0,0,6,6,0
1788435143.4974873,4187326,1984005,0.0,ERROR-PASSIVE,128,0,0,0,0,6,6,0
1788435143.5031571,4187340,1984005,0.0,ERROR-PASSIVE,128,0,0,0,0,6,6,0
1788435143.5131474,4187360,1984005,0.0,ERROR-PASSIVE,128,0,0,0,0,6,6,0
1788435143.5231192,4187375,1984005,0.0,ERROR-PASSIVE,128,0,0,0,0,6,6,0
1788435143.533137,4187390,1984005,0.0,ERROR-PASSIVE,128,0,0,0,0,6,6,0
1788435143.5431283,4187406,1984005,0.0,ERROR-PASSIVE,128,0,0,0,0,6,6,0
1788435143.5574605,4187429,1984005,0.0,ERROR-PASSIVE,128,0,0,0,0,6,6,0
1788435143.5631504,4187440,1984005,0.0,ERROR-PASSIVE,128,0,0,0,0,6,6,0
1788435143.5731382,4187452,1984005,0.0,ERROR-PASSIVE,128,0,0,0,0,6,6,0
1788435143.5831153,4187472,1984005,0.0,ERROR-PASSIVE,128,0,0,0,0,6,6,0
1788435143.5931385,4187488,1984005,0.0,ERROR-PASSIVE,128,0,0,0,0,6,6,0
1788435143.6031277,4187505,1984005,0.0,ERROR-PASSIVE,128,0,0,0,0,6,6,0
1788435143.6177652,4187523,1984005,0.0,ERROR-PASSIVE,128,0,0,0,0,6,6,0
1788435143.6231692,4187544,1984005,0.0,ERROR-PASSIVE,128,0,0,0,0,6,6,0
1788435143.6331446,4187579,1984005,0.0,ERROR-PASSIVE,128,0,0,0,0,6,6,0
1788435143.6431408,4187612,1984005,0.0,ERROR-PASSIVE,128,0,0,0,0,6,6,0
1788435143.6531456,4187648,1984005,0.0,ERROR-PASSIVE,128,0,0,0,0,6,6,0
1788435143.6631353,4187684,1984005,0.0,ERROR-PASSIVE,128,0,0,0,0,6,6,0
1788435143.6789985,4187718,1984005,0.0,ERROR-PASSIVE,128,0,0,0,0,6,6,0
1788435143.68313,4187752,1984005,0.0,ERROR-PASSIVE,128,0,0,0,0,6,6,0
1788435143.693163,4187790,1984005,0.0,ERROR-PASSIVE,128,0,0,0,0,6,6,0
1788435143.70311,4187823,1984005,0.0,ERROR-PASSIVE,128,0,0,0,0,6,6,0
1788435143.713176,4187846,1984005,0.0,ERROR-PASSIVE,128,0,0,0,0,6,6,0
1788435143.7276354,4187866,1984005,0.0,ERROR-PASSIVE,128,0,0,0,0,6,6,0
1788435143.733173,4187889,1984005,0.0,ERROR-PASSIVE,128,0,0,0,0,6,6,0
1788435143.7431324,4187912,1984005,0.0,ERROR-PASSIVE,128,0,0,0,0,6,6,0
1788435143.7531257,4187935,1984005,0.0,ERROR-PASSIVE,128,0,0,0,0,6,6,0
1788435143.7631345,4187951,1984005,0.0,ERROR-PASSIVE,128,0,0,0,0,6,6,0
1788435143.778538,4187963,1984005,0.0,ERROR-PASSIVE,128,0,0,0,0,6,6,0
1788435143.783172,4187982,1984005,0.0,ERROR-PASSIVE,128,0,0,0,0,6,6,0
1788435143.7931592,4188000,1984005,0.0,ERROR-PASSIVE,128,0,0,0,0,6,6,0
1788435143.8031523,4188017,1984005,0.0,ERROR-PASSIVE,128,0,0,0,0,6,6,0
1788435143.813137,4188035,1984005,0.0,ERROR-PASSIVE,128,0,0,0,0,6,6,0
1788435143.823141,4188052,1984005,0.0,ERROR-PASSIVE,128,0,0,0,0,6,6,0
1788435143.8375077,4188068,1984005,0.0,ERROR-PASSIVE,128,0,0,0,0,6,6,0
1788435143.8431385,4188107,1984005,0.0,ERROR-PASSIVE,128,0,0,0,0,6,6,0
1788435143.8530865,4188145,1984005,0.0,ERROR-PASSIVE,128,0,0,0,0,6,6,0
1788435143.863085,4188177,1984005,0.0,ERROR-PASSIVE,128,0,0,0,0,6,6,0
1788435143.8730829,4188198,1984005,0.0,ERROR-PASSIVE,128,0,0,0,0,6,6,0
1788435143.8874698,4188219,1984005,0.0,ERROR-PASSIVE,128,0,0,0,0,6,6,0
1788435143.8931334,4188241,1984005,0.0,ERROR-PASSIVE,128,0,0,0,0,6,6,0
1788435143.9030836,4188264,1984005,0.0,ERROR-PASSIVE,128,0,0,0,0,6,6,0
1788435143.913131,4188286,1984005,0.0,ERROR-PASSIVE,128,0,0,0,0,6,6,0
1788435143.9230864,4188307,1984005,0.0,ERROR-PASSIVE,128,0,0,0,0,6,6,0
1788435143.9330747,4188329,1984005,0.0,ERROR-PASSIVE,128,0,0,0,0,6,6,0
1788435143.948417,4188352,1984005,0.0,ERROR-PASSIVE,128,0,0,0,0,6,6,0
1788435143.9530978,4188374,1984005,0.0,ERROR-PASSIVE,128,0,0,0,0,6,6,0
1788435143.9631395,4188396,1984005,0.0,ERROR-PASSIVE,128,0,0,0,0,6,6,0
1788435143.9731674,4188416,1984005,0.0,ERROR-PASSIVE,128,0,0,0,0,6,6,0
1788435143.9831538,4188439,1984005,0.0,ERROR-PASSIVE,128,0,0,0,0,6,6,0
1788435143.9931133,4188461,1984005,0.0,ERROR-PASSIVE,128,0,0,0,0,6,6,0
1788435144.0078714,4188482,1984005,0.0,ERROR-PASSIVE,128,0,0,0,0,6,6,0
1788435144.01315,4188505,1984005,0.0,ERROR-PASSIVE,128,0,0,0,0,6,6,0
1788435144.0230854,4188528,1984005,0.0,ERROR-PASSIVE,128,0,0,0,0,6,6,0
1788435144.0330896,4188550,1984005,0.0,ERROR-PASSIVE,128,0,0,0,0,6,6,0
1788435144.0430815,4188573,1984005,0.0,ERROR-PASSIVE,128,0,0,0,0,6,6,0
1788435144.056851,4188588,1984005,0.0,ERROR-PASSIVE,128,0,0,0,0,6,6,0
1788435144.063105,4188599,1984005,0.0,ERROR-PASSIVE,128,0,0,0,0,6,6,0
1788435144.0730984,4188620,1984005,0.0,ERROR-PASSIVE,128,0,0,0,0,6,6,0
1788435144.0831108,4188631,1984005,0.0,ERROR-PASSIVE,128,0,0,0,0,6,6,0
1788435144.0931087,4188646,1984005,0.0,ERROR-PASSIVE,128,0,0,0,0,6,6,0
1788435144.103111,4188661,1984005,0.0,ERROR-PASSIVE,128,0,0,0,0,6,6,0
1788435144.117419,4188679,1984005,0.0,ERROR-PASSIVE,128,0,0,0,0,6,6,0
1788435144.123164,4188693,1984005,0.0,ERROR-PASSIVE,128,0,0,0,0,6,6,0
1788435144.1330895,4188707,1984005,0.0,ERROR-PASSIVE,128,0,0,0,0,6,6,0
1788435144.1430805,4188723,1984005,0.0,ERROR-PASSIVE,128,0,0,0,0,6,6,0
1788435144.1531324,4188746,1984005,0.0,ERROR-PASSIVE,128,0,0,0,0,6,6,0
1788435144.1630847,4188768,1984005,0.0,ERROR-PASSIVE,128,0,0,0,0,6,6,0
1788435144.1777477,4188803,1984005,0.0,ERROR-PASSIVE,128,0,0,0,0,6,6,0
1788435144.1831598,4188834,1984005,0.0,ERROR-PASSIVE,128,0,0,0,0,6,6,0
1788435144.1931152,4188865,1984005,0.0,ERROR-PASSIVE,128,0,0,0,0,6,6,0
1788435144.20307,4188902,1984005,0.0,ERROR-PASSIVE,128,0,0,0,0,6,6,0
1788435144.2131703,4188939,1984005,0.0,ERROR-PASSIVE,128,0,0,0,0,6,6,0
1788435144.2279143,4188963,1984005,0.0,ERROR-PASSIVE,128,0,0,0,0,6,6,0
1788435144.2331493,4188986,1984005,0.0,ERROR-PASSIVE,128,0,0,0,0,6,6,0
1788435144.2431738,4189005,1984005,0.0,ERROR-PASSIVE,128,0,0,0,0,6,6,0
1788435144.2531466,4189017,1984005,0.0,ERROR-PASSIVE,128,0,0,0,0,6,6,0
1788435144.2631507,4189034,1984005,0.0,ERROR-PASSIVE,128,0,0,0,0,6,6,0
1788435144.2731338,4189056,1984005,0.0,ERROR-PASSIVE,128,0,0,0,0,6,6,0
1788435144.2878027,4189075,1984005,0.0,ERROR-PASSIVE,128,0,0,0,0,6,6,0
1788435144.2931628,4189089,1984005,0.0,ERROR-PASSIVE,128,0,0,0,0,6,6,0
1788435144.3031511,4189104,1984005,0.0,ERROR-PASSIVE,128,0,0,0,0,6,6,0
1788435144.313133,4189123,1984005,0.0,ERROR-PASSIVE,128,0,0,0,0,6,6,0
1788435144.323142,4189147,1984005,0.0,ERROR-PASSIVE,128,0,0,0,0,6,6,0
1788435144.3377573,4189184,1984005,0.0,ERROR-PASSIVE,128,0,0,0,0,6,6,0
1788435144.3431582,4189218,1984005,0.0,ERROR-PASSIVE,128,0,0,0,0,6,6,0
1788435144.353146,4189254,1984005,0.0,ERROR-PASSIVE,128,0,0,0,0,6,6,0
1788435144.3631406,4189280,1984005,0.0,ERROR-PASSIVE,128,0,0,0,0,6,6,0
1788435144.3731363,4189303,1984005,0.0,ERROR-PASSIVE,128,0,0,0,0,6,6,0
1788435144.3831265,4189326,1984005,0.0,ERROR-PASSIVE,128,0,0,0,0,6,6,0
1788435144.3973732,4189349,1984005,0.0,ERROR-PASSIVE,128,0,0,0,0,6,6,0
1788435144.4032328,4189370,1984005,0.0,ERROR-PASSIVE,128,0,0,0,0,6,6,0
1788435144.4131577,4189393,1984005,0.0,ERROR-PASSIVE,128,0,0,0,0,6,6,0
1788435144.4231148,4189416,1984005,0.0,ERROR-PASSIVE,128,0,0,0,0,6,6,0
1788435144.4331796,4189435,1984005,0.0,ERROR-PASSIVE,128,0,0,0,0,6,6,0
1788435144.447562,4189452,1984005,0.0,ERROR-PASSIVE,128,0,0,0,0,6,6,0
1788435144.4531467,4189465,1984005,0.0,ERROR-PASSIVE,128,0,0,0,0,6,6,0
1788435144.4631622,4189482,1984005,0.0,ERROR-PASSIVE,128,0,0,0,0,6,6,0
1788435144.4735532,4189502,1984005,0.0,ERROR-PASSIVE,128,0,0,0,0,6,6,0
1788435144.4831831,4189511,1984005,0.0,ERROR-PASSIVE,128,0,0,0,0,6,6,0
1788435144.49311,4189524,1984005,0.0,ERROR-PASSIVE,128,0,0,0,0,6,6,0
1788435144.509701,4189544,1984005,0.0,ERROR-PASSIVE,128,0,0,0,0,6,6,0
1788435144.5131605,4189563,1984005,0.0,ERROR-PASSIVE,128,0,0,0,0,6,6,0
1788435144.523161,4189581,1984005,0.0,ERROR-PASSIVE,128,0,0,0,0,6,6,0
1788435144.533142,4189592,1984005,0.0,ERROR-PASSIVE,128,0,0,0,0,6,6,0
1788435144.5431488,4189613,1984005,0.0,ERROR-PASSIVE,128,0,0,0,0,6,6,0
1788435144.559517,4189625,1984005,0.0,ERROR-PASSIVE,128,0,0,0,0,6,6,0
1788435144.5631175,4189637,1984005,0.0,ERROR-PASSIVE,128,0,0,0,0,6,6,0
1788435144.5731673,4189651,1984005,0.0,ERROR-PASSIVE,128,0,0,0,0,6,6,0
1788435144.5831473,4189663,1984005,0.0,ERROR-PASSIVE,128,0,0,0,0,6,6,0
1788435144.5931334,4189677,1984005,0.0,ERROR-PASSIVE,128,0,0,0,0,6,6,0
1788435144.6031444,4189693,1984005,0.0,ERROR-PASSIVE,128,0,0,0,0,6,6,0
1788435144.6175807,4189704,1984005,0.0,ERROR-PASSIVE,128,0,0,0,0,6,6,0
1788435144.623145,4189724,1984005,0.0,ERROR-PASSIVE,128,0,0,0,0,6,6,0
1788435144.633152,4189736,1984005,0.0,ERROR-PASSIVE,128,0,0,0,0,6,6,0
1788435144.6431537,4189752,1984005,0.0,ERROR-PASSIVE,128,0,0,0,0,6,6,0
1788435144.653143,4189770,1984005,0.0,ERROR-PASSIVE,128,0,0,0,0,6,6,0
1788435144.6680262,4189786,1984005,0.0,ERROR-PASSIVE,128,0,0,0,0,6,6,0
1788435144.6732726,4189802,1984005,0.0,ERROR-PASSIVE,128,0,0,0,0,6,6,0
1788435144.6831744,4189818,1984005,0.0,ERROR-PASSIVE,128,0,0,0,0,6,6,0
1788435144.6931643,4189841,1984005,0.0,ERROR-PASSIVE,128,0,0,0,0,6,6,0
1788435144.7031713,4189855,1984005,0.0,ERROR-PASSIVE,128,0,0,0,0,6,6,0
1788435144.7131462,4189867,1984005,0.0,ERROR-PASSIVE,128,0,0,0,0,6,6,0
1788435144.7285337,4189883,1984005,0.0,ERROR-PASSIVE,128,0,0,0,0,6,6,0
1788435144.7331438,4189901,1984005,0.0,ERROR-PASSIVE,128,0,0,0,0,6,6,0
1788435144.7431693,4189916,1984005,0.0,ERROR-PASSIVE,128,0,0,0,0,6,6,0
1788435144.753148,4189932,1984005,0.0,ERROR-PASSIVE,128,0,0,0,0,6,6,0
1788435144.7631392,4189948,1984005,0.0,ERROR-PASSIVE,128,0,0,0,0,6,6,0
1788435144.773147,4189964,1984005,0.0,ERROR-PASSIVE,128,0,0,0,0,6,6,0
1788435144.790657,4189996,1984005,0.0,ERROR-PASSIVE,128,0,0,0,0,6,6,0
1788435144.793119,4190032,1984005,0.0,ERROR-PASSIVE,128,0,0,0,0,6,6,0
1788435144.8031452,4190066,1984005,0.0,ERROR-PASSIVE,128,0,0,0,0,6,6,0
1788435144.8131983,4190101,1984005,0.0,ERROR-PASSIVE,128,0,0,0,0,6,6,0
1788435144.823176,4190138,1984005,0.0,ERROR-PASSIVE,128,0,0,0,0,6,6,0
1788435144.83318,4190171,1984005,0.0,ERROR-PASSIVE,128,0,0,0,0,6,6,0
1788435144.848668,4190199,1984005,0.0,ERROR-PASSIVE,128,0,0,0,0,6,6,0
1788435144.8532193,4190228,1984005,0.0,ERROR-PASSIVE,128,0,0,0,0,6,6,0
1788435144.8631492,4190260,1984005,0.0,ERROR-PASSIVE,128,0,0,0,0,6,6,0
1788435144.8731625,4190294,1984005,0.0,ERROR-PASSIVE,128,0,0,0,0,6,6,0
1788435144.883182,4190332,1984005,0.0,ERROR-PASSIVE,128,0,0,0,0,6,6,0
1788435144.8931613,4190369,1984005,0.0,ERROR-PASSIVE,128,0,0,0,0,6,6,0
1788435144.9100752,4190406,1984005,0.0,ERROR-PASSIVE,128,0,0,0,0,6,6,0
1788435144.9131231,4190440,1984005,0.0,ERROR-PASSIVE,128,0,0,0,0,6,6,0
1788435144.923198,4190456,1984005,0.0,ERROR-PASSIVE,128,0,0,0,0,6,6,0
1788435144.933187,4190472,1984005,0.0,ERROR-PASSIVE,128,0,0,0,0,6,6,0
1788435144.9431372,4190488,1984005,0.0,ERROR-PASSIVE,128,0,0,0,0,6,6,0
1788435144.953183,4190502,1984005,0.0,ERROR-PASSIVE,128,0,0,0,0,6,6,0
1788435144.967902,4190523,1984005,0.0,ERROR-PASSIVE,128,0,0,0,0,6,6,0
1788435144.9731245,4190536,1984005,0.0,ERROR-PASSIVE,128,0,0,0,0,6,6,0
1788435144.9831405,4190550,1984005,0.0,ERROR-PASSIVE,128,0,0,0,0,6,6,0
1788435144.993091,4190573,1984005,0.0,ERROR-PASSIVE,128,0,0,0,0,6,6,0
1788435145.0031223,4190589,1984005,0.0,ERROR-PASSIVE,128,0,0,0,0,6,6,0
1788435145.019787,4190605,1984005,0.0,ERROR-PASSIVE,128,0,0,0,0,6,6,0
1788435145.0231032,4190620,1984005,0.0,ERROR-PASSIVE,128,0,0,0,0,6,6,0
1788435145.0332036,4190637,1984005,0.0,ERROR-PASSIVE,128,0,0,0,0,6,6,0
1788435145.0431697,4190647,1984005,0.0,ERROR-PASSIVE,128,0,0,0,0,6,6,0
1788435145.0531552,4190661,1984005,0.0,ERROR-PASSIVE,128,0,0,0,0,6,6,0
1788435145.067768,4190678,1984005,0.0,ERROR-PASSIVE,128,0,0,0,0,6,6,0
1788435145.0731344,4190694,1984005,0.0,ERROR-PASSIVE,128,0,0,0,0,6,6,0
1788435145.0837705,4190711,1984005,0.0,ERROR-PASSIVE,128,0,0,0,0,6,6,0
1788435145.0931275,4190722,1984005,0.0,ERROR-PASSIVE,128,0,0,0,0,6,6,0
1788435145.1031947,4190741,1984005,0.0,ERROR-PASSIVE,128,0,0,0,0,6,6,0
1788435145.1131465,4190754,1984005,0.0,ERROR-PASSIVE,128,0,0,0,0,6,6,0
1788435145.1294444,4190770,1984005,0.0,ERROR-PASSIVE,128,0,0,0,0,6,6,0
1788435145.1331236,4190787,1984005,0.0,ERROR-PASSIVE,128,0,0,0,0,6,6,0
1788435145.143172,4190808,1984005,0.0,ERROR-PASSIVE,128,0,0,0,0,6,6,0
1788435145.1531403,4190822,1984005,0.0,ERROR-PASSIVE,128,0,0,0,0,6,6,0
1788435145.1631052,4190838,1984005,0.0,ERROR-PASSIVE,128,0,0,0,0,6,6,0
1788435145.179898,4190854,1984005,0.0,ERROR-PASSIVE,128,0,0,0,0,6,6,0
1788435145.1831229,4190875,1984005,0.0,ERROR-PASSIVE,128,0,0,0,0,6,6,0
1788435145.1931686,4190891,1984005,0.0,ERROR-PASSIVE,128,0,0,0,0,6,6,0
1788435145.2031848,4190903,1984005,0.0,ERROR-PASSIVE,128,0,0,0,0,6,6,0
1788435145.2131743,4190923,1984005,0.0,ERROR-PASSIVE,128,0,0,0,0,6,6,0
1788435145.2231839,4190932,1984005,0.0,ERROR-PASSIVE,128,0,0,0,0,6,6,0
1788435145.2381954,4190947,1984005,0.0,ERROR-PASSIVE,128,0,0,0,0,6,6,0
1788435145.2431903,4190964,1984005,0.0,ERROR-PASSIVE,128,0,0,0,0,6,6,0
1788435145.2532854,4190986,1984005,0.0,ERROR-PASSIVE,128,0,0,0,0,6,6,0
1788435145.2631648,4191001,1984005,0.0,ERROR-PASSIVE,128,0,0,0,0,6,6,0
1788435145.273187,4191013,1984005,0.0,ERROR-PASSIVE,128,0,0,0,0,6,6,0
1788435145.2888467,4191032,1984005,0.0,ERROR-PASSIVE,128,0,0,0,0,6,6,0
1788435145.2931068,4191049,1984005,0.0,ERROR-PASSIVE,128,0,0,0,0,6,6,0
1788435145.3031304,4191066,1984005,0.0,ERROR-PASSIVE,128,0,0,0,0,6,6,0
1788435145.313166,4191079,1984005,0.0,ERROR-PASSIVE,128,0,0,0,0,6,6,0
1788435145.3235757,4191095,1984005,0.0,ERROR-PASSIVE,128,0,0,0,0,6,6,0
1788435145.33309,4191111,1984005,0.0,ERROR-PASSIVE,128,0,0,0,0,6,6,0
1788435145.3501902,4191126,1984005,0.0,ERROR-PASSIVE,128,0,0,0,0,6,6,0
1788435145.3531291,4191142,1984005,0.0,ERROR-PASSIVE,128,0,0,0,0,6,6,0
1788435145.3630922,4191164,1984005,0.0,ERROR-PASSIVE,128,0,0,0,0,6,6,0
1788435145.3730998,4191180,1984005,0.0,ERROR-PASSIVE,128,0,0,0,0,6,6,0
1788435145.3831804,4191191,1984005,0.0,ERROR-PASSIVE,128,0,0,0,0,6,6,0
1788435145.393155,4191209,1984005,0.0,ERROR-PASSIVE,128,0,0,0,0,6,6,0
1788435145.4087465,4191226,1984005,0.0,ERROR-PASSIVE,128,0,0,0,0,6,6,0
1788435145.413114,4191243,1984005,0.0,ERROR-PASSIVE,128,0,0,0,0,6,6,0
1788435145.4231703,4191259,1984005,0.0,ERROR-PASSIVE,128,0,0,0,0,6,6,0
1788435145.4331088,4191275,1984005,0.0,ERROR-PASSIVE,128,0,0,0,0,6,6,0
1788435145.4431243,4191290,1984005,0.0,ERROR-PASSIVE,128,0,0,0,0,6,6,0
1788435145.4605122,4191305,1984005,0.0,ERROR-PASSIVE,128,0,0,0,0,6,6,0
1788435145.4631827,4191321,1984005,0.0,ERROR-PASSIVE,128,0,0,0,0,6,6,0
1788435145.473138,4191342,1984005,0.0,ERROR-PASSIVE,128,0,0,0,0,6,6,0
1788435145.4831676,4191354,1984005,0.0,ERROR-PASSIVE,128,0,0,0,0,6,6,0
1788435145.493129,4191367,1984005,0.0,ERROR-PASSIVE,128,0,0,0,0,6,6,0
1788435145.503151,4191382,1984005,0.0,ERROR-PASSIVE,128,0,0,0,0,6,6,0
1788435145.5182123,4191398,1984005,0.0,ERROR-PASSIVE,128,0,0,0,0,6,6,0
1788435145.5230868,4191426,1984005,0.0,ERROR-PASSIVE,128,0,0,0,0,6,6,0
1788435145.5330598,4191460,1984005,0.0,ERROR-PASSIVE,128,0,0,0,0,6,6,0
1788435145.5431135,4191494,1984005,0.0,ERROR-PASSIVE,128,0,0,0,0,6,6,0
1788435145.5530536,4191527,1984005,0.0,ERROR-PASSIVE,128,0,0,0,0,6,6,0
1788435145.5630383,4191561,1984005,0.0,ERROR-PASSIVE,128,0,0,0,0,6,6,0
1788435145.5809464,4191594,1984005,0.0,ERROR-PASSIVE,128,0,0,0,0,6,6,0
1788435145.5831163,4191629,1984005,0.0,ERROR-PASSIVE,128,0,0,0,0,6,6,0
1788435145.593161,4191664,1984005,0.0,ERROR-PASSIVE,128,0,0,0,0,6,6,0
1788435145.603124,4191702,1984005,0.0,ERROR-PASSIVE,128,0,0,0,0,6,6,0
1788435145.613049,4191734,1984005,0.0,ERROR-PASSIVE,128,0,0,0,0,6,6,0
1788435145.6230893,4191762,1984005,0.0,ERROR-PASSIVE,128,0,0,0,0,6,6,0
1788435145.6373966,4191794,1984005,0.0,ERROR-PASSIVE,128,0,0,0,0,6,6,0
1788435145.643131,4191824,1984005,0.0,ERROR-PASSIVE,128,0,0,0,0,6,6,0
1788435145.6532636,4191856,1984005,0.0,ERROR-PASSIVE,128,0,0,0,0,6,6,0
1788435145.6630983,4191893,1984005,0.0,ERROR-PASSIVE,128,0,0,0,0,6,6,0
1788435145.673196,4191928,1984005,0.0,ERROR-PASSIVE,128,0,0,0,0,6,6,0
1788435145.6887481,4191957,1984005,0.0,ERROR-PASSIVE,128,0,0,0,0,6,6,0
1788435145.6932557,4191991,1984005,0.0,ERROR-PASSIVE,128,0,0,0,0,6,6,0
1788435145.7031896,4192024,1984005,0.0,ERROR-PASSIVE,128,0,0,0,0,6,6,0
1788435145.7131991,4192056,1984005,0.0,ERROR-PASSIVE,128,0,0,0,0,6,6,0
1788435145.7231529,4192077,1984005,0.0,ERROR-PASSIVE,128,0,0,0,0,6,6,0
1788435145.7388232,4192113,1984005,0.0,ERROR-PASSIVE,128,0,0,0,0,6,6,0
1788435145.7431998,4192148,1984005,0.0,ERROR-PASSIVE,128,0,0,0,0,6,6,0
1788435145.75319,4192165,1984005,0.0,ERROR-PASSIVE,128,0,0,0,0,6,6,0
1788435145.7631967,4192180,1984005,0.0,ERROR-PASSIVE,128,0,0,0,0,6,6,0
1788435145.7731497,4192200,1984005,0.0,ERROR-PASSIVE,128,0,0,0,0,6,6,0
1788435145.783204,4192230,1984005,0.0,ERROR-PASSIVE,128,0,0,0,0,6,6,0
1788435145.8009493,4192252,1984005,0.0,ERROR-PASSIVE,128,0,0,0,0,6,6,0
1788435145.8032017,4192275,1984005,0.0,ERROR-PASSIVE,128,0,0,0,0,6,6,0
1788435145.8131742,4192294,1984005,0.0,ERROR-PASSIVE,128,0,0,0,0,6,6,0
1788435145.823165,4192308,1984005,0.0,ERROR-PASSIVE,128,0,0,0,0,6,6,0
1788435145.8332129,4192325,1984005,0.0,ERROR-PASSIVE,128,0,0,0,0,6,6,0
1788435145.8431642,4192344,1984005,0.0,ERROR-PASSIVE,128,0,0,0,0,6,6,0
1788435145.8595793,4192363,1984005,0.0,ERROR-PASSIVE,128,0,0,0,0,6,6,0
1788435145.863152,4192376,1984005,0.0,ERROR-PASSIVE,128,0,0,0,0,6,6,0
1788435145.8731594,4192391,1984005,0.0,ERROR-PASSIVE,128,0,0,0,0,6,6,0
1788435145.8832426,4192412,1984005,0.0,ERROR-PASSIVE,128,0,0,0,0,6,6,0
1788435145.8932061,4192430,1984005,0.0,ERROR-PASSIVE,128,0,0,0,0,6,6,0
1788435145.9031749,4192456,1984005,0.0,ERROR-PASSIVE,128,0,0,0,0,6,6,0
1788435145.921089,4192492,1984005,0.0,ERROR-PASSIVE,128,0,0,0,0,6,6,0
1788435145.9231856,4192531,1984005,0.0,ERROR-PASSIVE,128,0,0,0,0,6,6,0
1788435145.933273,4192562,1984005,0.0,ERROR-PASSIVE,128,0,0,0,0,6,6,0
1788435145.9432237,4192574,1984005,0.0,ERROR-PASSIVE,128,0,0,0,0,6,6,0
1788435145.953227,4192590,1984005,0.0,ERROR-PASSIVE,128,0,0,0,0,6,6,0
1788435145.9632266,4192608,1984005,0.0,ERROR-PASSIVE,128,0,0,0,0,6,6,0
1788435145.9815161,4192624,1984005,0.0,ERROR-PASSIVE,128,0,0,0,0,6,6,0
1788435145.9831848,4192639,1984005,0.0,ERROR-PASSIVE,128,0,0,0,0,6,6,0
1788435145.9931831,4192649,1984005,0.0,ERROR-PASSIVE,128,0,0,0,0,6,6,0
1788435146.003177,4192671,1984005,0.0,ERROR-PASSIVE,128,0,0,0,0,6,6,0
1788435146.0131783,4192687,1984005,0.0,ERROR-PASSIVE,128,0,0,0,0,6,6,0
1788435146.0303755,4192702,1984005,0.0,ERROR-PASSIVE,128,0,0,0,0,6,6,0
1788435146.0331304,4192718,1984005,0.0,ERROR-PASSIVE,128,0,0,0,0,6,6,0
1788435146.0431964,4192739,1984005,0.0,ERROR-PASSIVE,128,0,0,0,0,6,6,0
1788435146.0532246,4192749,1984005,0.0,ERROR-PASSIVE,128,0,0,0,0,6,6,0
1788435146.0631917,4192771,1984005,0.0,ERROR-PASSIVE,128,0,0,0,0,6,6,0
1788435146.0731587,4192807,1984005,0.0,ERROR-PASSIVE,128,0,0,0,0,6,6,0
1788435146.0895994,4192845,1984005,0.0,ERROR-PASSIVE,128,0,0,0,0,6,6,0
1788435146.093172,4192879,1984005,0.0,ERROR-PASSIVE,128,0,0,0,0,6,6,0
1788435146.1031709,4192910,1984005,0.0,ERROR-PASSIVE,128,0,0,0,0,6,6,0
1788435146.1132038,4192937,1984005,0.0,ERROR-PASSIVE,128,0,0,0,0,6,6,0
1788435146.1231844,4192969,1984005,0.0,ERROR-PASSIVE,128,0,0,0,0,6,6,0
1788435146.1331792,4192992,1984005,0.0,ERROR-PASSIVE,128,0,0,0,0,6,6,0
1788435146.1504352,4193015,1984005,0.0,ERROR-PASSIVE,128,0,0,0,0,6,6,0
1788435146.153132,4193038,1984005,0.0,ERROR-PASSIVE,128,0,0,0,0,6,6,0
1788435146.16316,4193057,1984005,0.0,ERROR-PASSIVE,128,0,0,0,0,6,6,0
1788435146.173146,4193069,1984005,0.0,ERROR-PASSIVE,128,0,0,0,0,6,6,0
1788435146.1831462,4193085,1984005,0.0,ERROR-PASSIVE,128,0,0,0,0,6,6,0
1788435146.1931465,4193108,1984005,0.0,ERROR-PASSIVE,128,0,0,0,0,6,6,0
1788435146.2084076,4193125,1984005,0.0,ERROR-PASSIVE,128,0,0,0,0,6,6,0
1788435146.2131102,4193153,1984005,0.0,ERROR-PASSIVE,128,0,0,0,0,6,6,0
1788435146.2231426,4193178,1984005,0.0,ERROR-PASSIVE,128,0,0,0,0,6,6,0
1788435146.2331662,4193211,1984005,0.0,ERROR-PASSIVE,128,0,0,0,0,6,6,0
1788435146.2431948,4193236,1984005,0.0,ERROR-PASSIVE,128,0,0,0,0,6,6,0
1788435146.2578638,4193258,1984005,0.0,ERROR-PASSIVE,128,0,0,0,0,6,6,0
1788435146.263121,4193279,1984005,0.0,ERROR-PASSIVE,128,0,0,0,0,6,6,0
1788435146.273156,4193301,1984005,0.0,ERROR-PASSIVE,128,0,0,0,0,6,6,0
1788435146.2831454,4193315,1984005,0.0,ERROR-PASSIVE,128,0,0,0,0,6,6,0
1788435146.293142,4193325,1984005,0.0,ERROR-PASSIVE,128,0,0,0,0,6,6,0
1788435146.3031378,4193341,1984005,0.0,ERROR-PASSIVE,128,0,0,0,0,6,6,0
1788435146.3194737,4193362,1984005,0.0,ERROR-PASSIVE,128,0,0,0,0,6,6,0
1788435146.3231072,4193397,1984005,0.0,ERROR-PASSIVE,128,0,0,0,0,6,6,0
1788435146.3331556,4193428,1984005,0.0,ERROR-PASSIVE,128,0,0,0,0,6,6,0
1788435146.3431442,4193451,1984005,0.0,ERROR-PASSIVE,128,0,0,0,0,6,6,0
1788435146.3531544,4193473,1984005,0.0,ERROR-PASSIVE,128,0,0,0,0,6,6,0
1788435146.3630931,4193496,1984005,0.0,ERROR-PASSIVE,128,0,0,0,0,6,6,0
1788435146.377761,4193519,1984005,0.0,ERROR-PASSIVE,128,0,0,0,0,6,6,0
1788435146.3831306,4193541,1984005,0.0,ERROR-PASSIVE,128,0,0,0,0,6,6,0
1788435146.3931777,4193564,1984005,0.0,ERROR-PASSIVE,128,0,0,0,0,6,6,0
1788435146.403151,4193585,1984005,0.0,ERROR-PASSIVE,128,0,0,0,0,6,6,0
1788435146.4131348,4193608,1984005,0.0,ERROR-PASSIVE,128,0,0,0,0,6,6,0
1788435146.428233,4193629,1984005,0.0,ERROR-PASSIVE,128,0,0,0,0,6,6,0
1788435146.4331307,4193652,1984005,0.0,ERROR-PASSIVE,128,0,0,0,0,6,6,0
1788435146.4431493,4193675,1984005,0.0,ERROR-PASSIVE,128,0,0,0,0,6,6,0
1788435146.4531443,4193695,1984005,0.0,ERROR-PASSIVE,128,0,0,0,0,6,6,0
1788435146.4631438,4193718,1984005,0.0,ERROR-PASSIVE,128,0,0,0,0,6,6,0
1788435146.479103,4193737,1984005,0.0,ERROR-PASSIVE,128,0,0,0,0,6,6,0
1788435146.4831502,4193756,1984005,0.0,ERROR-PASSIVE,128,0,0,0,0,6,6,0
1788435146.4931512,4193785,1984005,0.0,ERROR-PASSIVE,128,0,0,0,0,6,6,0
1788435146.5031385,4193808,1984005,0.0,ERROR-PASSIVE,128,0,0,0,0,6,6,0
1788435146.5131333,4193831,1984005,0.0,ERROR-PASSIVE,128,0,0,0,0,6,6,0
1788435146.5231302,4193853,1984005,0.0,ERROR-PASSIVE,128,0,0,0,0,6,6,0
1788435146.5376625,4193869,1984005,0.0,ERROR-PASSIVE,128,0,0,0,0,6,6,0
1788435146.5431232,4193885,1984005,0.0,ERROR-PASSIVE,128,0,0,0,0,6,6,0
1788435146.5531552,4193902,1984005,0.0,ERROR-PASSIVE,128,0,0,0,0,6,6,0
1788435146.563137,4193920,1984005,0.0,ERROR-PASSIVE,128,0,0,0,0,6,6,0
1788435146.573122,4193939,1984005,0.0,ERROR-PASSIVE,128,0,0,0,0,6,6,0
1788435146.5892978,4193965,1984005,0.0,ERROR-PASSIVE,128,0,0,0,0,6,6,0
1788435146.5931137,4193992,1984005,0.0,ERROR-PASSIVE,128,0,0,0,0,6,6,0
1788435146.6031454,4194028,1984005,0.0,ERROR-PASSIVE,128,0,0,0,0,6,6,0
1788435146.6131349,4194051,1984005,0.0,ERROR-PASSIVE,128,0,0,0,0,6,6,0
1788435146.623127,4194064,1984005,0.0,ERROR-PASSIVE,128,0,0,0,0,6,6,0
1788435146.6331313,4194080,1984005,0.0,ERROR-PASSIVE,128,0,0,0,0,6,6,0
1788435146.649056,4194096,1984005,0.0,ERROR-PASSIVE,128,0,0,0,0,6,6,0
1788435146.6531043,4194111,1984005,0.0,ERROR-PASSIVE,128,0,0,0,0,6,6,0
1788435146.6631477,4194134,1984005,0.0,ERROR-PASSIVE,128,0,0,0,0,6,6,0
1788435146.6731465,4194161,1984005,0.0,ERROR-PASSIVE,128,0,0,0,0,6,6,0
1788435146.6831777,4194189,1984005,0.0,ERROR-PASSIVE,128,0,0,0,0,6,6,0
1788435146.699106,4194221,1984005,0.0,ERROR-PASSIVE,128,0,0,0,0,6,6,0
1788435146.7031612,4194244,1984005,0.0,ERROR-PASSIVE,128,0,0,0,0,6,6,0
1788435146.7131472,4194262,1984005,0.0,ERROR-PASSIVE,128,0,0,0,0,6,6,0
1788435146.7231398,4194273,1984005,0.0,ERROR-PASSIVE,128,0,0,0,0,6,6,0
1788435146.7331293,4194306,1984005,0.0,ERROR-PASSIVE,128,0,0,0,0,6,6,0
1788435146.7431448,4194326,1984005,0.0,ERROR-PASSIVE,128,0,0,0,0,6,6,0
1788435146.7590585,4194340,1984005,0.0,ERROR-PASSIVE,128,0,0,0,0,6,6,0
1788435146.7631137,4194356,1984005,0.0,ERROR-PASSIVE,128,0,0,0,0,6,6,0
1788435146.7731526,4194379,1984005,0.0,ERROR-PASSIVE,128,0,0,0,0,6,6,0
1788435146.7831552,4194392,1984005,0.0,ERROR-PASSIVE,128,0,0,0,0,6,6,0
1788435146.7931473,4194406,1984005,0.0,ERROR-PASSIVE,128,0,0,0,0,6,6,0
1788435146.807823,4194433,1984005,0.0,ERROR-PASSIVE,128,0,0,0,0,6,6,0
1788435146.8131871,4194466,1984005,0.0,ERROR-PASSIVE,128,0,0,0,0,6,6,0
1788435146.8231418,4194502,1984005,0.0,ERROR-PASSIVE,128,0,0,0,0,6,6,0
1788435146.833162,4194526,1984005,0.0,ERROR-PASSIVE,128,0,0,0,0,6,6,0
1788435146.8431425,4194547,1984005,0.0,ERROR-PASSIVE,128,0,0,0,0,6,6,0
1788435146.8585937,4194570,1984005,0.0,ERROR-PASSIVE,128,0,0,0,0,6,6,0
1788435146.8631394,4194591,1984005,0.0,ERROR-PASSIVE,128,0,0,0,0,6,6,0
1788435146.8731556,4194607,1984005,0.0,ERROR-PASSIVE,128,0,0,0,0,6,6,0
1788435146.8831441,4194623,1984005,0.0,ERROR-PASSIVE,128,0,0,0,0,6,6,0
1788435146.893118,4194638,1984005,0.0,ERROR-PASSIVE,128,0,0,0,0,6,6,0
1788435146.9031255,4194649,1984005,0.0,ERROR-PASSIVE,128,0,0,0,0,6,6,0
1788435146.919045,4194665,1984005,0.0,ERROR-PASSIVE,128,0,0,0,0,6,6,0
1788435146.9231617,4194683,1984005,0.0,ERROR-PASSIVE,128,0,0,0,0,6,6,0
1788435146.9331458,4194701,1984005,0.0,ERROR-PASSIVE,128,0,0,0,0,6,6,0
1788435146.9432216,4194719,1984005,0.0,ERROR-PASSIVE,128,0,0,0,0,6,6,0
1788435146.9531758,4194733,1984005,0.0,ERROR-PASSIVE,128,0,0,0,0,6,6,0
1788435146.969481,4194749,1984005,0.0,ERROR-PASSIVE,128,0,0,0,0,6,6,0
1788435146.9731007,4194771,1984005,0.0,ERROR-PASSIVE,128,0,0,0,0,6,6,0
1788435146.9830732,4194787,1984005,0.0,ERROR-PASSIVE,128,0,0,0,0,6,6,0
1788435146.9930756,4194803,1984005,0.0,ERROR-PASSIVE,128,0,0,0,0,6,6,0
1788435147.0031528,4194819,1984005,0.0,ERROR-PASSIVE,128,0,0,0,0,6,6,0
1788435147.0131292,4194838,1984005,0.0,ERROR-PASSIVE,128,0,0,0,0,6,6,0
1788435147.0276265,4194853,1984005,0.0,ERROR-PASSIVE,128,0,0,0,0,6,6,0
1788435147.0331995,4194870,1984005,0.0,ERROR-PASSIVE,128,0,0,0,0,6,6,0
1788435147.043172,4194887,1984005,0.0,ERROR-PASSIVE,128,0,0,0,0,6,6,0
1788435147.0531476,4194907,1984005,0.0,ERROR-PASSIVE,128,0,0,0,0,6,6,0
1788435147.0631416,4194919,1984005,0.0,ERROR-PASSIVE,128,0,0,0,0,6,6,0
1788435147.0777984,4194931,1984005,0.0,ERROR-PASSIVE,128,0,0,0,0,6,6,0
1788435147.0831037,4194954,1984005,0.0,ERROR-PASSIVE,128,0,0,0,0,6,6,0
1788435147.0931594,4194970,1984005,0.0,ERROR-PASSIVE,128,0,0,0,0,6,6,0
1788435147.1031506,4194984,1984005,0.0,ERROR-PASSIVE,128,0,0,0,0,6,6,0
1788435147.1131418,4195002,1984005,0.0,ERROR-PASSIVE,128,0,0,0,0,6,6,0
1788435147.127921,4195021,1984005,0.0,ERROR-PASSIVE,128,0,0,0,0,6,6,0
1788435147.1331234,4195036,1984005,0.0,ERROR-PASSIVE,128,0,0,0,0,6,6,0
1788435147.1431437,4195051,1984005,0.0,ERROR-PASSIVE,128,0,0,0,0,6,6,0
1788435147.1531355,4195067,1984005,0.0,ERROR-PASSIVE,128,0,0,0,0,6,6,0
1788435147.1631403,4195084,1984005,0.0,ERROR-PASSIVE,128,0,0,0,0,6,6,0
1788435147.17311,4195097,1984005,0.0,ERROR-PASSIVE,128,0,0,0,0,6,6,0
1788435147.1894908,4195108,1984005,0.0,ERROR-PASSIVE,128,0,0,0,0,6,6,0
1788435147.1931589,4195137,1984005,0.0,ERROR-PASSIVE,128,0,0,0,0,6,6,0
1788435147.2030869,4195172,1984005,0.0,ERROR-PASSIVE,128,0,0,0,0,6,6,0
1788435147.2130952,4195207,1984005,0.0,ERROR-PASSIVE,128,0,0,0,0,6,6,0
1788435147.2230496,4195239,1984005,0.0,ERROR-PASSIVE,128,0,0,0,0,6,6,0
1788435147.2330992,4195276,1984005,0.0,ERROR-PASSIVE,128,0,0,0,0,6,6,0
1788435147.2511132,4195312,1984005,0.0,ERROR-PASSIVE,128,0,0,0,0,6,6,0
1788435147.25311,4195333,1984005,0.0,ERROR-PASSIVE,128,0,0,0,0,6,6,0
1788435147.2631435,4195363,1984005,0.0,ERROR-PASSIVE,128,0,0,0,0,6,6,0
1788435147.2730706,4195395,1984005,0.0,ERROR-PASSIVE,128,0,0,0,0,6,6,0
1788435147.283103,4195429,1984005,0.0,ERROR-PASSIVE,128,0,0,0,0,6,6,0
1788435147.2932396,4195464,1984005,0.0,ERROR-PASSIVE,128,0,0,0,0,6,6,0
1788435147.30753,4195490,1984005,0.0,ERROR-PASSIVE,128,0,0,0,0,6,6,0
1788435147.3131626,4195516,1984005,0.0,ERROR-PASSIVE,128,0,0,0,0,6,6,0
1788435147.3232174,4195551,1984005,0.0,ERROR-PASSIVE,128,0,0,0,0,6,6,0
1788435147.3330598,4195588,1984005,0.0,ERROR-PASSIVE,128,0,0,0,0,6,6,0
1788435147.3431416,4195605,1984005,0.0,ERROR-PASSIVE,128,0,0,0,0,6,6,0
1788435147.3530736,4195620,1984005,0.0,ERROR-PASSIVE,128,0,0,0,0,6,6,0
1788435147.37097,4195636,1984005,0.0,ERROR-PASSIVE,128,0,0,0,0,6,6,0
1788435147.3731015,4195658,1984005,0.0,ERROR-PASSIVE,128,0,0,0,0,6,6,0
1788435147.3832152,4195669,1984005,0.0,ERROR-PASSIVE,128,0,0,0,0,6,6,0
1788435147.3932276,4195701,1984005,0.0,ERROR-PASSIVE,128,0,0,0,0,6,6,0
1788435147.4032145,4195734,1984005,0.0,ERROR-PASSIVE,128,0,0,0,0,6,6,0
1788435147.4193976,4195769,1984005,0.0,ERROR-PASSIVE,128,0,0,0,0,6,6,0
1788435147.4230814,4195801,1984005,0.0,ERROR-PASSIVE,128,0,0,0,0,6,6,0
1788435147.4331849,4195828,1984005,0.0,ERROR-PASSIVE,128,0,0,0,0,6,6,0
1788435147.443126,4195859,1984005,0.0,ERROR-PASSIVE,128,0,0,0,0,6,6,0
1788435147.453171,4195882,1984005,0.0,ERROR-PASSIVE,128,0,0,0,0,6,6,0
1788435147.463112,4195904,1984005,0.0,ERROR-PASSIVE,128,0,0,0,0,6,6,0
1788435147.482646,4195927,1984005,0.0,ERROR-PASSIVE,128,0,0,0,0,6,6,0
1788435147.4831178,4195950,1984005,0.0,ERROR-PASSIVE,128,0,0,0,0,6,6,0
1788435147.493131,4195972,1984005,0.0,ERROR-PASSIVE,128,0,0,0,0,6,6,0
1788435147.5031502,4195995,1984005,0.0,ERROR-PASSIVE,128,0,0,0,0,6,6,0
1788435147.5130608,4196017,1984005,0.0,ERROR-PASSIVE,128,0,0,0,0,6,6,0
1788435147.5230997,4196033,1984005,0.0,ERROR-PASSIVE,128,0,0,0,0,6,6,0
1788435147.5383024,4196062,1984005,0.0,ERROR-PASSIVE,128,0,0,0,0,6,6,0
1788435147.5431385,4196084,1984005,0.0,ERROR-PASSIVE,128,0,0,0,0,6,6,0
1788435147.55319,4196107,1984005,0.0,ERROR-PASSIVE,128,0,0,0,0,6,6,0
1788435147.563102,4196130,1984005,0.0,ERROR-PASSIVE,128,0,0,0,0,6,6,0
1788435147.5731566,4196153,1984005,0.0,ERROR-PASSIVE,128,0,0,0,0,6,6,0
1788435147.5883346,4196176,1984005,0.0,ERROR-PASSIVE,128,0,0,0,0,6,6,0
1788435147.5931392,4196192,1984005,0.0,ERROR-PASSIVE,128,0,0,0,0,6,6,0
1788435147.6030579,4196215,1984005,0.0,ERROR-PASSIVE,128,0,0,0,0,6,6,0
1788435147.6130495,4196234,1984005,0.0,ERROR-PASSIVE,128,0,0,0,0,6,6,0
1788435147.6231394,4196245,1984005,0.0,ERROR-PASSIVE,128,0,0,0,0,6,6,0
1788435147.6330712,4196269,1984005,0.0,ERROR-PASSIVE,128,0,0,0,0,6,6,0
1788435147.6512978,4196302,1984005,0.0,ERROR-PASSIVE,128,0,0,0,0,6,6,0
1788435147.6531107,4196325,1984005,0.0,ERROR-PASSIVE,128,0,0,0,0,6,6,0
1788435147.663143,4196347,1984005,0.0,ERROR-PASSIVE,128,0,0,0,0,6,6,0
1788435147.6730692,4196366,1984005,0.0,ERROR-PASSIVE,128,0,0,0,0,6,6,0
1788435147.683048,4196389,1984005,0.0,ERROR-PASSIVE,128,0,0,0,0,6,6,0
1788435147.7006195,4196411,1984005,0.0,ERROR-PASSIVE,128,0,0,0,0,6,6,0
1788435147.7031178,4196431,1984005,0.0,ERROR-PASSIVE,128,0,0,0,0,6,6,0
1788435147.7132232,4196454,1984005,0.0,ERROR-PASSIVE,128,0,0,0,0,6,6,0
1788435147.7231555,4196477,1984005,0.0,ERROR-PASSIVE,128,0,0,0,0,6,6,0
1788435147.7331486,4196493,1984005,0.0,ERROR-PASSIVE,128,0,0,0,0,6,6,0
1788435147.743139,4196505,1984005,0.0,ERROR-PASSIVE,128,0,0,0,0,6,6,0
1788435147.757553,4196525,1984005,0.0,ERROR-PASSIVE,128,0,0,0,0,6,6,0
1788435147.7631981,4196543,1984005,0.0,ERROR-PASSIVE,128,0,0,0,0,6,6,0
1788435147.773214,4196578,1984005,0.0,ERROR-PASSIVE,128,0,0,0,0,6,6,0
1788435147.7831073,4196608,1984005,0.0,ERROR-PASSIVE,128,0,0,0,0,6,6,0
1788435147.7932892,4196628,1984005,0.0,ERROR-PASSIVE,128,0,0,0,0,6,6,0
1788435147.8031673,4196651,1984005,0.0,ERROR-PASSIVE,128,0,0,0,0,6,6,0
1788435147.820019,4196674,1984005,0.0,ERROR-PASSIVE,128,0,0,0,0,6,6,0
1788435147.8231058,4196694,1984005,0.0,ERROR-PASSIVE,128,0,0,0,0,6,6,0
1788435147.833105,4196716,1984005,0.0,ERROR-PASSIVE,128,0,0,0,0,6,6,0
1788435147.8430524,4196739,1984005,0.0,ERROR-PASSIVE,128,0,0,0,0,6,6,0
1788435147.8530512,4196762,1984005,0.0,ERROR-PASSIVE,128,0,0,0,0,6,6,0
1788435147.8630881,4196785,1984005,0.0,ERROR-PASSIVE,128,0,0,0,0,6,6,0
1788435147.878586,4196807,1984005,0.0,ERROR-PASSIVE,128,0,0,0,0,6,6,0
1788435147.883087,4196830,1984005,0.0,ERROR-PASSIVE,128,0,0,0,0,6,6,0
1788435147.8932045,4196853,1984005,0.0,ERROR-PASSIVE,128,0,0,0,0,6,6,0
1788435147.903211,4196870,1984005,0.0,ERROR-PASSIVE,128,0,0,0,0,6,6,0
1788435147.9131274,4196891,1984005,0.0,ERROR-PASSIVE,128,0,0,0,0,6,6,0
1788435147.9326496,4196914,1984005,0.0,ERROR-PASSIVE,128,0,0,0,0,6,6,0
1788435147.93315,4196936,1984005,0.0,ERROR-PASSIVE,128,0,0,0,0,6,6,0
1788435147.9432096,4196954,1984005,0.0,ERROR-PASSIVE,128,0,0,0,0,6,6,0
1788435147.9532142,4196971,1984005,0.0,ERROR-PASSIVE,128,0,0,0,0,6,6,0
1788435147.9631536,4196984,1984005,0.0,ERROR-PASSIVE,128,0,0,0,0,6,6,0
1788435147.980107,4197003,1984005,0.0,ERROR-PASSIVE,128,0,0,0,0,6,6,0
1788435147.9831214,4197021,1984005,0.0,ERROR-PASSIVE,128,0,0,0,0,6,6,0
1788435147.9931598,4197035,1984005,0.0,ERROR-PASSIVE,128,0,0,0,0,6,6,0
1788435148.0031931,4197050,1984005,0.0,ERROR-PASSIVE,128,0,0,0,0,6,6,0
1788435148.0131507,4197072,1984005,0.0,ERROR-PASSIVE,128,0,0,0,0,6,6,0
1788435148.0231512,4197093,1984005,0.0,ERROR-PASSIVE,128,0,0,0,0,6,6,0
1788435148.037823,4197132,1984005,0.0,ERROR-PASSIVE,128,0,0,0,0,6,6,0
1788435148.0431998,4197173,1984005,0.0,ERROR-PASSIVE,128,0,0,0,0,6,6,0
1788435148.0531843,4197203,1984005,0.0,ERROR-PASSIVE,128,0,0,0,0,6,6,0
1788435148.0633085,4197224,1984005,0.0,ERROR-PASSIVE,128,0,0,0,0,6,6,0
1788435148.073096,4197247,1984005,0.0,ERROR-PASSIVE,128,0,0,0,0,6,6,0
1788435148.0831368,4197268,1984005,0.0,ERROR-PASSIVE,128,0,0,0,0,6,6,0
1788435148.1009104,4197290,1984005,0.0,ERROR-PASSIVE,128,0,0,0,0,6,6,0
1788435148.1031606,4197312,1984005,0.0,ERROR-PASSIVE,128,0,0,0,0,6,6,0
1788435148.1130915,4197335,1984005,0.0,ERROR-PASSIVE,128,0,0,0,0,6,6,0
1788435148.123169,4197348,1984005,0.0,ERROR-PASSIVE,128,0,0,0,0,6,6,0
1788435148.1331553,4197380,1984005,0.0,ERROR-PASSIVE,128,0,0,0,0,6,6,0
1788435148.1483624,4197403,1984005,0.0,ERROR-PASSIVE,128,0,0,0,0,6,6,0
1788435148.1531434,4197426,1984005,0.0,ERROR-PASSIVE,128,0,0,0,0,6,6,0
1788435148.163171,4197447,1984005,0.0,ERROR-PASSIVE,128,0,0,0,0,6,6,0
1788435148.1731815,4197468,1984005,0.0,ERROR-PASSIVE,128,0,0,0,0,6,6,0
1788435148.1831448,4197489,1984005,0.0,ERROR-PASSIVE,128,0,0,0,0,6,6,0
1788435148.193164,4197512,1984005,0.0,ERROR-PASSIVE,128,0,0,0,0,6,6,0
1788435148.2078261,4197531,1984005,0.0,ERROR-PASSIVE,128,0,0,0,0,6,6,0
1788435148.2132106,4197553,1984005,0.0,ERROR-PASSIVE,128,0,0,0,0,6,6,0
1788435148.2231858,4197575,1984005,0.0,ERROR-PASSIVE,128,0,0,0,0,6,6,0
1788435148.233117,4197597,1984005,0.0,ERROR-PASSIVE,128,0,0,0,0,6,6,0
1788435148.243255,4197617,1984005,0.0,ERROR-PASSIVE,128,0,0,0,0,6,6,0
1788435148.2531188,4197640,1984005,0.0,ERROR-PASSIVE,128,0,0,0,0,6,6,0
1788435148.26903,4197663,1984005,0.0,ERROR-PASSIVE,128,0,0,0,0,6,6,0
1788435148.2732222,4197679,1984005,0.0,ERROR-PASSIVE,128,0,0,0,0,6,6,0
1788435148.2831876,4197701,1984005,0.0,ERROR-PASSIVE,128,0,0,0,0,6,6,0
1788435148.2932272,4197723,1984005,0.0,ERROR-PASSIVE,128,0,0,0,0,6,6,0
1788435148.3031683,4197739,1984005,0.0,ERROR-PASSIVE,128,0,0,0,0,6,6,0
1788435148.313151,4197752,1984005,0.0,ERROR-PASSIVE,128,0,0,0,0,6,6,0
1788435148.328916,4197765,1984005,0.0,ERROR-PASSIVE,128,0,0,0,0,6,6,0
1788435148.3330767,4197788,1984005,0.0,ERROR-PASSIVE,128,0,0,0,0,6,6,0
1788435148.3433907,4197803,1984005,0.0,ERROR-PASSIVE,128,0,0,0,0,6,6,0
1788435148.3531263,4197819,1984005,0.0,ERROR-PASSIVE,128,0,0,0,0,6,6,0
1788435148.3631518,4197843,1984005,0.0,ERROR-PASSIVE,128,0,0,0,0,6,6,0
1788435148.3731196,4197880,1984005,0.0,ERROR-PASSIVE,128,0,0,0,0,6,6,0
1788435148.388131,4197915,1984005,0.0,ERROR-PASSIVE,128,0,0,0,0,6,6,0
1788435148.3932498,4197940,1984005,0.0,ERROR-PASSIVE,128,0,0,0,0,6,6,0
1788435148.4031577,4197962,1984005,0.0,ERROR-PASSIVE,128,0,0,0,0,6,6,0
1788435148.4131615,4197984,1984005,0.0,ERROR-PASSIVE,128,0,0,0,0,6,6,0
1788435148.4231317,4198006,1984005,0.0,ERROR-PASSIVE,128,0,0,0,0,6,6,0
1788435148.4331598,4198024,1984005,0.0,ERROR-PASSIVE,128,0,0,0,0,6,6,0
1788435148.4494102,4198039,1984005,0.0,ERROR-PASSIVE,128,0,0,0,0,6,6,0
1788435148.4531188,4198053,1984005,0.0,ERROR-PASSIVE,128,0,0,0,0,6,6,0
1788435148.4631937,4198077,1984005,0.0,ERROR-PASSIVE,128,0,0,0,0,6,6,0
1788435148.4731958,4198112,1984005,0.0,ERROR-PASSIVE,128,0,0,0,0,6,6,0
1788435148.4831996,4198138,1984005,0.0,ERROR-PASSIVE,128,0,0,0,0,6,6,0
1788435148.4932032,4198154,1984005,0.0,ERROR-PASSIVE,128,0,0,0,0,6,6,0
1788435148.513079,4198183,1984005,0.0,ERROR-PASSIVE,128,0,0,0,0,6,6,0
1788435148.5133855,4198206,1984005,0.0,ERROR-PASSIVE,128,0,0,0,0,6,6,0
1788435148.5233855,4198229,1984005,0.0,ERROR-PASSIVE,128,0,0,0,0,6,6,0
1788435148.5335224,4198252,1984005,0.0,ERROR-PASSIVE,128,0,0,0,0,6,6,0
1788435148.5434391,4198271,1984005,0.0,ERROR-PASSIVE,128,0,0,0,0,6,6,0
1788435148.560478,4198294,1984005,0.0,ERROR-PASSIVE,128,0,0,0,0,6,6,0
1788435148.563498,4198312,1984005,0.0,ERROR-PASSIVE,128,0,0,0,0,6,6,0
1788435148.5734131,4198335,1984005,0.0,ERROR-PASSIVE,128,0,0,0,0,6,6,0
1788435148.5833912,4198358,1984005,0.0,ERROR-PASSIVE,128,0,0,0,0,6,6,0
1788435148.593489,4198381,1984005,0.0,ERROR-PASSIVE,128,0,0,0,0,6,6,0
1788435148.6034226,4198401,1984005,0.0,ERROR-PASSIVE,128,0,0,0,0,6,6,0
1788435148.6189868,4198424,1984005,0.0,ERROR-PASSIVE,128,0,0,0,0,6,6,0
1788435148.6234224,4198446,1984005,0.0,ERROR-PASSIVE,128,0,0,0,0,6,6,0
1788435148.6334035,4198469,1984005,0.0,ERROR-PASSIVE,128,0,0,0,0,6,6,0
1788435148.643492,4198491,1984005,0.0,ERROR-PASSIVE,128,0,0,0,0,6,6,0
1788435148.6534147,4198514,1984005,0.0,ERROR-PASSIVE,128,0,0,0,0,6,6,0
1788435148.6634498,4198537,1984005,0.0,ERROR-PASSIVE,128,0,0,0,0,6,6,0
1788435148.679229,4198559,1984005,0.0,ERROR-PASSIVE,128,0,0,0,0,6,6,0
1788435148.6833751,4198581,1984005,0.0,ERROR-PASSIVE,128,0,0,0,0,6,6,0
1788435148.6935408,4198603,1984005,0.0,ERROR-PASSIVE,128,0,0,0,0,6,6,0
1788435148.703427,4198626,1984005,0.0,ERROR-PASSIVE,128,0,0,0,0,6,6,0
1788435148.7134156,4198648,1984005,0.0,ERROR-PASSIVE,128,0,0,0,0,6,6,0
1788435148.723391,4198671,1984005,0.0,ERROR-PASSIVE,128,0,0,0,0,6,6,0
1788435148.7407966,4198692,1984005,0.0,ERROR-PASSIVE,128,0,0,0,0,6,6,0
1788435148.7434165,4198715,1984005,0.0,ERROR-PASSIVE,128,0,0,0,0,6,6,0
1788435148.7533557,4198737,1984005,0.0,ERROR-PASSIVE,128,0,0,0,0,6,6,0
1788435148.763472,4198760,1984005,0.0,ERROR-PASSIVE,128,0,0,0,0,6,6,0
1788435148.7733753,4198777,1984005,0.0,ERROR-PASSIVE,128,0,0,0,0,6,6,0
1788435148.7905192,4198791,1984005,0.0,ERROR-PASSIVE,128,0,0,0,0,6,6,0
1788435148.7934124,4198811,1984005,0.0,ERROR-PASSIVE,128,0,0,0,0,6,6,0
1788435148.8034542,4198841,1984005,0.0,ERROR-PASSIVE,128,0,0,0,0,6,6,0
1788435148.8134434,4198870,1984005,0.0,ERROR-PASSIVE,128,0,0,0,0,6,6,0
1788435148.8234534,4198893,1984005,0.0,ERROR-PASSIVE,128,0,0,0,0,6,6,0
1788435148.8398952,4198913,1984005,0.0,ERROR-PASSIVE,128,0,0,0,0,6,6,0
1788435148.843482,4198936,1984005,0.0,ERROR-PASSIVE,128,0,0,0,0,6,6,0
1788435148.8535087,4198959,1984005,0.0,ERROR-PASSIVE,128,0,0,0,0,6,6,0
1788435148.8635275,4198982,1984005,0.0,ERROR-PASSIVE,128,0,0,0,0,6,6,0
1788435148.8734255,4199004,1984005,0.0,ERROR-PASSIVE,128,0,0,0,0,6,6,0
1788435148.8834043,4199026,1984005,0.0,ERROR-PASSIVE,128,0,0,0,0,6,6,0
1788435148.898444,4199047,1984005,0.0,ERROR-PASSIVE,128,0,0,0,0,6,6,0
1788435148.9034884,4199070,1984005,0.0,ERROR-PASSIVE,128,0,0,0,0,6,6,0
1788435148.9134812,4199092,1984005,0.0,ERROR-PASSIVE,128,0,0,0,0,6,6,0
1788435148.9234672,4199115,1984005,0.0,ERROR-PASSIVE,128,0,0,0,0,6,6,0
1788435148.93352,4199136,1984005,0.0,ERROR-PASSIVE,128,0,0,0,0,6,6,0
1788435148.9512613,4199159,1984005,0.0,ERROR-PASSIVE,128,0,0,0,0,6,6,0
1788435148.9534261,4199182,1984005,0.0,ERROR-PASSIVE,128,0,0,0,0,6,6,0
1788435148.9634604,4199205,1984005,0.0,ERROR-PASSIVE,128,0,0,0,0,6,6,0
1788435148.9734974,4199227,1984005,0.0,ERROR-PASSIVE,128,0,0,0,0,6,6,0
1788435148.9834375,4199248,1984005,0.0,ERROR-PASSIVE,128,0,0,0,0,6,6,0
1788435149.000466,4199269,1984005,0.0,ERROR-PASSIVE,128,0,0,0,0,6,6,0
1788435149.003439,4199292,1984005,0.0,ERROR-PASSIVE,128,0,0,0,0,6,6,0
1788435149.0134943,4199307,1984005,0.0,ERROR-PASSIVE,128,0,0,0,0,6,6,0
1788435149.0234978,4199324,1984005,0.0,ERROR-PASSIVE,128,0,0,0,0,6,6,0
1788435149.0334656,4199336,1984005,0.0,ERROR-PASSIVE,128,0,0,0,0,6,6,0
1788435149.0501032,4199358,1984005,0.0,ERROR-PASSIVE,128,0,0,0,0,6,6,0
1788435149.0534139,4199374,1984005,0.0,ERROR-PASSIVE,128,0,0,0,0,6,6,0
1788435149.063468,4199391,1984005,0.0,ERROR-PASSIVE,128,0,0,0,0,6,6,0
1788435149.0735066,4199407,1984005,0.0,ERROR-PASSIVE,128,0,0,0,0,6,6,0
1788435149.0834677,4199424,1984005,0.0,ERROR-PASSIVE,128,0,0,0,0,6,6,0
1788435149.093506,4199435,1984005,0.0,ERROR-PASSIVE,128,0,0,0,0,6,6,0
1788435149.113013,4199450,1984005,0.0,ERROR-PASSIVE,128,0,0,0,0,6,6,0
1788435149.1134646,4199473,1984005,0.0,ERROR-PASSIVE,128,0,0,0,0,6,6,0
1788435149.123446,4199488,1984005,0.0,ERROR-PASSIVE,128,0,0,0,0,6,6,0
1788435149.1334903,4199503,1984005,0.0,ERROR-PASSIVE,128,0,0,0,0,6,6,0
1788435149.143443,4199517,1984005,0.0,ERROR-PASSIVE,128,0,0,0,0,6,6,0
1788435149.1585035,4199537,1984005,0.0,ERROR-PASSIVE,128,0,0,0,0,6,6,0
1788435149.1634817,4199553,1984005,0.0,ERROR-PASSIVE,128,0,0,0,0,6,6,0
1788435149.173474,4199572,1984005,0.0,ERROR-PASSIVE,128,0,0,0,0,6,6,0
1788435149.1834054,4199610,1984005,0.0,ERROR-PASSIVE,128,0,0,0,0,6,6,0
1788435149.1934543,4199645,1984005,0.0,ERROR-PASSIVE,128,0,0,0,0,6,6,0
1788435149.2034478,4199679,1984005,0.0,ERROR-PASSIVE,128,0,0,0,0,6,6,0
1788435149.219793,4199707,1984005,0.0,ERROR-PASSIVE,128,0,0,0,0,6,6,0
1788435149.2234697,4199737,1984005,0.0,ERROR-PASSIVE,128,0,0,0,0,6,6,0
1788435149.2334588,4199771,1984005,0.0,ERROR-PASSIVE,128,0,0,0,0,6,6,0
1788435149.2434719,4199807,1984005,0.0,ERROR-PASSIVE,128,0,0,0,0,6,6,0
1788435149.2534866,4199838,1984005,0.0,ERROR-PASSIVE,128,0,0,0,0,6,6,0
1788435149.2691326,4199861,1984005,0.0,ERROR-PASSIVE,128,0,0,0,0,6,6,0
1788435149.2734177,4199876,1984005,0.0,ERROR-PASSIVE,128,0,0,0,0,6,6,0
1788435149.2835238,4199889,1984005,0.0,ERROR-PASSIVE,128,0,0,0,0,6,6,0
1788435149.293463,4199905,1984005,0.0,ERROR-PASSIVE,128,0,0,0,0,6,6,0
1788435149.3034873,4199927,1984005,0.0,ERROR-PASSIVE,128,0,0,0,0,6,6,0
1788435149.3197803,4199939,1984005,0.0,ERROR-PASSIVE,128,0,0,0,0,6,6,0
1788435149.3234246,4199953,1984005,0.0,ERROR-PASSIVE,128,0,0,0,0,6,6,0
1788435149.3334205,4199970,1984005,0.0,ERROR-PASSIVE,128,0,0,0,0,6,6,0
1788435149.3434236,4199986,1984005,0.0,ERROR-PASSIVE,128,0,0,0,0,6,6,0
1788435149.3534946,4200002,1984005,0.0,ERROR-PASSIVE,128,0,0,0,0,6,6,0
1788435149.3634574,4200020,1984005,0.0,ERROR-PASSIVE,128,0,0,0,0,6,6,0
1788435149.3780832,4200040,1984005,0.0,ERROR-PASSIVE,128,0,0,0,0,6,6,0
1788435149.38345,4200054,1984005,0.0,ERROR-PASSIVE,128,0,0,0,0,6,6,0
1788435149.3934584,4200071,1984005,0.0,ERROR-PASSIVE,128,0,0,0,0,6,6,0
1788435149.403465,4200087,1984005,0.0,ERROR-PASSIVE,128,0,0,0,0,6,6,0
1788435149.4135253,4200105,1984005,0.0,ERROR-PASSIVE,128,0,0,0,0,6,6,0
1788435149.4234695,4200123,1984005,0.0,ERROR-PASSIVE,128,0,0,0,0,6,6,0
1788435149.4400158,4200137,1984005,0.0,ERROR-PASSIVE,128,0,0,0,0,6,6,0
1788435149.4434829,4200154,1984005,0.0,ERROR-PASSIVE,128,0,0,0,0,6,6,0
1788435149.4535353,4200168,1984005,0.0,ERROR-PASSIVE,128,0,0,0,0,6,6,0
1788435149.4634664,4200183,1984005,0.0,ERROR-PASSIVE,128,0,0,0,0,6,6,0
1788435149.4734848,4200199,1984005,0.0,ERROR-PASSIVE,128,0,0,0,0,6,6,0
1788435149.4834485,4200221,1984005,0.0,ERROR-PASSIVE,128,0,0,0,0,6,6,0
1788435149.499709,4200236,1984005,0.0,ERROR-PASSIVE,128,0,0,0,0,6,6,0
1788435149.503414,4200248,1984005,0.0,ERROR-PASSIVE,128,0,0,0,0,6,6,0
1788435149.513436,4200273,1984005,0.0,ERROR-PASSIVE,128,0,0,0,0,6,6,0
1788435149.5234442,4200306,1984005,0.0,ERROR-PASSIVE,128,0,0,0,0,6,6,0
1788435149.5334268,4200339,1984005,0.0,ERROR-PASSIVE,128,0,0,0,0,6,6,0
1788435149.5499215,4200376,1984005,0.0,ERROR-PASSIVE,128,0,0,0,0,6,6,0
1788435149.5534108,4200412,1984005,0.0,ERROR-PASSIVE,128,0,0,0,0,6,6,0
1788435149.5634797,4200446,1984005,0.0,ERROR-PASSIVE,128,0,0,0,0,6,6,0
1788435149.5734854,4200483,1984005,0.0,ERROR-PASSIVE,128,0,0,0,0,6,6,0
1788435149.5834763,4200513,1984005,0.0,ERROR-PASSIVE,128,0,0,0,0,6,6,0
1788435149.599991,4200540,1984005,0.0,ERROR-PASSIVE,128,0,0,0,0,6,6,0
1788435149.6034925,4200574,1984005,0.0,ERROR-PASSIVE,128,0,0,0,0,6,6,0
1788435149.6135619,4200612,1984005,0.0,ERROR-PASSIVE,128,0,0,0,0,6,6,0
1788435149.6234012,4200649,1984005,0.0,ERROR-PASSIVE,128,0,0,0,0,6,6,0
1788435149.6334496,4200678,1984005,0.0,ERROR-PASSIVE,128,0,0,0,0,6,6,0
1788435149.651359,4200701,1984005,0.0,ERROR-PASSIVE,128,0,0,0,0,6,6,0
1788435149.6534238,4200722,1984005,0.0,ERROR-PASSIVE,128,0,0,0,0,6,6,0
1788435149.6634374,4200744,1984005,0.0,ERROR-PASSIVE,128,0,0,0,0,6,6,0
1788435149.6734529,4200766,1984005,0.0,ERROR-PASSIVE,128,0,0,0,0,6,6,0
1788435149.6834803,4200787,1984005,0.0,ERROR-PASSIVE,128,0,0,0,0,6,6,0
1788435149.693501,4200810,1984005,0.0,ERROR-PASSIVE,128,0,0,0,0,6,6,0
1788435149.7104053,4200830,1984005,0.0,ERROR-PASSIVE,128,0,0,0,0,6,6,0
1788435149.7135155,4200849,1984005,0.0,ERROR-PASSIVE,128,0,0,0,0,6,6,0
1788435149.7234583,4200863,1984005,0.0,ERROR-PASSIVE,128,0,0,0,0,6,6,0
1788435149.7334778,4200881,1984005,0.0,ERROR-PASSIVE,128,0,0,0,0,6,6,0
1788435149.7434044,4200908,1984005,0.0,ERROR-PASSIVE,128,0,0,0,0,6,6,0
1788435149.7534783,4200941,1984005,0.0,ERROR-PASSIVE,128,0,0,0,0,6,6,0
1788435149.7692866,4200959,1984005,0.0,ERROR-PASSIVE,128,0,0,0,0,6,6,0
1788435149.7734325,4200969,1984005,0.0,ERROR-PASSIVE,128,0,0,0,0,6,6,0
1788435149.7835333,4200987,1984005,0.0,ERROR-PASSIVE,128,0,0,0,0,6,6,0
1788435149.7934377,4201008,1984005,0.0,ERROR-PASSIVE,128,0,0,0,0,6,6,0
1788435149.8034315,4201027,1984005,0.0,ERROR-PASSIVE,128,0,0,0,0,6,6,0
1788435149.8202324,4201043,1984005,0.0,ERROR-PASSIVE,128,0,0,0,0,6,6,0
1788435149.8234172,4201053,1984005,0.0,ERROR-PASSIVE,128,0,0,0,0,6,6,0
1788435149.8335114,4201075,1984005,0.0,ERROR-PASSIVE,128,0,0,0,0,6,6,0
1788435149.8435235,4201096,1984005,0.0,ERROR-PASSIVE,128,0,0,0,0,6,6,0
1788435149.8534672,4201135,1984005,0.0,ERROR-PASSIVE,128,0,0,0,0,6,6,0
1788435149.869026,4201174,1984005,0.0,ERROR-PASSIVE,128,0,0,0,0,6,6,0
1788435149.873425,4201206,1984005,0.0,ERROR-PASSIVE,128,0,0,0,0,6,6,0
1788435149.8834903,4201229,1984005,0.0,ERROR-PASSIVE,128,0,0,0,0,6,6,0
1788435149.8933814,4201250,1984005,0.0,ERROR-PASSIVE,128,0,0,0,0,6,6,0
1788435149.9035218,4201273,1984005,0.0,ERROR-PASSIVE,128,0,0,0,0,6,6,0
1788435149.913464,4201295,1984005,0.0,ERROR-PASSIVE,128,0,0,0,0,6,6,0
1788435149.9307077,4201318,1984005,0.0,ERROR-PASSIVE,128,0,0,0,0,6,6,0
1788435149.9334385,4201340,1984005,0.0,ERROR-PASSIVE,128,0,0,0,0,6,6,0
1788435149.943489,4201363,1984005,0.0,ERROR-PASSIVE,128,0,0,0,0,6,6,0
1788435149.9535134,4201381,1984005,0.0,ERROR-PASSIVE,128,0,0,0,0,6,6,0
1788435149.9634814,4201396,1984005,0.0,ERROR-PASSIVE,128,0,0,0,0,6,6,0
1788435149.9813375,4201413,1984005,0.0,ERROR-PASSIVE,128,0,0,0,0,6,6,0
1788435149.9833999,4201439,1984005,0.0,ERROR-PASSIVE,128,0,0,0,0,6,6,0
1788435149.9934788,4201473,1984005,0.0,ERROR-PASSIVE,128,0,0,0,0,6,6,0
1788435150.0034807,4201495,1984005,0.0,ERROR-PASSIVE,128,0,0,0,0,6,6,0
1788435150.0133448,4201505,1984005,0.0,ERROR-PASSIVE,128,0,0,0,0,6,6,0
1788435150.0234547,4201521,1984005,0.0,ERROR-PASSIVE,128,0,0,0,0,6,6,0
1788435150.0400145,4201557,1984005,0.0,ERROR-PASSIVE,128,0,0,0,0,6,6,0
1788435150.043404,4201580,1984005,0.0,ERROR-PASSIVE,128,0,0,0,0,6,6,0
1788435150.053501,4201602,1984005,0.0,ERROR-PASSIVE,128,0,0,0,0,6,6,0
1788435150.0634844,4201625,1984005,0.0,ERROR-PASSIVE,128,0,0,0,0,6,6,0
1788435150.073551,4201648,1984005,0.0,ERROR-PASSIVE,128,0,0,0,0,6,6,0
1788435150.087438,4201670,1984005,0.0,ERROR-PASSIVE,128,0,0,0,0,6,6,0
1788435150.0935056,4201691,1984005,0.0,ERROR-PASSIVE,128,0,0,0,0,6,6,0
1788435150.1034245,4201714,1984005,0.0,ERROR-PASSIVE,128,0,0,0,0,6,6,0
1788435150.1133413,4201730,1984005,0.0,ERROR-PASSIVE,128,0,0,0,0,6,6,0
1788435150.123476,4201746,1984005,0.0,ERROR-PASSIVE,128,0,0,0,0,6,6,0
1788435150.1333785,4201759,1984005,0.0,ERROR-PASSIVE,128,0,0,0,0,6,6,0
1788435150.1499033,4201778,1984005,0.0,ERROR-PASSIVE,128,0,0,0,0,6,6,0
1788435150.1534142,4201790,1984005,0.0,ERROR-PASSIVE,128,0,0,0,0,6,6,0
1788435150.1634018,4201804,1984005,0.0,ERROR-PASSIVE,128,0,0,0,0,6,6,0
1788435150.1733987,4201822,1984005,0.0,ERROR-PASSIVE,128,0,0,0,0,6,6,0
1788435150.1833878,4201840,1984005,0.0,ERROR-PASSIVE,128,0,0,0,0,6,6,0
1788435150.1996388,4201852,1984005,0.0,ERROR-PASSIVE,128,0,0,0,0,6,6,0
1788435150.203387,4201868,1984005,0.0,ERROR-PASSIVE,128,0,0,0,0,6,6,0
1788435150.213399,4201891,1984005,0.0,ERROR-PASSIVE,128,0,0,0,0,6,6,0
1788435150.2233536,4201921,1984005,0.0,ERROR-PASSIVE,128,0,0,0,0,6,6,0
1788435150.2333858,4201958,1984005,0.0,ERROR-PASSIVE,128,0,0,0,0,6,6,0
1788435150.2434063,4201990,1984005,0.0,ERROR-PASSIVE,128,0,0,0,0,6,6,0
1788435150.2586172,4202020,1984005,0.0,ERROR-PASSIVE,128,0,0,0,0,6,6,0
1788435150.2634304,4202054,1984005,0.0,ERROR-PASSIVE,128,0,0,0,0,6,6,0
1788435150.2734346,4202084,1984005,0.0,ERROR-PASSIVE,128,0,0,0,0,6,6,0
1788435150.283498,4202107,1984005,0.0,ERROR-PASSIVE,128,0,0,0,0,6,6,0
1788435150.293475,4202129,1984005,0.0,ERROR-PASSIVE,128,0,0,0,0,6,6,0
1788435150.31189,4202138,1984005,0.0,ERROR-PASSIVE,128,0,0,0,0,6,6,0
1788435150.3134296,4202158,1984005,0.0,ERROR-PASSIVE,128,0,0,0,0,6,6,0
1788435150.3233488,4202171,1984005,0.0,ERROR-PASSIVE,128,0,0,0,0,6,6,0
1788435150.3334076,4202197,1984005,0.0,ERROR-PASSIVE,128,0,0,0,0,6,6,0
1788435150.3433444,4202222,1984005,0.0,ERROR-PASSIVE,128,0,0,0,0,6,6,0
1788435150.3533864,4202242,1984005,0.0,ERROR-PASSIVE,128,0,0,0,0,6,6,0
1788435150.368472,4202262,1984005,0.0,ERROR-PASSIVE,128,0,0,0,0,6,6,0
1788435150.3733644,4202274,1984005,0.0,ERROR-PASSIVE,128,0,0,0,0,6,6,0
1788435150.3833942,4202300,1984005,0.0,ERROR-PASSIVE,128,0,0,0,0,6,6,0
1788435150.3934274,4202332,1984005,0.0,ERROR-PASSIVE,128,0,0,0,0,6,6,0
1788435150.4033957,4202352,1984005,0.0,ERROR-PASSIVE,128,0,0,0,0,6,6,0
1788435150.4205835,4202375,1984005,0.0,ERROR-PASSIVE,128,0,0,0,0,6,6,0
1788435150.4234233,4202398,1984005,0.0,ERROR-PASSIVE,128,0,0,0,0,6,6,0
1788435150.4334664,4202414,1984005,0.0,ERROR-PASSIVE,128,0,0,0,0,6,6,0
1788435150.4435499,4202434,1984005,0.0,ERROR-PASSIVE,128,0,0,0,0,6,6,0
1788435150.453444,4202455,1984005,0.0,ERROR-PASSIVE,128,0,0,0,0,6,6,0
1788435150.472264,4202478,1984005,0.0,ERROR-PASSIVE,128,0,0,0,0,6,6,0
1788435150.473452,4202501,1984005,0.0,ERROR-PASSIVE,128,0,0,0,0,6,6,0
1788435150.4834468,4202524,1984005,0.0,ERROR-PASSIVE,128,0,0,0,0,6,6,0
1788435150.493434,4202546,1984005,0.0,ERROR-PASSIVE,128,0,0,0,0,6,6,0
1788435150.5034668,4202568,1984005,0.0,ERROR-PASSIVE,128,0,0,0,0,6,6,0
1788435150.51346,4202591,1984005,0.0,ERROR-PASSIVE,128,0,0,0,0,6,6,0
1788435150.5283086,4202614,1984005,0.0,ERROR-PASSIVE,128,0,0,0,0,6,6,0
1788435150.5334835,4202637,1984005,0.0,ERROR-PASSIVE,128,0,0,0,0,6,6,0
1788435150.543404,4202660,1984005,0.0,ERROR-PASSIVE,128,0,0,0,0,6,6,0
1788435150.5534804,4202683,1984005,0.0,ERROR-PASSIVE,128,0,0,0,0,6,6,0
1788435150.563519,4202706,1984005,0.0,ERROR-PASSIVE,128,0,0,0,0,6,6,0
1788435150.5733652,4202729,1984005,0.0,ERROR-PASSIVE,128,0,0,0,0,6,6,0
1788435150.5917377,4202751,1984005,0.0,ERROR-PASSIVE,128,0,0,0,0,6,6,0
1788435150.5934794,4202774,1984005,0.0,ERROR-PASSIVE,128,0,0,0,0,6,6,0
1788435150.603452,4202796,1984005,0.0,ERROR-PASSIVE,128,0,0,0,0,6,6,0
1788435150.6134758,4202818,1984005,0.0,ERROR-PASSIVE,128,0,0,0,0,6,6,0
1788435150.6234946,4202834,1984005,0.0,ERROR-PASSIVE,128,0,0,0,0,6,6,0
1788435150.6334648,4202849,1984005,0.0,ERROR-PASSIVE,128,0,0,0,0,6,6,0
1788435150.6523137,4202865,1984005,0.0,ERROR-PASSIVE,128,0,0,0,0,6,6,0
1788435150.6533992,4202888,1984005,0.0,ERROR-PASSIVE,128,0,0,0,0,6,6,0
1788435150.6634083,4202903,1984005,0.0,ERROR-PASSIVE,128,0,0,0,0,6,6,0
1788435150.6734488,4202917,1984005,0.0,ERROR-PASSIVE,128,0,0,0,0,6,6,0
1788435150.6834335,4202935,1984005,0.0,ERROR-PASSIVE,128,0,0,0,0,6,6,0
1788435150.6993065,4202971,1984005,0.0,ERROR-PASSIVE,128,0,0,0,0,6,6,0
1788435150.7034154,4203008,1984005,0.0,ERROR-PASSIVE,128,0,0,0,0,6,6,0
1788435150.713496,4203045,1984005,0.0,ERROR-PASSIVE,128,0,0,0,0,6,6,0
1788435150.7235308,4203067,1984005,0.0,ERROR-PASSIVE,128,0,0,0,0,6,6,0
1788435150.73344,4203086,1984005,0.0,ERROR-PASSIVE,128,0,0,0,0,6,6,0
1788435150.7434876,4203097,1984005,0.0,ERROR-PASSIVE,128,0,0,0,0,6,6,0
1788435150.7588959,4203120,1984005,0.0,ERROR-PASSIVE,128,0,0,0,0,6,6,0
1788435150.763468,4203152,1984005,0.0,ERROR-PASSIVE,128,0,0,0,0,6,6,0
1788435150.773505,4203175,1984005,0.0,ERROR-PASSIVE,128,0,0,0,0,6,6,0
1788435150.7834358,4203192,1984005,0.0,ERROR-PASSIVE,128,0,0,0,0,6,6,0
1788435150.7934823,4203207,1984005,0.0,ERROR-PASSIVE,128,0,0,0,0,6,6,0
1788435150.8085575,4203223,1984005,0.0,ERROR-PASSIVE,128,0,0,0,0,6,6,0
1788435150.8134866,4203242,1984005,0.0,ERROR-PASSIVE,128,0,0,0,0,6,6,0
1788435150.8235235,4203258,1984005,0.0,ERROR-PASSIVE,128,0,0,0,0,6,6,0
1788435150.8334126,4203273,1984005,0.0,ERROR-PASSIVE,128,0,0,0,0,6,6,0
1788435150.8434594,4203287,1984005,0.0,ERROR-PASSIVE,128,0,0,0,0,6,6,0
1788435150.8580225,4203305,1984005,0.0,ERROR-PASSIVE,128,0,0,0,0,6,6,0
1788435150.863443,4203331,1984005,0.0,ERROR-PASSIVE,128,0,0,0,0,6,6,0
1788435150.8734126,4203366,1984005,0.0,ERROR-PASSIVE,128,0,0,0,0,6,6,0
1788435150.8834739,4203400,1984005,0.0,ERROR-PASSIVE,128,0,0,0,0,6,6,0
1788435150.893432,4203427,1984005,0.0,ERROR-PASSIVE,128,0,0,0,0,6,6,0
1788435150.9035225,4203454,1984005,0.0,ERROR-PASSIVE,128,0,0,0,0,6,6,0
1788435150.9183166,4203483,1984005,0.0,ERROR-PASSIVE,128,0,0,0,0,6,6,0
1788435150.9234488,4203506,1984005,0.0,ERROR-PASSIVE,128,0,0,0,0,6,6,0
1788435150.9334888,4203529,1984005,0.0,ERROR-PASSIVE,128,0,0,0,0,6,6,0
1788435150.9435554,4203552,1984005,0.0,ERROR-PASSIVE,128,0,0,0,0,6,6,0
1788435150.9535532,4203569,1984005,0.0,ERROR-PASSIVE,128,0,0,0,0,6,6,0
1788435150.9696043,4203597,1984005,0.0,ERROR-PASSIVE,128,0,0,0,0,6,6,0
1788435150.9733884,4203616,1984005,0.0,ERROR-PASSIVE,128,0,0,0,0,6,6,0
1788435150.983486,4203633,1984005,0.0,ERROR-PASSIVE,128,0,0,0,0,6,6,0
1788435150.993479,4203651,1984005,0.0,ERROR-PASSIVE,128,0,0,0,0,6,6,0
1788435151.0034938,4203670,1984005,0.0,ERROR-PASSIVE,128,0,0,0,0,6,6,0
1788435151.0197384,4203704,1984005,0.0,ERROR-PASSIVE,128,0,0,0,0,6,6,0
1788435151.0234385,4203728,1984005,0.0,ERROR-PASSIVE,128,0,0,0,0,6,6,0
1788435151.033496,4203742,1984005,0.0,ERROR-PASSIVE,128,0,0,0,0,6,6,0
1788435151.0434802,4203768,1984005,0.0,ERROR-PASSIVE,128,0,0,0,0,6,6,0
1788435151.0534768,4203786,1984005,0.0,ERROR-PASSIVE,128,0,0,0,0,6,6,0
1788435151.0702696,4203809,1984005,0.0,ERROR-PASSIVE,128,0,0,0,0,6,6,0
1788435151.0733836,4203832,1984005,0.0,ERROR-PASSIVE,128,0,0,0,0,6,6,0
1788435151.0833893,4203855,1984005,0.0,ERROR-PASSIVE,128,0,0,0,0,6,6,0
1788435151.0933437,4203875,1984005,0.0,ERROR-PASSIVE,128,0,0,0,0,6,6,0
1788435151.1034431,4203895,1984005,0.0,ERROR-PASSIVE,128,0,0,0,0,6,6,0
1788435151.113354,4203918,1984005,0.0,ERROR-PASSIVE,128,0,0,0,0,6,6,0
1788435151.130089,4203941,1984005,0.0,ERROR-PASSIVE,128,0,0,0,0,6,6,0
1788435151.133409,4203959,1984005,0.0,ERROR-PASSIVE,128,0,0,0,0,6,6,0
1788435151.1433973,4203972,1984005,0.0,ERROR-PASSIVE,128,0,0,0,0,6,6,0
1788435151.1533947,4203989,1984005,0.0,ERROR-PASSIVE,128,0,0,0,0,6,6,0
1788435151.163341,4204011,1984005,0.0,ERROR-PASSIVE,128,0,0,0,0,6,6,0
1788435151.1733856,4204027,1984005,0.0,ERROR-PASSIVE,128,0,0,0,0,6,6,0
1788435151.1890368,4204041,1984005,0.0,ERROR-PASSIVE,128,0,0,0,0,6,6,0
1788435151.1933932,4204055,1984005,0.0,ERROR-PASSIVE,128,0,0,0,0,6,6,0
1788435151.2034316,4204072,1984005,0.0,ERROR-PASSIVE,128,0,0,0,0,6,6,0
1788435151.2133512,4204087,1984005,0.0,ERROR-PASSIVE,128,0,0,0,0,6,6,0
1788435151.2233863,4204106,1984005,0.0,ERROR-PASSIVE,128,0,0,0,0,6,6,0
1788435151.23887,4204125,1984005,0.0,ERROR-PASSIVE,128,0,0,0,0,6,6,0
1788435151.2434607,4204143,1984005,0.0,ERROR-PASSIVE,128,0,0,0,0,6,6,0
1788435151.253438,4204156,1984005,0.0,ERROR-PASSIVE,128,0,0,0,0,6,6,0
1788435151.2633834,4204172,1984005,0.0,ERROR-PASSIVE,128,0,0,0,0,6,6,0
1788435151.273413,4204193,1984005,0.0,ERROR-PASSIVE,128,0,0,0,0,6,6,0
1788435151.29021,4204209,1984005,0.0,ERROR-PASSIVE,128,0,0,0,0,6,6,0
1788435151.2934024,4204225,1984005,0.0,ERROR-PASSIVE,128,0,0,0,0,6,6,0
1788435151.303477,4204241,1984005,0.0,ERROR-PASSIVE,128,0,0,0,0,6,6,0
1788435151.3134484,4204259,1984005,0.0,ERROR-PASSIVE,128,0,0,0,0,6,6,0
1788435151.3234103,4204293,1984005,0.0,ERROR-PASSIVE,128,0,0,0,0,6,6,0
1788435151.3334422,4204329,1984005,0.0,ERROR-PASSIVE,128,0,0,0,0,6,6,0
1788435151.3478105,4204364,1984005,0.0,ERROR-PASSIVE,128,0,0,0,0,6,6,0
1788435151.3534472,4204400,1984005,0.0,ERROR-PASSIVE,128,0,0,0,0,6,6,0
1788435151.3634734,4204436,1984005,0.0,ERROR-PASSIVE,128,0,0,0,0,6,6,0
1788435151.373546,4204472,1984005,0.0,ERROR-PASSIVE,128,0,0,0,0,6,6,0
1788435151.383465,4204505,1984005,0.0,ERROR-PASSIVE,128,0,0,0,0,6,6,0
1788435151.3999116,4204531,1984005,0.0,ERROR-PASSIVE,128,0,0,0,0,6,6,0
1788435151.4034414,4204553,1984005,0.0,ERROR-PASSIVE,128,0,0,0,0,6,6,0
1788435151.4134562,4204576,1984005,0.0,ERROR-PASSIVE,128,0,0,0,0,6,6,0
1788435151.423457,4204599,1984005,0.0,ERROR-PASSIVE,128,0,0,0,0,6,6,0
1788435151.4334493,4204622,1984005,0.0,ERROR-PASSIVE,128,0,0,0,0,6,6,0
1788435151.443447,4204643,1984005,0.0,ERROR-PASSIVE,128,0,0,0,0,6,6,0
1788435151.458441,4204666,1984005,0.0,ERROR-PASSIVE,128,0,0,0,0,6,6,0
1788435151.463615,4204686,1984005,0.0,ERROR-PASSIVE,128,0,0,0,0,6,6,0
1788435151.473535,4204702,1984005,0.0,ERROR-PASSIVE,128,0,0,0,0,6,6,0
1788435151.4834998,4204723,1984005,0.0,ERROR-PASSIVE,128,0,0,0,0,6,6,0
1788435151.4934938,4204746,1984005,0.0,ERROR-PASSIVE,128,0,0,0,0,6,6,0
1788435151.5081162,4204769,1984005,0.0,ERROR-PASSIVE,128,0,0,0,0,6,6,0
1788435151.513471,4204792,1984005,0.0,ERROR-PASSIVE,128,0,0,0,0,6,6,0
1788435151.5234969,4204806,1984005,0.0,ERROR-PASSIVE,128,0,0,0,0,6,6,0
1788435151.5335445,4204826,1984005,0.0,ERROR-PASSIVE,128,0,0,0,0,6,6,0
1788435151.543464,4204848,1984005,0.0,ERROR-PASSIVE,128,0,0,0,0,6,6,0
1788435151.5534873,4204871,1984005,0.0,ERROR-PASSIVE,128,0,0,0,0,6,6,0
1788435151.5703065,4204893,1984005,0.0,ERROR-PASSIVE,128,0,0,0,0,6,6,0
1788435151.5734284,4204916,1984005,0.0,ERROR-PASSIVE,128,0,0,0,0,6,6,0
1788435151.58347,4204939,1984005,0.0,ERROR-PASSIVE,128,0,0,0,0,6,6,0
1788435151.5934556,4204962,1984005,0.0,ERROR-PASSIVE,128,0,0,0,0,6,6,0
1788435151.6034417,4204984,1984005,0.0,ERROR-PASSIVE,128,0,0,0,0,6,6,0
1788435151.6134396,4205006,1984005,0.0,ERROR-PASSIVE,128,0,0,0,0,6,6,0
1788435151.628174,4205029,1984005,0.0,ERROR-PASSIVE,128,0,0,0,0,6,6,0
1788435151.6335206,4205052,1984005,0.0,ERROR-PASSIVE,128,0,0,0,0,6,6,0
1788435151.6435041,4205075,1984005,0.0,ERROR-PASSIVE,128,0,0,0,0,6,6,0
1788435151.6534746,4205097,1984005,0.0,ERROR-PASSIVE,128,0,0,0,0,6,6,0
1788435151.6635442,4205116,1984005,0.0,ERROR-PASSIVE,128,0,0,0,0,6,6,0
1788435151.6734648,4205139,1984005,0.0,ERROR-PASSIVE,128,0,0,0,0,6,6,0
1788435151.6905956,4205162,1984005,0.0,ERROR-PASSIVE,128,0,0,0,0,6,6,0
1788435151.6934648,4205185,1984005,0.0,ERROR-PASSIVE,128,0,0,0,0,6,6,0
1788435151.7034469,4205202,1984005,0.0,ERROR-PASSIVE,128,0,0,0,0,6,6,0
1788435151.7134748,4205225,1984005,0.0,ERROR-PASSIVE,128,0,0,0,0,6,6,0
1788435151.7234614,4205248,1984005,0.0,ERROR-PASSIVE,128,0,0,0,0,6,6,0
1788435151.733434,4205270,1984005,0.0,ERROR-PASSIVE,128,0,0,0,0,6,6,0
1788435151.7481515,4205292,1984005,0.0,ERROR-PASSIVE,128,0,0,0,0,6,6,0
1788435151.7534463,4205313,1984005,0.0,ERROR-PASSIVE,128,0,0,0,0,6,6,0
1788435151.763506,4205336,1984005,0.0,ERROR-PASSIVE,128,0,0,0,0,6,6,0
1788435151.7735279,4205358,1984005,0.0,ERROR-PASSIVE,128,0,0,0,0,6,6,0
1788435151.783535,4205380,1984005,0.0,ERROR-PASSIVE,128,0,0,0,0,6,6,0
1788435151.8005104,4205403,1984005,0.0,ERROR-PASSIVE,128,0,0,0,0,6,6,0
1788435151.8034298,4205423,1984005,0.0,ERROR-PASSIVE,128,0,0,0,0,6,6,0
1788435151.8134773,4205446,1984005,0.0,ERROR-PASSIVE,128,0,0,0,0,6,6,0
1788435151.8234823,4205469,1984005,0.0,ERROR-PASSIVE,128,0,0,0,0,6,6,0
1788435151.8334274,4205491,1984005,0.0,ERROR-PASSIVE,128,0,0,0,0,6,6,0
1788435151.8434355,4205512,1984005,0.0,ERROR-PASSIVE,128,0,0,0,0,6,6,0
1788435151.858642,4205535,1984005,0.0,ERROR-PASSIVE,128,0,0,0,0,6,6,0
1788435151.8634608,4205557,1984005,0.0,ERROR-PASSIVE,128,0,0,0,0,6,6,0
1788435151.8734407,4205580,1984005,0.0,ERROR-PASSIVE,128,0,0,0,0,6,6,0
1788435151.8834307,4205603,1984005,0.0,ERROR-PASSIVE,128,0,0,0,0,6,6,0
1788435151.893423,4205626,1984005,0.0,ERROR-PASSIVE,128,0,0,0,0,6,6,0
1788435151.9034288,4205649,1984005,0.0,ERROR-PASSIVE,128,0,0,0,0,6,6,0
1788435151.919645,4205671,1984005,0.0,ERROR-PASSIVE,128,0,0,0,0,6,6,0
1788435151.9233923,4205689,1984005,0.0,ERROR-PASSIVE,128,0,0,0,0,6,6,0
1788435151.933384,4205712,1984005,0.0,ERROR-PASSIVE,128,0,0,0,0,6,6,0
1788435151.9434483,4205734,1984005,0.0,ERROR-PASSIVE,128,0,0,0,0,6,6,0
1788435151.953429,4205757,1984005,0.0,ERROR-PASSIVE,128,0,0,0,0,6,6,0
1788435151.9703999,4205779,1984005,0.0,ERROR-PASSIVE,128,0,0,0,0,6,6,0
1788435151.9733908,4205802,1984005,0.0,ERROR-PASSIVE,128,0,0,0,0,6,6,0
1788435151.9834123,4205825,1984005,0.0,ERROR-PASSIVE,128,0,0,0,0,6,6,0
1788435151.9934504,4205846,1984005,0.0,ERROR-PASSIVE,128,0,0,0,0,6,6,0
1788435152.0034008,4205869,1984005,0.0,ERROR-PASSIVE,128,0,0,0,0,6,6,0
1788435152.0133848,4205891,1984005,0.0,ERROR-PASSIVE,128,0,0,0,0,6,6,0
1788435152.0282977,4205908,1984005,0.0,ERROR-PASSIVE,128,0,0,0,0,6,6,0
1788435152.0334337,4205922,1984005,0.0,ERROR-PASSIVE,128,0,0,0,0,6,6,0
1788435152.043413,4205934,1984005,0.0,ERROR-PASSIVE,128,0,0,0,0,6,6,0
1788435152.0534549,4205953,1984005,0.0,ERROR-PASSIVE,128,0,0,0,0,6,6,0
1788435152.0634642,4205972,1984005,0.0,ERROR-PASSIVE,128,0,0,0,0,6,6,0
1788435152.077929,4205986,1984005,0.0,ERROR-PASSIVE,128,0,0,0,0,6,6,0
1788435152.0835304,4206001,1984005,0.0,ERROR-PASSIVE,128,0,0,0,0,6,6,0
1788435152.0934415,4206024,1984005,0.0,ERROR-PASSIVE,128,0,0,0,0,6,6,0
1788435152.10341,4206058,1984005,0.0,ERROR-PASSIVE,128,0,0,0,0,6,6,0
1788435152.1133907,4206094,1984005,0.0,ERROR-PASSIVE,128,0,0,0,0,6,6,0
1788435152.1233857,4206117,1984005,0.0,ERROR-PASSIVE,128,0,0,0,0,6,6,0
1788435152.1413004,4206140,1984005,0.0,ERROR-PASSIVE,128,0,0,0,0,6,6,0
1788435152.1434343,4206162,1984005,0.0,ERROR-PASSIVE,128,0,0,0,0,6,6,0
1788435152.1534514,4206185,1984005,0.0,ERROR-PASSIVE,128,0,0,0,0,6,6,0
1788435152.1634443,4206208,1984005,0.0,ERROR-PASSIVE,128,0,0,0,0,6,6,0
1788435152.173423,4206229,1984005,0.0,ERROR-PASSIVE,128,0,0,0,0,6,6,0
1788435152.183451,4206252,1984005,0.0,ERROR-PASSIVE,128,0,0,0,0,6,6,0
1788435152.2006252,4206275,1984005,0.0,ERROR-PASSIVE,128,0,0,0,0,6,6,0
1788435152.203464,4206294,1984005,0.0,ERROR-PASSIVE,128,0,0,0,0,6,6,0
1788435152.2134743,4206316,1984005,0.0,ERROR-PASSIVE,128,0,0,0,0,6,6,0
1788435152.2234464,4206339,1984005,0.0,ERROR-PASSIVE,128,0,0,0,0,6,6,0
1788435152.233464,4206361,1984005,0.0,ERROR-PASSIVE,128,0,0,0,0,6,6,0
1788435152.2508247,4206383,1984005,0.0,ERROR-PASSIVE,128,0,0,0,0,6,6,0
1788435152.2534037,4206406,1984005,0.0,ERROR-PASSIVE,128,0,0,0,0,6,6,0
1788435152.2637727,4206429,1984005,0.0,ERROR-PASSIVE,128,0,0,0,0,6,6,0
1788435152.2733998,4206452,1984005,0.0,ERROR-PASSIVE,128,0,0,0,0,6,6,0
1788435152.283442,4206468,1984005,0.0,ERROR-PASSIVE,128,0,0,0,0,6,6,0
1788435152.293491,4206491,1984005,0.0,ERROR-PASSIVE,128,0,0,0,0,6,6,0
1788435152.3081913,4206513,1984005,0.0,ERROR-PASSIVE,128,0,0,0,0,6,6,0
1788435152.313442,4206535,1984005,0.0,ERROR-PASSIVE,128,0,0,0,0,6,6,0
1788435152.3234358,4206558,1984005,0.0,ERROR-PASSIVE,128,0,0,0,0,6,6,0
1788435152.3334134,4206580,1984005,0.0,ERROR-PASSIVE,128,0,0,0,0,6,6,0
1788435152.343423,4206602,1984005,0.0,ERROR-PASSIVE,128,0,0,0,0,6,6,0
1788435152.3534188,4206625,1984005,0.0,ERROR-PASSIVE,128,0,0,0,0,6,6,0
1788435152.3709948,4206648,1984005,0.0,ERROR-PASSIVE,128,0,0,0,0,6,6,0
1788435152.37357,4206668,1984005,0.0,ERROR-PASSIVE,128,0,0,0,0,6,6,0
1788435152.3834498,4206685,1984005,0.0,ERROR-PASSIVE,128,0,0,0,0,6,6,0
1788435152.393464,4206716,1984005,0.0,ERROR-PASSIVE,128,0,0,0,0,6,6,0
1788435152.4034941,4206738,1984005,0.0,ERROR-PASSIVE,128,0,0,0,0,6,6,0
1788435152.413455,4206758,1984005,0.0,ERROR-PASSIVE,128,0,0,0,0,6,6,0
1788435152.4305966,4206772,1984005,0.0,ERROR-PASSIVE,128,0,0,0,0,6,6,0
1788435152.4334261,4206799,1984005,0.0,ERROR-PASSIVE,128,0,0,0,0,6,6,0
1788435152.4434078,4206820,1984005,0.0,ERROR-PASSIVE,128,0,0,0,0,6,6,0
1788435152.453477,4206843,1984005,0.0,ERROR-PASSIVE,128,0,0,0,0,6,6,0
1788435152.4633965,4206865,1984005,0.0,ERROR-PASSIVE,128,0,0,0,0,6,6,0
1788435152.4734566,4206888,1984005,0.0,ERROR-PASSIVE,128,0,0,0,0,6,6,0
1788435152.48868,4206901,1984005,0.0,ERROR-PASSIVE,128,0,0,0,0,6,6,0
1788435152.4934156,4206929,1984005,0.0,ERROR-PASSIVE,128,0,0,0,0,6,6,0
1788435152.5035741,4206952,1984005,0.0,ERROR-PASSIVE,128,0,0,0,0,6,6,0
1788435152.5135105,4206970,1984005,0.0,ERROR-PASSIVE,128,0,0,0,0,6,6,0
1788435152.523547,4206992,1984005,0.0,ERROR-PASSIVE,128,0,0,0,0,6,6,0
1788435152.5334666,4207014,1984005,0.0,ERROR-PASSIVE,128,0,0,0,0,6,6,0
1788435152.549866,4207037,1984005,0.0,ERROR-PASSIVE,128,0,0,0,0,6,6,0
1788435152.5534449,4207060,1984005,0.0,ERROR-PASSIVE,128,0,0,0,0,6,6,0
1788435152.5634842,4207078,1984005,0.0,ERROR-PASSIVE,128,0,0,0,0,6,6,0
1788435152.5734973,4207099,1984005,0.0,ERROR-PASSIVE,128,0,0,0,0,6,6,0
1788435152.5834205,4207122,1984005,0.0,ERROR-PASSIVE,128,0,0,0,0,6,6,0
1788435152.5934618,4207143,1984005,0.0,ERROR-PASSIVE,128,0,0,0,0,6,6,0
1788435152.6086354,4207160,1984005,0.0,ERROR-PASSIVE,128,0,0,0,0,6,6,0
1788435152.613415,4207183,1984005,0.0,ERROR-PASSIVE,128,0,0,0,0,6,6,0
1788435152.6234987,4207205,1984005,0.0,ERROR-PASSIVE,128,0,0,0,0,6,6,0
1788435152.6334136,4207227,1984005,0.0,ERROR-PASSIVE,128,0,0,0,0,6,6,0
1788435152.6434677,4207243,1984005,0.0,ERROR-PASSIVE,128,0,0,0,0,6,6,0
1788435152.653418,4207266,1984005,0.0,ERROR-PASSIVE,128,0,0,0,0,6,6,0
1788435152.670302,4207289,1984005,0.0,ERROR-PASSIVE,128,0,0,0,0,6,6,0
1788435152.6735187,4207310,1984005,0.0,ERROR-PASSIVE,128,0,0,0,0,6,6,0
1788435152.6834617,4207327,1984005,0.0,ERROR-PASSIVE,128,0,0,0,0,6,6,0
1788435152.6935084,4207346,1984005,0.0,ERROR-PASSIVE,128,0,0,0,0,6,6,0
1788435152.7034297,4207365,1984005,0.0,ERROR-PASSIVE,128,0,0,0,0,6,6,0
1788435152.7204912,4207387,1984005,0.0,ERROR-PASSIVE,128,0,0,0,0,6,6,0
1788435152.723425,4207410,1984005,0.0,ERROR-PASSIVE,128,0,0,0,0,6,6,0
1788435152.7334578,4207433,1984005,0.0,ERROR-PASSIVE,128,0,0,0,0,6,6,0
1788435152.743506,4207453,1984005,0.0,ERROR-PASSIVE,128,0,0,0,0,6,6,0
1788435152.7534318,4207476,1984005,0.0,ERROR-PASSIVE,128,0,0,0,0,6,6,0
1788435152.7708256,4207499,1984005,0.0,ERROR-PASSIVE,128,0,0,0,0,6,6,0
1788435152.7734325,4207520,1984005,0.0,ERROR-PASSIVE,128,0,0,0,0,6,6,0
1788435152.7834651,4207542,1984005,0.0,ERROR-PASSIVE,128,0,0,0,0,6,6,0
1788435152.793438,4207562,1984005,0.0,ERROR-PASSIVE,128,0,0,0,0,6,6,0
1788435152.803558,4207584,1984005,0.0,ERROR-PASSIVE,128,0,0,0,0,6,6,0
1788435152.8134882,4207605,1984005,0.0,ERROR-PASSIVE,128,0,0,0,0,6,6,0
1788435152.830739,4207627,1984005,0.0,ERROR-PASSIVE,128,0,0,0,0,6,6,0
1788435152.8333943,4207650,1984005,0.0,ERROR-PASSIVE,128,0,0,0,0,6,6,0
1788435152.8434196,4207673,1984005,0.0,ERROR-PASSIVE,128,0,0,0,0,6,6,0
1788435152.8534677,4207696,1984005,0.0,ERROR-PASSIVE,128,0,0,0,0,6,6,0
1788435152.8633897,4207718,1984005,0.0,ERROR-PASSIVE,128,0,0,0,0,6,6,0
1788435152.8782668,4207740,1984005,0.0,ERROR-PASSIVE,128,0,0,0,0,6,6,0
1788435152.883441,4207763,1984005,0.0,ERROR-PASSIVE,128,0,0,0,0,6,6,0
1788435152.8938894,4207786,1984005,0.0,ERROR-PASSIVE,128,0,0,0,0,6,6,0
1788435152.9034212,4207806,1984005,0.0,ERROR-PASSIVE,128,0,0,0,0,6,6,0
1788435152.9135697,4207827,1984005,0.0,ERROR-PASSIVE,128,0,0,0,0,6,6,0
1788435152.9308448,4207850,1984005,0.0,ERROR-PASSIVE,128,0,0,0,0,6,6,0
1788435152.93343,4207872,1984005,0.0,ERROR-PASSIVE,128,0,0,0,0,6,6,0
1788435152.9438488,4207893,1984005,0.0,ERROR-PASSIVE,128,0,0,0,0,6,6,0
1788435152.9535546,4207916,1984005,0.0,ERROR-PASSIVE,128,0,0,0,0,6,6,0
1788435152.9634604,4207939,1984005,0.0,ERROR-PASSIVE,128,0,0,0,0,6,6,0
1788435152.980341,4207961,1984005,0.0,ERROR-PASSIVE,128,0,0,0,0,6,6,0
1788435152.9834368,4207977,1984005,0.0,ERROR-PASSIVE,128,0,0,0,0,6,6,0
1788435152.99346,4207998,1984005,0.0,ERROR-PASSIVE,128,0,0,0,0,6,6,0
1788435153.0034523,4208017,1984005,0.0,ERROR-PASSIVE,128,0,0,0,0,6,6,0
1788435153.0134835,4208039,1984005,0.0,ERROR-PASSIVE,128,0,0,0,0,6,6,0
1788435153.0320158,4208058,1984005,0.0,ERROR-PASSIVE,128,0,0,0,0,6,6,0
1788435153.0334392,4208077,1984005,0.0,ERROR-PASSIVE,128,0,0,0,0,6,6,0
1788435153.043473,4208091,1984005,0.0,ERROR-PASSIVE,128,0,0,0,0,6,6,0
1788435153.0534256,4208109,1984005,0.0,ERROR-PASSIVE,128,0,0,0,0,6,6,0
1788435153.0634754,4208124,1984005,0.0,ERROR-PASSIVE,128,0,0,0,0,6,6,0
1788435153.0734003,4208133,1984005,0.0,ERROR-PASSIVE,128,0,0,0,0,6,6,0
1788435153.0888307,4208151,1984005,0.0,ERROR-PASSIVE,128,0,0,0,0,6,6,0
1788435153.0933988,4208166,1984005,0.0,ERROR-PASSIVE,128,0,0,0,0,6,6,0
1788435153.103488,4208183,1984005,0.0,ERROR-PASSIVE,128,0,0,0,0,6,6,0
1788435153.1134686,4208203,1984005,0.0,ERROR-PASSIVE,128,0,0,0,0,6,6,0
1788435153.1234503,4208222,1984005,0.0,ERROR-PASSIVE,128,0,0,0,0,6,6,0
1788435153.1383286,4208257,1984005,0.0,ERROR-PASSIVE,128,0,0,0,0,6,6,0
1788435153.1434348,4208294,1984005,0.0,ERROR-PASSIVE,128,0,0,0,0,6,6,0
1788435153.1534553,4208328,1984005,0.0,ERROR-PASSIVE,128,0,0,0,0,6,6,0
1788435153.1634793,4208362,1984005,0.0,ERROR-PASSIVE,128,0,0,0,0,6,6,0
1788435153.1734943,4208396,1984005,0.0,ERROR-PASSIVE,128,0,0,0,0,6,6,0
1788435153.183414,4208418,1984005,0.0,ERROR-PASSIVE,128,0,0,0,0,6,6,0
1788435153.199379,4208441,1984005,0.0,ERROR-PASSIVE,128,0,0,0,0,6,6,0
1788435153.203424,4208464,1984005,0.0,ERROR-PASSIVE,128,0,0,0,0,6,6,0
1788435153.2134056,4208487,1984005,0.0,ERROR-PASSIVE,128,0,0,0,0,6,6,0
1788435153.223415,4208504,1984005,0.0,ERROR-PASSIVE,128,0,0,0,0,6,6,0
1788435153.2335088,4208517,1984005,0.0,ERROR-PASSIVE,128,0,0,0,0,6,6,0
1788435153.2510333,4208549,1984005,0.0,ERROR-PASSIVE,128,0,0,0,0,6,6,0
1788435153.253467,4208571,1984005,0.0,ERROR-PASSIVE,128,0,0,0,0,6,6,0
1788435153.2634153,4208594,1984005,0.0,ERROR-PASSIVE,128,0,0,0,0,6,6,0
1788435153.2735083,4208614,1984005,0.0,ERROR-PASSIVE,128,0,0,0,0,6,6,0
1788435153.2834108,4208637,1984005,0.0,ERROR-PASSIVE,128,0,0,0,0,6,6,0
1788435153.2934701,4208659,1984005,0.0,ERROR-PASSIVE,128,0,0,0,0,6,6,0
1788435153.307988,4208677,1984005,0.0,ERROR-PASSIVE,128,0,0,0,0,6,6,0
1788435153.3135068,4208700,1984005,0.0,ERROR-PASSIVE,128,0,0,0,0,6,6,0
1788435153.323526,4208723,1984005,0.0,ERROR-PASSIVE,128,0,0,0,0,6,6,0
1788435153.3334084,4208746,1984005,0.0,ERROR-PASSIVE,128,0,0,0,0,6,6,0
1788435153.3435478,4208768,1984005,0.0,ERROR-PASSIVE,128,0,0,0,0,6,6,0
1788435153.3579016,4208787,1984005,0.0,ERROR-PASSIVE,128,0,0,0,0,6,6,0
1788435153.3634322,4208804,1984005,0.0,ERROR-PASSIVE,128,0,0,0,0,6,6,0
1788435153.3734927,4208819,1984005,0.0,ERROR-PASSIVE,128,0,0,0,0,6,6,0
1788435153.3834128,4208835,1984005,0.0,ERROR-PASSIVE,128,0,0,0,0,6,6,0
1788435153.3934646,4208855,1984005,0.0,ERROR-PASSIVE,128,0,0,0,0,6,6,0
1788435153.4034278,4208874,1984005,0.0,ERROR-PASSIVE,128,0,0,0,0,6,6,0
1788435153.420262,4208910,1984005,0.0,ERROR-PASSIVE,128,0,0,0,0,6,6,0
1788435153.4234762,4208943,1984005,0.0,ERROR-PASSIVE,128,0,0,0,0,6,6,0
1788435153.4334161,4208964,1984005,0.0,ERROR-PASSIVE,128,0,0,0,0,6,6,0
1788435153.4434893,4208987,1984005,0.0,ERROR-PASSIVE,128,0,0,0,0,6,6,0
1788435153.4534144,4209010,1984005,0.0,ERROR-PASSIVE,128,0,0,0,0,6,6,0
1788435153.471594,4209033,1984005,0.0,ERROR-PASSIVE,128,0,0,0,0,6,6,0
1788435153.4734216,4209052,1984005,0.0,ERROR-PASSIVE,128,0,0,0,0,6,6,0
1788435153.4834502,4209075,1984005,0.0,ERROR-PASSIVE,128,0,0,0,0,6,6,0
1788435153.4933825,4209098,1984005,0.0,ERROR-PASSIVE,128,0,0,0,0,6,6,0
1788435153.5034533,4209119,1984005,0.0,ERROR-PASSIVE,128,0,0,0,0,6,6,0
1788435153.5133905,4209141,1984005,0.0,ERROR-PASSIVE,128,0,0,0,0,6,6,0
1788435153.5332086,4209164,1984005,0.0,ERROR-PASSIVE,128,0,0,0,0,6,6,0
1788435153.5334182,4209187,1984005,0.0,ERROR-PASSIVE,128,0,0,0,0,6,6,0
1788435153.5435536,4209208,1984005,0.0,ERROR-PASSIVE,128,0,0,0,0,6,6,0
1788435153.553568,4209227,1984005,0.0,ERROR-PASSIVE,128,0,0,0,0,6,6,0
1788435153.5634704,4209250,1984005,0.0,ERROR-PASSIVE,128,0,0,0,0,6,6,0
1788435153.5799794,4209273,1984005,0.0,ERROR-PASSIVE,128,0,0,0,0,6,6,0
1788435153.5835083,4209296,1984005,0.0,ERROR-PASSIVE,128,0,0,0,0,6,6,0
1788435153.5935454,4209319,1984005,0.0,ERROR-PASSIVE,128,0,0,0,0,6,6,0
1788435153.6034987,4209333,1984005,0.0,ERROR-PASSIVE,128,0,0,0,0,6,6,0
1788435153.6135457,4209354,1984005,0.0,ERROR-PASSIVE,128,0,0,0,0,6,6,0
1788435153.6306012,4209382,1984005,0.0,ERROR-PASSIVE,128,0,0,0,0,6,6,0
1788435153.6335516,4209405,1984005,0.0,ERROR-PASSIVE,128,0,0,0,0,6,6,0
1788435153.6435592,4209427,1984005,0.0,ERROR-PASSIVE,128,0,0,0,0,6,6,0
1788435153.653606,4209442,1984005,0.0,ERROR-PASSIVE,128,0,0,0,0,6,6,0
1788435153.6635573,4209452,1984005,0.0,ERROR-PASSIVE,128,0,0,0,0,6,6,0
1788435153.6805136,4209479,1984005,0.0,ERROR-PASSIVE,128,0,0,0,0,6,6,0
1788435153.6835325,4209515,1984005,0.0,ERROR-PASSIVE,128,0,0,0,0,6,6,0
1788435153.6935725,4209540,1984005,0.0,ERROR-PASSIVE,128,0,0,0,0,6,6,0
1788435153.7035136,4209563,1984005,0.0,ERROR-PASSIVE,128,0,0,0,0,6,6,0
1788435153.713573,4209586,1984005,0.0,ERROR-PASSIVE,128,0,0,0,0,6,6,0
1788435153.7310221,4209609,1984005,0.0,ERROR-PASSIVE,128,0,0,0,0,6,6,0
1788435153.7335532,4209631,1984005,0.0,ERROR-PASSIVE,128,0,0,0,0,6,6,0
1788435153.7435453,4209654,1984005,0.0,ERROR-PASSIVE,128,0,0,0,0,6,6,0
1788435153.7536428,4209676,1984005,0.0,ERROR-PASSIVE,128,0,0,0,0,6,6,0
1788435153.7635868,4209699,1984005,0.0,ERROR-PASSIVE,128,0,0,0,0,6,6,0
1788435153.7735603,4209722,1984005,0.0,ERROR-PASSIVE,128,0,0,0,0,6,6,0
1788435153.7903273,4209743,1984005,0.0,ERROR-PASSIVE,128,0,0,0,0,6,6,0
1788435153.793519,4209764,1984005,0.0,ERROR-PASSIVE,128,0,0,0,0,6,6,0
1788435153.8035784,4209784,1984005,0.0,ERROR-PASSIVE,128,0,0,0,0,6,6,0
1788435153.8135304,4209807,1984005,0.0,ERROR-PASSIVE,128,0,0,0,0,6,6,0
1788435153.8235426,4209829,1984005,0.0,ERROR-PASSIVE,128,0,0,0,0,6,6,0
1788435153.8335412,4209852,1984005,0.0,ERROR-PASSIVE,128,0,0,0,0,6,6,0
1788435153.8530247,4209875,1984005,0.0,ERROR-PASSIVE,128,0,0,0,0,6,6,0
1788435153.8535142,4209893,1984005,0.0,ERROR-PASSIVE,128,0,0,0,0,6,6,0
1788435153.8635561,4209916,1984005,0.0,ERROR-PASSIVE,128,0,0,0,0,6,6,0
1788435153.8735766,4209941,1984005,0.0,ERROR-PASSIVE,128,0,0,0,0,6,6,0
1788435153.8835154,4209962,1984005,0.0,ERROR-PASSIVE,128,0,0,0,0,6,6,0
1788435153.9027767,4209985,1984005,0.0,ERROR-PASSIVE,128,0,0,0,0,6,6,0
1788435153.903498,4210005,1984005,0.0,ERROR-PASSIVE,128,0,0,0,0,6,6,0
1788435153.913559,4210028,1984005,0.0,ERROR-PASSIVE,128,0,0,0,0,6,6,0
1788435153.923564,4210041,1984005,0.0,ERROR-PASSIVE,128,0,0,0,0,6,6,0
1788435153.933573,4210057,1984005,0.0,ERROR-PASSIVE,128,0,0,0,0,6,6,0
1788435153.9504185,4210090,1984005,0.0,ERROR-PASSIVE,128,0,0,0,0,6,6,0
1788435153.9535584,4210113,1984005,0.0,ERROR-PASSIVE,128,0,0,0,0,6,6,0
1788435153.9634962,4210136,1984005,0.0,ERROR-PASSIVE,128,0,0,0,0,6,6,0
1788435153.9736083,4210159,1984005,0.0,ERROR-PASSIVE,128,0,0,0,0,6,6,0
1788435153.9835658,4210182,1984005,0.0,ERROR-PASSIVE,128,0,0,0,0,6,6,0
1788435153.9934916,4210204,1984005,0.0,ERROR-PASSIVE,128,0,0,0,0,6,6,0
1788435154.0099661,4210219,1984005,0.0,ERROR-PASSIVE,128,0,0,0,0,6,6,0
1788435154.013506,4210235,1984005,0.0,ERROR-PASSIVE,128,0,0,0,0,6,6,0
1788435154.023667,4210250,1984005,0.0,ERROR-PASSIVE,128,0,0,0,0,6,6,0
1788435154.0336156,4210269,1984005,0.0,ERROR-PASSIVE,128,0,0,0,0,6,6,0
1788435154.0435805,4210283,1984005,0.0,ERROR-PASSIVE,128,0,0,0,0,6,6,0
1788435154.0535643,4210299,1984005,0.0,ERROR-PASSIVE,128,0,0,0,0,6,6,0
1788435154.071425,4210316,1984005,0.0,ERROR-PASSIVE,128,0,0,0,0,6,6,0
1788435154.0735269,4210335,1984005,0.0,ERROR-PASSIVE,128,0,0,0,0,6,6,0
1788435154.0835912,4210346,1984005,0.0,ERROR-PASSIVE,128,0,0,0,0,6,6,0
1788435154.093591,4210352,1984005,0.0,ERROR-PASSIVE,128,0,0,0,0,6,6,0
1788435154.1035316,4210374,1984005,0.0,ERROR-PASSIVE,128,0,0,0,0,6,6,0
1788435154.120783,4210391,1984005,0.0,ERROR-PASSIVE,128,0,0,0,0,6,6,0
1788435154.1235907,4210418,1984005,0.0,ERROR-PASSIVE,128,0,0,0,0,6,6,0
1788435154.1335638,4210454,1984005,0.0,ERROR-PASSIVE,128,0,0,0,0,6,6,0
1788435154.1435733,4210487,1984005,0.0,ERROR-PASSIVE,128,0,0,0,0,6,6,0
1788435154.1536307,4210518,1984005,0.0,ERROR-PASSIVE,128,0,0,0,0,6,6,0
1788435154.1635826,4210553,1984005,0.0,ERROR-PASSIVE,128,0,0,0,0,6,6,0
1788435154.1788867,4210585,1984005,0.0,ERROR-PASSIVE,128,0,0,0,0,6,6,0
1788435154.1835272,4210608,1984005,0.0,ERROR-PASSIVE,128,0,0,0,0,6,6,0
1788435154.1935194,4210631,1984005,0.0,ERROR-PASSIVE,128,0,0,0,0,6,6,0
1788435154.2035723,4210650,1984005,0.0,ERROR-PASSIVE,128,0,0,0,0,6,6,0
1788435154.2135732,4210665,1984005,0.0,ERROR-PASSIVE,128,0,0,0,0,6,6,0
1788435154.230265,4210681,1984005,0.0,ERROR-PASSIVE,128,0,0,0,0,6,6,0
1788435154.233491,4210697,1984005,0.0,ERROR-PASSIVE,128,0,0,0,0,6,6,0
1788435154.2435727,4210713,1984005,0.0,ERROR-PASSIVE,128,0,0,0,0,6,6,0
1788435154.25356,4210728,1984005,0.0,ERROR-PASSIVE,128,0,0,0,0,6,6,0
1788435154.2634962,4210746,1984005,0.0,ERROR-PASSIVE,128,0,0,0,0,6,6,0
1788435154.2734807,4210764,1984005,0.0,ERROR-PASSIVE,128,0,0,0,0,6,6,0
1788435154.2919564,4210789,1984005,0.0,ERROR-PASSIVE,128,0,0,0,0,6,6,0
